user_id,variant,assigned_at,platform,region,user_tenure
USR00001,control,2026-05-01T00:00:00Z,Desktop,United States,Existing
USR00002,control,2026-05-01T00:00:00Z,Desktop,United States,Existing
USR00003,improved_results,2026-05-01T00:00:00Z,Desktop,United States,Existing
USR00004,control,2026-05-01T00:00:00Z,Mobile,United States,Existing
USR00005,control,2026-05-01T00:00:00Z,Desktop,United States,Existing
USR00006,improved_results,2026-05-01T00:00:00Z,Mobile,United Kingdom,Existing
USR00007,control,2026-05-01T00:00:00Z,Mobile,United States,Existing
USR00008,control,2026-05-01T00:00:00Z,Mobile,Other,Existing
USR00009,improved_results,2026-05-01T00:00:00Z,Mobile,United States,Existing
USR00010,improved_results,2026-05-01T00:00:00Z,Desktop,United States,Existing
USR00011,control,2026-05-01T00:00:00Z,Mobile,Other,Existing
USR00012,improved_results,2026-05-01T00:00:00Z,Mobile,United States,Existing
USR00013,improved_results,2026-05-01T00:00:00Z,Mobile,United States,Existing
USR00014,improved_results,2026-05-01T00:00:00Z,Mobile,United States,Existing
USR00015,control,2026-05-01T00:00:00Z,Desktop,United States,Existing
USR00016,improved_results,2026-05-01T00:00:00Z,Mobile,United States,New
USR00017,control,2026-05-01T00:00:00Z,Mobile,United States,Existing
USR00018,improved_results,2026-05-01T00:00:00Z,Mobile,Other,Existing
USR00019,improved_results,2026-05-01T00:00:00Z,Mobile,United Kingdom,New
USR00020,control,2026-05-01T00:00:00Z,Mobile,Canada,Existing
USR00021,improved_results,2026-05-01T00:00:00Z,Desktop,United States,Existing
USR00022,control,2026-05-01T00:00:00Z,Desktop,United Kingdom,Existing
USR00023,control,2026-05-01T00:00:00Z,Mobile,Canada,New
USR00024,control,2026-05-01T00:00:00Z,Desktop,United States,Existing
USR00025,improved_results,2026-05-01T00:00:00Z,Mobile,United States,Existing
USR00026,control,2026-05-01T00:00:00Z,Mobile,United States,Existing
USR00027,improved_results,2026-05-01T00:00:00Z,Mobile,Canada,Existing
USR00028,improved_results,2026-05-01T00:00:00Z,TV,United States,Existing
USR00029,control,2026-05-01T00:00:00Z,Mobile,United States,Existing
USR00030,improved_results,2026-05-01T00:00:00Z,Mobile,United States,New
USR00031,control,2026-05-01T00:00:00Z,Mobile,United States,Existing
USR00032,control,2026-05-01T00:00:00Z,TV,United States,Existing
USR00033,control,2026-05-01T00:00:00Z,Desktop,United States,New
USR00034,control,2026-05-01T00:00:00Z,Mobile,United States,Existing
USR00035,improved_results,2026-05-01T00:00:00Z,Mobile,United States,Existing
USR00036,control,2026-05-01T00:00:00Z,Desktop,Other,New
USR00037,control,2026-05-01T00:00:00Z,Mobile,United Kingdom,Existing
USR00038,control,2026-05-01T00:00:00Z,Mobile,United States,New
USR00039,improved_results,2026-05-01T00:00:00Z,TV,United States,Existing
USR00040,improved_results,2026-05-01T00:00:00Z,Mobile,United States,New
USR00041,control,2026-05-01T00:00:00Z,Desktop,United States,New
USR00042,control,2026-05-01T00:00:00Z,Mobile,Other,New
USR00043,control,2026-05-01T00:00:00Z,Desktop,United States,Existing
USR00044,improved_results,2026-05-01T00:00:00Z,Mobile,United States,New
USR00045,improved_results,2026-05-01T00:00:00Z,Mobile,United Kingdom,Existing
USR00046,improved_results,2026-05-01T00:00:00Z,Mobile,United States,Existing
USR00047,control,2026-05-01T00:00:00Z,Desktop,United States,Existing
USR00048,improved_results,2026-05-01T00:00:00Z,Mobile,United States,Existing
USR00049,control,2026-05-01T00:00:00Z,Mobile,United States,Existing
USR00050,control,2026-05-01T00:00:00Z,Mobile,Other,New
USR00051,improved_results,2026-05-01T00:00:00Z,Desktop,United States,Existing
USR00052,improved_results,2026-05-01T00:00:00Z,Mobile,United States,New
USR00053,improved_results,2026-05-01T00:00:00Z,TV,United States,Existing
USR00054,improved_results,2026-05-01T00:00:00Z,Desktop,Canada,Existing
USR00055,control,2026-05-01T00:00:00Z,Mobile,Canada,Existing
USR00056,control,2026-05-01T00:00:00Z,Mobile,Canada,New
USR00057,improved_results,2026-05-01T00:00:00Z,Mobile,United States,Existing
USR00058,improved_results,2026-05-01T00:00:00Z,Mobile,United States,New
USR00059,improved_results,2026-05-01T00:00:00Z,Mobile,United States,New
USR00060,control,2026-05-01T00:00:00Z,Desktop,Other,Existing
USR00061,control,2026-05-01T00:00:00Z,Desktop,United States,Existing
USR00062,improved_results,2026-05-01T00:00:00Z,Desktop,Other,New
USR00063,improved_results,2026-05-01T00:00:00Z,Mobile,United States,Existing
USR00064,control,2026-05-01T00:00:00Z,Desktop,United States,Existing
USR00065,control,2026-05-01T00:00:00Z,Mobile,United States,Existing
USR00066,control,2026-05-01T00:00:00Z,Mobile,United Kingdom,New
USR00067,improved_results,2026-05-01T00:00:00Z,Mobile,United States,Existing
USR00068,improved_results,2026-05-01T00:00:00Z,Mobile,United States,Existing
USR00069,control,2026-05-01T00:00:00Z,Mobile,United States,Existing
USR00070,improved_results,2026-05-01T00:00:00Z,Mobile,United States,Existing
USR00071,control,2026-05-01T00:00:00Z,Mobile,Other,Existing
USR00072,control,2026-05-01T00:00:00Z,Mobile,United States,Existing
USR00073,control,2026-05-01T00:00:00Z,Mobile,United States,Existing
USR00074,control,2026-05-01T00:00:00Z,Mobile,United States,Existing
USR00075,improved_results,2026-05-01T00:00:00Z,Desktop,United Kingdom,Existing
USR00076,control,2026-05-01T00:00:00Z,Desktop,United States,Existing
USR00077,improved_results,2026-05-01T00:00:00Z,Mobile,Other,Existing
USR00078,improved_results,2026-05-01T00:00:00Z,Mobile,United Kingdom,Existing
USR00079,control,2026-05-01T00:00:00Z,Mobile,United States,Existing
USR00080,control,2026-05-01T00:00:00Z,TV,United States,Existing
USR00081,improved_results,2026-05-01T00:00:00Z,Mobile,United States,Existing
USR00082,control,2026-05-01T00:00:00Z,Mobile,Other,Existing
USR00083,improved_results,2026-05-01T00:00:00Z,Mobile,United States,New
USR00084,improved_results,2026-05-01T00:00:00Z,Mobile,United States,Existing
USR00085,improved_results,2026-05-01T00:00:00Z,Desktop,United States,Existing
USR00086,improved_results,2026-05-01T00:00:00Z,Mobile,United States,New
USR00087,improved_results,2026-05-01T00:00:00Z,Desktop,United Kingdom,Existing
USR00088,control,2026-05-01T00:00:00Z,Mobile,United States,Existing
USR00089,improved_results,2026-05-01T00:00:00Z,Desktop,United States,Existing
USR00090,control,2026-05-01T00:00:00Z,Mobile,Other,Existing
USR00091,control,2026-05-01T00:00:00Z,Desktop,United States,New
USR00092,improved_results,2026-05-01T00:00:00Z,TV,United States,Existing
USR00093,control,2026-05-01T00:00:00Z,Mobile,United Kingdom,Existing
USR00094,control,2026-05-01T00:00:00Z,TV,United States,New
USR00095,improved_results,2026-05-01T00:00:00Z,Mobile,United States,Existing
USR00096,control,2026-05-01T00:00:00Z,Mobile,United States,Existing
USR00097,improved_results,2026-05-01T00:00:00Z,Desktop,United States,Existing
USR00098,control,2026-05-01T00:00:00Z,Mobile,United States,Existing
USR00099,improved_results,2026-05-01T00:00:00Z,Desktop,United States,Existing
USR00100,improved_results,2026-05-01T00:00:00Z,Mobile,United States,New
USR00101,improved_results,2026-05-01T00:00:00Z,Desktop,United States,Existing
USR00102,improved_results,2026-05-01T00:00:00Z,Mobile,United States,Existing
USR00103,improved_results,2026-05-01T00:00:00Z,Mobile,United States,Existing
USR00104,control,2026-05-01T00:00:00Z,Desktop,United States,New
USR00105,improved_results,2026-05-01T00:00:00Z,Mobile,Other,Existing
USR00106,improved_results,2026-05-01T00:00:00Z,Mobile,United States,Existing
USR00107,improved_results,2026-05-01T00:00:00Z,TV,United States,Existing
USR00108,control,2026-05-01T00:00:00Z,TV,United States,Existing
USR00109,control,2026-05-01T00:00:00Z,Mobile,United States,New
USR00110,improved_results,2026-05-01T00:00:00Z,Desktop,United Kingdom,Existing
USR00111,improved_results,2026-05-01T00:00:00Z,TV,Other,New
USR00112,improved_results,2026-05-01T00:00:00Z,TV,United States,Existing
USR00113,improved_results,2026-05-01T00:00:00Z,Mobile,United States,New
USR00114,improved_results,2026-05-01T00:00:00Z,Mobile,United States,Existing
USR00115,control,2026-05-01T00:00:00Z,Mobile,United States,Existing
USR00116,control,2026-05-01T00:00:00Z,Desktop,Other,Existing
USR00117,improved_results,2026-05-01T00:00:00Z,Mobile,Canada,New
USR00118,improved_results,2026-05-01T00:00:00Z,TV,United States,Existing
USR00119,improved_results,2026-05-01T00:00:00Z,Mobile,United States,Existing
USR00120,improved_results,2026-05-01T00:00:00Z,Mobile,United Kingdom,New
USR00121,improved_results,2026-05-01T00:00:00Z,Mobile,Other,Existing
USR00122,improved_results,2026-05-01T00:00:00Z,Desktop,United States,New
USR00123,improved_results,2026-05-01T00:00:00Z,Desktop,United States,Existing
USR00124,control,2026-05-01T00:00:00Z,Desktop,United States,Existing
USR00125,improved_results,2026-05-01T00:00:00Z,TV,Canada,Existing
USR00126,control,2026-05-01T00:00:00Z,TV,United States,Existing
USR00127,improved_results,2026-05-01T00:00:00Z,Mobile,Other,Existing
USR00128,improved_results,2026-05-01T00:00:00Z,Mobile,United States,Existing
USR00129,control,2026-05-01T00:00:00Z,Mobile,United States,Existing
USR00130,improved_results,2026-05-01T00:00:00Z,Mobile,Canada,Existing
USR00131,improved_results,2026-05-01T00:00:00Z,Desktop,United States,Existing
USR00132,control,2026-05-01T00:00:00Z,Mobile,United States,Existing
USR00133,control,2026-05-01T00:00:00Z,TV,Canada,Existing
USR00134,improved_results,2026-05-01T00:00:00Z,Desktop,Other,Existing
USR00135,control,2026-05-01T00:00:00Z,Desktop,United States,Existing
USR00136,control,2026-05-01T00:00:00Z,Desktop,United Kingdom,New
USR00137,control,2026-05-01T00:00:00Z,Mobile,Other,Existing
USR00138,improved_results,2026-05-01T00:00:00Z,TV,United States,New
USR00139,control,2026-05-01T00:00:00Z,Mobile,United States,Existing
USR00140,control,2026-05-01T00:00:00Z,Desktop,Canada,New
USR00141,improved_results,2026-05-01T00:00:00Z,Desktop,United Kingdom,New
USR00142,improved_results,2026-05-01T00:00:00Z,TV,United States,Existing
USR00143,control,2026-05-01T00:00:00Z,Mobile,United States,Existing
USR00144,improved_results,2026-05-01T00:00:00Z,Mobile,Other,Existing
USR00145,control,2026-05-01T00:00:00Z,Desktop,Canada,Existing
USR00146,improved_results,2026-05-01T00:00:00Z,Desktop,United States,Existing
USR00147,control,2026-05-01T00:00:00Z,Desktop,United Kingdom,Existing
USR00148,improved_results,2026-05-01T00:00:00Z,TV,United States,Existing
USR00149,improved_results,2026-05-01T00:00:00Z,TV,United States,Existing
USR00150,control,2026-05-01T00:00:00Z,Mobile,United States,Existing
USR00151,improved_results,2026-05-01T00:00:00Z,Mobile,United Kingdom,New
USR00152,control,2026-05-01T00:00:00Z,Mobile,United States,Existing
USR00153,improved_results,2026-05-01T00:00:00Z,Desktop,United States,New
USR00154,control,2026-05-01T00:00:00Z,Mobile,United States,New
USR00155,improved_results,2026-05-01T00:00:00Z,Mobile,United States,Existing
USR00156,improved_results,2026-05-01T00:00:00Z,Desktop,United States,Existing
USR00157,improved_results,2026-05-01T00:00:00Z,Desktop,Other,New
USR00158,improved_results,2026-05-01T00:00:00Z,Desktop,United States,Existing
USR00159,control,2026-05-01T00:00:00Z,Desktop,United States,Existing
USR00160,control,2026-05-01T00:00:00Z,Mobile,Other,Existing
USR00161,improved_results,2026-05-01T00:00:00Z,Mobile,United States,Existing
USR00162,control,2026-05-01T00:00:00Z,Mobile,United States,Existing
USR00163,control,2026-05-01T00:00:00Z,Mobile,United States,Existing
USR00164,control,2026-05-01T00:00:00Z,Mobile,Other,Existing
USR00165,improved_results,2026-05-01T00:00:00Z,Desktop,United States,Existing
USR00166,improved_results,2026-05-01T00:00:00Z,TV,United States,Existing
USR00167,improved_results,2026-05-01T00:00:00Z,Mobile,Canada,Existing
USR00168,control,2026-05-01T00:00:00Z,Desktop,United Kingdom,Existing
USR00169,control,2026-05-01T00:00:00Z,Mobile,United States,New
USR00170,improved_results,2026-05-01T00:00:00Z,Mobile,United States,Existing
USR00171,control,2026-05-01T00:00:00Z,Mobile,United States,Existing
USR00172,control,2026-05-01T00:00:00Z,Desktop,United Kingdom,Existing
USR00173,control,2026-05-01T00:00:00Z,Desktop,United Kingdom,Existing
USR00174,improved_results,2026-05-01T00:00:00Z,Mobile,United States,Existing
USR00175,control,2026-05-01T00:00:00Z,Mobile,Canada,Existing
USR00176,control,2026-05-01T00:00:00Z,Mobile,United Kingdom,New
USR00177,improved_results,2026-05-01T00:00:00Z,Mobile,United States,Existing
USR00178,improved_results,2026-05-01T00:00:00Z,Desktop,United Kingdom,Existing
USR00179,control,2026-05-01T00:00:00Z,Mobile,United States,Existing
USR00180,control,2026-05-01T00:00:00Z,Mobile,United States,Existing
USR00181,control,2026-05-01T00:00:00Z,Mobile,United States,Existing
USR00182,control,2026-05-01T00:00:00Z,Mobile,United States,Existing
USR00183,control,2026-05-01T00:00:00Z,TV,United States,Existing
USR00184,control,2026-05-01T00:00:00Z,TV,United Kingdom,Existing
USR00185,control,2026-05-01T00:00:00Z,Mobile,United States,New
USR00186,improved_results,2026-05-01T00:00:00Z,Desktop,Canada,Existing
USR00187,control,2026-05-01T00:00:00Z,Mobile,United States,New
USR00188,improved_results,2026-05-01T00:00:00Z,Mobile,Canada,Existing
USR00189,improved_results,2026-05-01T00:00:00Z,Mobile,United States,Existing
USR00190,improved_results,2026-05-01T00:00:00Z,Mobile,Other,Existing
USR00191,control,2026-05-01T00:00:00Z,Mobile,Other,New
USR00192,improved_results,2026-05-01T00:00:00Z,TV,United States,Existing
USR00193,improved_results,2026-05-01T00:00:00Z,TV,United Kingdom,Existing
USR00194,control,2026-05-01T00:00:00Z,Mobile,Other,Existing
USR00195,improved_results,2026-05-01T00:00:00Z,TV,Canada,New
USR00196,improved_results,2026-05-01T00:00:00Z,Mobile,United Kingdom,Existing
USR00197,improved_results,2026-05-01T00:00:00Z,Mobile,Canada,Existing
USR00198,control,2026-05-01T00:00:00Z,Mobile,United States,Existing
USR00199,control,2026-05-01T00:00:00Z,Mobile,United States,New
USR00200,improved_results,2026-05-01T00:00:00Z,Desktop,United States,Existing
USR00201,control,2026-05-01T00:00:00Z,Mobile,United States,New
USR00202,improved_results,2026-05-01T00:00:00Z,TV,United Kingdom,Existing
USR00203,improved_results,2026-05-01T00:00:00Z,Mobile,Other,Existing
USR00204,control,2026-05-01T00:00:00Z,Mobile,United States,Existing
USR00205,improved_results,2026-05-01T00:00:00Z,Desktop,United States,Existing
USR00206,improved_results,2026-05-01T00:00:00Z,Desktop,United States,Existing
USR00207,control,2026-05-01T00:00:00Z,Mobile,United States,Existing
USR00208,control,2026-05-01T00:00:00Z,Mobile,United States,Existing
USR00209,improved_results,2026-05-01T00:00:00Z,Desktop,United States,Existing
USR00210,control,2026-05-01T00:00:00Z,Desktop,Other,Existing
USR00211,improved_results,2026-05-01T00:00:00Z,Mobile,Canada,Existing
USR00212,improved_results,2026-05-01T00:00:00Z,Desktop,United States,Existing
USR00213,improved_results,2026-05-01T00:00:00Z,Desktop,United States,Existing
USR00214,control,2026-05-01T00:00:00Z,Mobile,United Kingdom,Existing
USR00215,improved_results,2026-05-01T00:00:00Z,Mobile,United States,Existing
USR00216,control,2026-05-01T00:00:00Z,Mobile,United States,Existing
USR00217,improved_results,2026-05-01T00:00:00Z,Mobile,United States,Existing
USR00218,control,2026-05-01T00:00:00Z,Mobile,United States,New
USR00219,control,2026-05-01T00:00:00Z,Desktop,United States,Existing
USR00220,improved_results,2026-05-01T00:00:00Z,Mobile,United Kingdom,Existing
USR00221,improved_results,2026-05-01T00:00:00Z,Desktop,United Kingdom,Existing
USR00222,control,2026-05-01T00:00:00Z,Desktop,United States,Existing
USR00223,control,2026-05-01T00:00:00Z,Desktop,United States,Existing
USR00224,improved_results,2026-05-01T00:00:00Z,Desktop,Other,New
USR00225,improved_results,2026-05-01T00:00:00Z,Mobile,United States,New
USR00226,improved_results,2026-05-01T00:00:00Z,Mobile,United Kingdom,Existing
USR00227,control,2026-05-01T00:00:00Z,Mobile,Canada,New
USR00228,improved_results,2026-05-01T00:00:00Z,TV,United States,Existing
USR00229,improved_results,2026-05-01T00:00:00Z,Mobile,United States,New
USR00230,control,2026-05-01T00:00:00Z,TV,United States,Existing
USR00231,improved_results,2026-05-01T00:00:00Z,Mobile,United States,New
USR00232,control,2026-05-01T00:00:00Z,Mobile,United States,New
USR00233,control,2026-05-01T00:00:00Z,Mobile,United Kingdom,Existing
USR00234,control,2026-05-01T00:00:00Z,Desktop,United States,Existing
USR00235,control,2026-05-01T00:00:00Z,Mobile,Other,Existing
USR00236,improved_results,2026-05-01T00:00:00Z,TV,United States,Existing
USR00237,improved_results,2026-05-01T00:00:00Z,Mobile,United States,New
USR00238,control,2026-05-01T00:00:00Z,Mobile,Canada,Existing
USR00239,improved_results,2026-05-01T00:00:00Z,Mobile,Canada,Existing
USR00240,improved_results,2026-05-01T00:00:00Z,TV,United States,New
USR00241,control,2026-05-01T00:00:00Z,TV,United States,Existing
USR00242,control,2026-05-01T00:00:00Z,Mobile,Canada,Existing
USR00243,control,2026-05-01T00:00:00Z,Mobile,United States,New
USR00244,improved_results,2026-05-01T00:00:00Z,Mobile,United States,Existing
USR00245,control,2026-05-01T00:00:00Z,Mobile,United Kingdom,New
USR00246,improved_results,2026-05-01T00:00:00Z,Mobile,United States,Existing
USR00247,control,2026-05-01T00:00:00Z,TV,Canada,Existing
USR00248,improved_results,2026-05-01T00:00:00Z,Mobile,United States,Existing
USR00249,control,2026-05-01T00:00:00Z,Mobile,Other,Existing
USR00250,control,2026-05-01T00:00:00Z,Mobile,Canada,Existing
USR00251,control,2026-05-01T00:00:00Z,Mobile,Canada,Existing
USR00252,improved_results,2026-05-01T00:00:00Z,Mobile,United States,Existing
USR00253,improved_results,2026-05-01T00:00:00Z,TV,Other,Existing
USR00254,control,2026-05-01T00:00:00Z,Mobile,United States,Existing
USR00255,control,2026-05-01T00:00:00Z,Mobile,United States,Existing
USR00256,control,2026-05-01T00:00:00Z,Mobile,United States,Existing
USR00257,improved_results,2026-05-01T00:00:00Z,TV,United States,New
USR00258,control,2026-05-01T00:00:00Z,Mobile,United States,New
USR00259,control,2026-05-01T00:00:00Z,Mobile,United States,Existing
USR00260,control,2026-05-01T00:00:00Z,Mobile,United States,Existing
USR00261,improved_results,2026-05-01T00:00:00Z,Mobile,United States,Existing
USR00262,control,2026-05-01T00:00:00Z,Desktop,Other,New
USR00263,control,2026-05-01T00:00:00Z,Desktop,United States,Existing
USR00264,control,2026-05-01T00:00:00Z,Mobile,United States,Existing
USR00265,improved_results,2026-05-01T00:00:00Z,TV,United States,New
USR00266,improved_results,2026-05-01T00:00:00Z,Mobile,United States,New
USR00267,improved_results,2026-05-01T00:00:00Z,Desktop,United Kingdom,Existing
USR00268,improved_results,2026-05-01T00:00:00Z,Mobile,Other,New
USR00269,improved_results,2026-05-01T00:00:00Z,Desktop,United States,Existing
USR00270,improved_results,2026-05-01T00:00:00Z,Mobile,Other,Existing
USR00271,improved_results,2026-05-01T00:00:00Z,Mobile,United States,New
USR00272,improved_results,2026-05-01T00:00:00Z,Mobile,United States,Existing
USR00273,improved_results,2026-05-01T00:00:00Z,Desktop,United States,Existing
USR00274,improved_results,2026-05-01T00:00:00Z,TV,United Kingdom,Existing
USR00275,improved_results,2026-05-01T00:00:00Z,Mobile,United States,Existing
USR00276,improved_results,2026-05-01T00:00:00Z,Mobile,Other,Existing
USR00277,control,2026-05-01T00:00:00Z,Desktop,United States,Existing
USR00278,improved_results,2026-05-01T00:00:00Z,Desktop,United States,New
USR00279,control,2026-05-01T00:00:00Z,Mobile,United States,Existing
USR00280,improved_results,2026-05-01T00:00:00Z,TV,Canada,Existing
USR00281,improved_results,2026-05-01T00:00:00Z,Mobile,United States,New
USR00282,improved_results,2026-05-01T00:00:00Z,Mobile,United States,Existing
USR00283,control,2026-05-01T00:00:00Z,Mobile,United States,Existing
USR00284,control,2026-05-01T00:00:00Z,Mobile,United States,Existing
USR00285,control,2026-05-01T00:00:00Z,Mobile,United States,Existing
USR00286,control,2026-05-01T00:00:00Z,Desktop,United States,Existing
USR00287,improved_results,2026-05-01T00:00:00Z,TV,United States,Existing
USR00288,improved_results,2026-05-01T00:00:00Z,TV,United Kingdom,New
USR00289,control,2026-05-01T00:00:00Z,Mobile,Other,New
USR00290,control,2026-05-01T00:00:00Z,Mobile,United Kingdom,Existing
USR00291,control,2026-05-01T00:00:00Z,Desktop,United States,Existing
USR00292,control,2026-05-01T00:00:00Z,Desktop,United States,Existing
USR00293,improved_results,2026-05-01T00:00:00Z,Mobile,United States,Existing
USR00294,improved_results,2026-05-01T00:00:00Z,Mobile,United States,Existing
USR00295,improved_results,2026-05-01T00:00:00Z,Mobile,Canada,Existing
USR00296,control,2026-05-01T00:00:00Z,TV,Other,Existing
USR00297,control,2026-05-01T00:00:00Z,Mobile,Canada,Existing
USR00298,control,2026-05-01T00:00:00Z,Mobile,United States,New
USR00299,control,2026-05-01T00:00:00Z,Desktop,Other,New
USR00300,control,2026-05-01T00:00:00Z,Desktop,United States,Existing
USR00301,improved_results,2026-05-01T00:00:00Z,TV,United States,Existing
USR00302,control,2026-05-01T00:00:00Z,Mobile,United Kingdom,New
USR00303,improved_results,2026-05-01T00:00:00Z,Desktop,United States,New
USR00304,improved_results,2026-05-01T00:00:00Z,Mobile,United Kingdom,Existing
USR00305,control,2026-05-01T00:00:00Z,Desktop,United States,Existing
USR00306,improved_results,2026-05-01T00:00:00Z,Mobile,United States,Existing
USR00307,improved_results,2026-05-01T00:00:00Z,Desktop,United States,New
USR00308,improved_results,2026-05-01T00:00:00Z,Mobile,United Kingdom,New
USR00309,control,2026-05-01T00:00:00Z,Desktop,United States,Existing
USR00310,control,2026-05-01T00:00:00Z,Mobile,United States,Existing
USR00311,improved_results,2026-05-01T00:00:00Z,Mobile,Other,New
USR00312,control,2026-05-01T00:00:00Z,Desktop,United States,Existing
USR00313,improved_results,2026-05-01T00:00:00Z,TV,United States,Existing
USR00314,improved_results,2026-05-01T00:00:00Z,TV,Other,New
USR00315,improved_results,2026-05-01T00:00:00Z,Desktop,United States,Existing
USR00316,improved_results,2026-05-01T00:00:00Z,Desktop,Other,Existing
USR00317,control,2026-05-01T00:00:00Z,TV,Other,Existing
USR00318,improved_results,2026-05-01T00:00:00Z,Desktop,United States,Existing
USR00319,improved_results,2026-05-01T00:00:00Z,Mobile,United States,Existing
USR00320,improved_results,2026-05-01T00:00:00Z,Desktop,United States,New
USR00321,improved_results,2026-05-01T00:00:00Z,Mobile,United States,Existing
USR00322,improved_results,2026-05-01T00:00:00Z,TV,United States,New
USR00323,control,2026-05-01T00:00:00Z,Mobile,United States,Existing
USR00324,improved_results,2026-05-01T00:00:00Z,Mobile,United States,Existing
USR00325,control,2026-05-01T00:00:00Z,Desktop,United States,Existing
USR00326,control,2026-05-01T00:00:00Z,Desktop,Canada,New
USR00327,improved_results,2026-05-01T00:00:00Z,TV,Other,Existing
USR00328,improved_results,2026-05-01T00:00:00Z,TV,United States,Existing
USR00329,improved_results,2026-05-01T00:00:00Z,TV,United States,Existing
USR00330,improved_results,2026-05-01T00:00:00Z,Desktop,United Kingdom,Existing
USR00331,control,2026-05-01T00:00:00Z,Mobile,United States,Existing
USR00332,improved_results,2026-05-01T00:00:00Z,TV,United States,Existing
USR00333,control,2026-05-01T00:00:00Z,Mobile,United Kingdom,Existing
USR00334,improved_results,2026-05-01T00:00:00Z,Mobile,United States,Existing
USR00335,control,2026-05-01T00:00:00Z,Mobile,United States,Existing
USR00336,improved_results,2026-05-01T00:00:00Z,Mobile,United Kingdom,Existing
USR00337,improved_results,2026-05-01T00:00:00Z,Mobile,United States,New
USR00338,improved_results,2026-05-01T00:00:00Z,Desktop,United States,Existing
USR00339,control,2026-05-01T00:00:00Z,Desktop,United Kingdom,Existing
USR00340,improved_results,2026-05-01T00:00:00Z,Mobile,United States,Existing
USR00341,control,2026-05-01T00:00:00Z,Mobile,United States,Existing
USR00342,improved_results,2026-05-01T00:00:00Z,Mobile,United Kingdom,Existing
USR00343,improved_results,2026-05-01T00:00:00Z,TV,United Kingdom,Existing
USR00344,improved_results,2026-05-01T00:00:00Z,Desktop,United States,New
USR00345,improved_results,2026-05-01T00:00:00Z,Mobile,Canada,Existing
USR00346,improved_results,2026-05-01T00:00:00Z,Mobile,United States,Existing
USR00347,control,2026-05-01T00:00:00Z,TV,Other,New
USR00348,control,2026-05-01T00:00:00Z,Mobile,United States,New
USR00349,control,2026-05-01T00:00:00Z,Mobile,Other,Existing
USR00350,improved_results,2026-05-01T00:00:00Z,TV,Other,Existing
USR00351,improved_results,2026-05-01T00:00:00Z,Mobile,United Kingdom,Existing
USR00352,control,2026-05-01T00:00:00Z,TV,United Kingdom,New
USR00353,improved_results,2026-05-01T00:00:00Z,Mobile,United States,Existing
USR00354,improved_results,2026-05-01T00:00:00Z,Desktop,United States,Existing
USR00355,control,2026-05-01T00:00:00Z,Mobile,Other,Existing
USR00356,improved_results,2026-05-01T00:00:00Z,Desktop,United States,Existing
USR00357,control,2026-05-01T00:00:00Z,Desktop,United States,Existing
USR00358,improved_results,2026-05-01T00:00:00Z,Desktop,United States,New
USR00359,improved_results,2026-05-01T00:00:00Z,Mobile,United States,New
USR00360,improved_results,2026-05-01T00:00:00Z,Mobile,United States,Existing
USR00361,improved_results,2026-05-01T00:00:00Z,Desktop,United States,New
USR00362,control,2026-05-01T00:00:00Z,Mobile,Other,Existing
USR00363,control,2026-05-01T00:00:00Z,Mobile,United Kingdom,New
USR00364,improved_results,2026-05-01T00:00:00Z,Desktop,United States,New
USR00365,control,2026-05-01T00:00:00Z,Mobile,Other,Existing
USR00366,improved_results,2026-05-01T00:00:00Z,TV,United States,Existing
USR00367,control,2026-05-01T00:00:00Z,Desktop,United States,Existing
USR00368,control,2026-05-01T00:00:00Z,Desktop,Other,Existing
USR00369,improved_results,2026-05-01T00:00:00Z,Desktop,United States,Existing
USR00370,improved_results,2026-05-01T00:00:00Z,Desktop,Canada,Existing
USR00371,improved_results,2026-05-01T00:00:00Z,Desktop,United States,Existing
USR00372,improved_results,2026-05-01T00:00:00Z,Mobile,Other,New
USR00373,control,2026-05-01T00:00:00Z,Mobile,United States,Existing
USR00374,improved_results,2026-05-01T00:00:00Z,Desktop,Other,Existing
USR00375,improved_results,2026-05-01T00:00:00Z,Mobile,Other,New
USR00376,improved_results,2026-05-01T00:00:00Z,Mobile,Canada,Existing
USR00377,improved_results,2026-05-01T00:00:00Z,Mobile,Canada,New
USR00378,control,2026-05-01T00:00:00Z,TV,Canada,New
USR00379,control,2026-05-01T00:00:00Z,TV,Canada,New
USR00380,control,2026-05-01T00:00:00Z,Mobile,United Kingdom,New
USR00381,control,2026-05-01T00:00:00Z,Mobile,United States,New
USR00382,improved_results,2026-05-01T00:00:00Z,Mobile,United Kingdom,Existing
USR00383,control,2026-05-01T00:00:00Z,TV,Other,Existing
USR00384,control,2026-05-01T00:00:00Z,Desktop,United Kingdom,New
USR00385,improved_results,2026-05-01T00:00:00Z,Mobile,United States,New
USR00386,control,2026-05-01T00:00:00Z,Mobile,United States,Existing
USR00387,control,2026-05-01T00:00:00Z,Desktop,United States,Existing
USR00388,control,2026-05-01T00:00:00Z,Mobile,United States,Existing
USR00389,control,2026-05-01T00:00:00Z,Mobile,United Kingdom,Existing
USR00390,control,2026-05-01T00:00:00Z,Mobile,United States,Existing
USR00391,improved_results,2026-05-01T00:00:00Z,Mobile,Canada,New
USR00392,control,2026-05-01T00:00:00Z,Desktop,United States,Existing
USR00393,control,2026-05-01T00:00:00Z,Mobile,United States,Existing
USR00394,improved_results,2026-05-01T00:00:00Z,Mobile,United States,New
USR00395,improved_results,2026-05-01T00:00:00Z,Mobile,Other,Existing
USR00396,control,2026-05-01T00:00:00Z,Desktop,United Kingdom,New
USR00397,improved_results,2026-05-01T00:00:00Z,Mobile,United States,New
USR00398,control,2026-05-01T00:00:00Z,Mobile,United Kingdom,Existing
USR00399,control,2026-05-01T00:00:00Z,Mobile,United States,New
USR00400,improved_results,2026-05-01T00:00:00Z,TV,United States,Existing
USR00401,control,2026-05-01T00:00:00Z,Desktop,Other,Existing
USR00402,improved_results,2026-05-01T00:00:00Z,Desktop,Canada,Existing
USR00403,improved_results,2026-05-01T00:00:00Z,TV,Canada,Existing
USR00404,control,2026-05-01T00:00:00Z,Mobile,United States,Existing
USR00405,improved_results,2026-05-01T00:00:00Z,Mobile,Other,New
USR00406,improved_results,2026-05-01T00:00:00Z,Desktop,Canada,Existing
USR00407,control,2026-05-01T00:00:00Z,Mobile,United Kingdom,Existing
USR00408,improved_results,2026-05-01T00:00:00Z,Desktop,United States,Existing
USR00409,improved_results,2026-05-01T00:00:00Z,Desktop,United States,Existing
USR00410,improved_results,2026-05-01T00:00:00Z,Desktop,Other,Existing
USR00411,control,2026-05-01T00:00:00Z,TV,Canada,New
USR00412,control,2026-05-01T00:00:00Z,Mobile,United States,Existing
USR00413,control,2026-05-01T00:00:00Z,Desktop,United States,New
USR00414,control,2026-05-01T00:00:00Z,Mobile,United Kingdom,Existing
USR00415,control,2026-05-01T00:00:00Z,Mobile,United Kingdom,New
USR00416,control,2026-05-01T00:00:00Z,Mobile,United States,Existing
USR00417,improved_results,2026-05-01T00:00:00Z,Mobile,United States,New
USR00418,control,2026-05-01T00:00:00Z,TV,United States,Existing
USR00419,control,2026-05-01T00:00:00Z,Desktop,United States,Existing
USR00420,improved_results,2026-05-01T00:00:00Z,Mobile,United States,Existing
USR00421,improved_results,2026-05-01T00:00:00Z,TV,United States,Existing
USR00422,control,2026-05-01T00:00:00Z,TV,Other,Existing
USR00423,improved_results,2026-05-01T00:00:00Z,Mobile,United States,Existing
USR00424,improved_results,2026-05-01T00:00:00Z,Desktop,United States,Existing
USR00425,control,2026-05-01T00:00:00Z,TV,United States,Existing
USR00426,control,2026-05-01T00:00:00Z,Mobile,Other,New
USR00427,control,2026-05-01T00:00:00Z,TV,United States,New
USR00428,improved_results,2026-05-01T00:00:00Z,Mobile,United States,New
USR00429,improved_results,2026-05-01T00:00:00Z,Mobile,United States,Existing
USR00430,improved_results,2026-05-01T00:00:00Z,Mobile,United States,Existing
USR00431,control,2026-05-01T00:00:00Z,Mobile,United Kingdom,Existing
USR00432,improved_results,2026-05-01T00:00:00Z,Desktop,United Kingdom,New
USR00433,control,2026-05-01T00:00:00Z,Desktop,United States,Existing
USR00434,control,2026-05-01T00:00:00Z,TV,United States,Existing
USR00435,control,2026-05-01T00:00:00Z,Mobile,Canada,Existing
USR00436,improved_results,2026-05-01T00:00:00Z,Mobile,United States,Existing
USR00437,control,2026-05-01T00:00:00Z,Desktop,United States,New
USR00438,improved_results,2026-05-01T00:00:00Z,TV,United States,Existing
USR00439,improved_results,2026-05-01T00:00:00Z,Mobile,United Kingdom,Existing
USR00440,control,2026-05-01T00:00:00Z,Mobile,United States,New
USR00441,control,2026-05-01T00:00:00Z,TV,United States,Existing
USR00442,control,2026-05-01T00:00:00Z,Mobile,United States,Existing
USR00443,improved_results,2026-05-01T00:00:00Z,Mobile,United States,Existing
USR00444,control,2026-05-01T00:00:00Z,Mobile,United States,Existing
USR00445,improved_results,2026-05-01T00:00:00Z,Mobile,United States,New
USR00446,control,2026-05-01T00:00:00Z,Mobile,United States,Existing
USR00447,improved_results,2026-05-01T00:00:00Z,Mobile,Other,Existing
USR00448,control,2026-05-01T00:00:00Z,Mobile,United States,New
USR00449,control,2026-05-01T00:00:00Z,TV,United States,Existing
USR00450,improved_results,2026-05-01T00:00:00Z,Mobile,United Kingdom,New
USR00451,control,2026-05-01T00:00:00Z,Mobile,United States,Existing
USR00452,improved_results,2026-05-01T00:00:00Z,Mobile,United States,Existing
USR00453,improved_results,2026-05-01T00:00:00Z,TV,United States,Existing
USR00454,control,2026-05-01T00:00:00Z,Mobile,United States,Existing
USR00455,improved_results,2026-05-01T00:00:00Z,Mobile,United States,Existing
USR00456,control,2026-05-01T00:00:00Z,Mobile,United States,New
USR00457,control,2026-05-01T00:00:00Z,Mobile,United States,Existing
USR00458,improved_results,2026-05-01T00:00:00Z,Mobile,Other,Existing
USR00459,improved_results,2026-05-01T00:00:00Z,Desktop,United Kingdom,Existing
USR00460,improved_results,2026-05-01T00:00:00Z,Mobile,United States,New
USR00461,improved_results,2026-05-01T00:00:00Z,Mobile,Canada,Existing
USR00462,control,2026-05-01T00:00:00Z,Mobile,Other,Existing
USR00463,improved_results,2026-05-01T00:00:00Z,Desktop,United States,Existing
USR00464,control,2026-05-01T00:00:00Z,Mobile,United States,New
USR00465,control,2026-05-01T00:00:00Z,Mobile,Other,Existing
USR00466,control,2026-05-01T00:00:00Z,Mobile,United Kingdom,New
USR00467,control,2026-05-01T00:00:00Z,Desktop,Canada,Existing
USR00468,improved_results,2026-05-01T00:00:00Z,Mobile,Other,New
USR00469,control,2026-05-01T00:00:00Z,TV,United Kingdom,Existing
USR00470,control,2026-05-01T00:00:00Z,Desktop,United States,Existing
USR00471,control,2026-05-01T00:00:00Z,Mobile,United States,Existing
USR00472,control,2026-05-01T00:00:00Z,Mobile,United States,Existing
USR00473,improved_results,2026-05-01T00:00:00Z,Mobile,United Kingdom,Existing
USR00474,improved_results,2026-05-01T00:00:00Z,Mobile,United States,Existing
USR00475,control,2026-05-01T00:00:00Z,Mobile,Other,Existing
USR00476,improved_results,2026-05-01T00:00:00Z,TV,United States,Existing
USR00477,control,2026-05-01T00:00:00Z,TV,United Kingdom,Existing
USR00478,control,2026-05-01T00:00:00Z,Desktop,United States,Existing
USR00479,control,2026-05-01T00:00:00Z,Desktop,United States,Existing
USR00480,improved_results,2026-05-01T00:00:00Z,Mobile,United States,Existing
USR00481,improved_results,2026-05-01T00:00:00Z,Mobile,United States,Existing
USR00482,control,2026-05-01T00:00:00Z,Mobile,Other,New
USR00483,control,2026-05-01T00:00:00Z,Mobile,United States,Existing
USR00484,control,2026-05-01T00:00:00Z,Mobile,United States,Existing
USR00485,improved_results,2026-05-01T00:00:00Z,Mobile,United States,Existing
USR00486,control,2026-05-01T00:00:00Z,TV,Canada,Existing
USR00487,improved_results,2026-05-01T00:00:00Z,Mobile,United States,Existing
USR00488,improved_results,2026-05-01T00:00:00Z,Mobile,Other,Existing
USR00489,improved_results,2026-05-01T00:00:00Z,Desktop,Canada,Existing
USR00490,control,2026-05-01T00:00:00Z,TV,United States,New
USR00491,control,2026-05-01T00:00:00Z,Desktop,United States,Existing
USR00492,control,2026-05-01T00:00:00Z,Mobile,United States,Existing
USR00493,control,2026-05-01T00:00:00Z,TV,United States,Existing
USR00494,improved_results,2026-05-01T00:00:00Z,Desktop,United States,Existing
USR00495,control,2026-05-01T00:00:00Z,Mobile,United States,Existing
USR00496,improved_results,2026-05-01T00:00:00Z,Desktop,United States,Existing
USR00497,control,2026-05-01T00:00:00Z,Mobile,United States,New
USR00498,control,2026-05-01T00:00:00Z,Mobile,United States,Existing
USR00499,control,2026-05-01T00:00:00Z,Mobile,United States,Existing
USR00500,control,2026-05-01T00:00:00Z,Mobile,Other,Existing
USR00501,control,2026-05-01T00:00:00Z,Desktop,United States,Existing
USR00502,improved_results,2026-05-01T00:00:00Z,Desktop,United States,Existing
USR00503,improved_results,2026-05-01T00:00:00Z,Mobile,Canada,Existing
USR00504,control,2026-05-01T00:00:00Z,Desktop,United States,Existing
USR00505,improved_results,2026-05-01T00:00:00Z,Mobile,Other,Existing
USR00506,improved_results,2026-05-01T00:00:00Z,Mobile,United States,New
USR00507,control,2026-05-01T00:00:00Z,Mobile,United States,Existing
USR00508,control,2026-05-01T00:00:00Z,Mobile,United States,Existing
USR00509,control,2026-05-01T00:00:00Z,Desktop,Canada,Existing
USR00510,improved_results,2026-05-01T00:00:00Z,Mobile,United States,New
USR00511,control,2026-05-01T00:00:00Z,Desktop,Canada,Existing
USR00512,control,2026-05-01T00:00:00Z,Mobile,Canada,New
USR00513,control,2026-05-01T00:00:00Z,Desktop,United States,Existing
USR00514,control,2026-05-01T00:00:00Z,Mobile,Other,New
USR00515,control,2026-05-01T00:00:00Z,Desktop,United States,Existing
USR00516,improved_results,2026-05-01T00:00:00Z,Desktop,United States,New
USR00517,improved_results,2026-05-01T00:00:00Z,Mobile,United States,New
USR00518,control,2026-05-01T00:00:00Z,Desktop,United Kingdom,Existing
USR00519,control,2026-05-01T00:00:00Z,Desktop,United States,New
USR00520,improved_results,2026-05-01T00:00:00Z,Desktop,United States,Existing
USR00521,improved_results,2026-05-01T00:00:00Z,TV,United States,New
USR00522,improved_results,2026-05-01T00:00:00Z,Mobile,United States,Existing
USR00523,improved_results,2026-05-01T00:00:00Z,Mobile,Other,Existing
USR00524,improved_results,2026-05-01T00:00:00Z,Mobile,United States,Existing
USR00525,control,2026-05-01T00:00:00Z,Desktop,United States,Existing
USR00526,improved_results,2026-05-01T00:00:00Z,Desktop,Other,Existing
USR00527,control,2026-05-01T00:00:00Z,Desktop,United States,Existing
USR00528,control,2026-05-01T00:00:00Z,TV,Canada,Existing
USR00529,control,2026-05-01T00:00:00Z,TV,Other,Existing
USR00530,control,2026-05-01T00:00:00Z,Desktop,United States,Existing
USR00531,control,2026-05-01T00:00:00Z,Desktop,United Kingdom,Existing
USR00532,control,2026-05-01T00:00:00Z,Desktop,United States,Existing
USR00533,improved_results,2026-05-01T00:00:00Z,Mobile,United Kingdom,Existing
USR00534,control,2026-05-01T00:00:00Z,Mobile,Other,Existing
USR00535,improved_results,2026-05-01T00:00:00Z,Mobile,United States,Existing
USR00536,control,2026-05-01T00:00:00Z,Desktop,Other,New
USR00537,improved_results,2026-05-01T00:00:00Z,Desktop,United States,New
USR00538,improved_results,2026-05-01T00:00:00Z,Mobile,United States,Existing
USR00539,control,2026-05-01T00:00:00Z,Mobile,United States,New
USR00540,improved_results,2026-05-01T00:00:00Z,Mobile,United States,Existing
USR00541,control,2026-05-01T00:00:00Z,Desktop,United States,New
USR00542,improved_results,2026-05-01T00:00:00Z,Mobile,Canada,Existing
USR00543,improved_results,2026-05-01T00:00:00Z,Desktop,United States,Existing
USR00544,improved_results,2026-05-01T00:00:00Z,Mobile,Canada,New
USR00545,control,2026-05-01T00:00:00Z,Desktop,United Kingdom,New
USR00546,control,2026-05-01T00:00:00Z,Mobile,United States,Existing
USR00547,improved_results,2026-05-01T00:00:00Z,Mobile,United States,Existing
USR00548,control,2026-05-01T00:00:00Z,Mobile,Canada,Existing
USR00549,control,2026-05-01T00:00:00Z,Mobile,Other,Existing
USR00550,improved_results,2026-05-01T00:00:00Z,TV,Other,Existing
USR00551,control,2026-05-01T00:00:00Z,Mobile,United Kingdom,Existing
USR00552,improved_results,2026-05-01T00:00:00Z,Desktop,United States,New
USR00553,improved_results,2026-05-01T00:00:00Z,TV,United Kingdom,New
USR00554,control,2026-05-01T00:00:00Z,Desktop,United States,New
USR00555,control,2026-05-01T00:00:00Z,Desktop,Canada,Existing
USR00556,control,2026-05-01T00:00:00Z,Desktop,United States,Existing
USR00557,improved_results,2026-05-01T00:00:00Z,Mobile,United States,Existing
USR00558,control,2026-05-01T00:00:00Z,Mobile,United States,Existing
USR00559,control,2026-05-01T00:00:00Z,Desktop,United States,New
USR00560,control,2026-05-01T00:00:00Z,Desktop,United Kingdom,Existing
USR00561,control,2026-05-01T00:00:00Z,Desktop,United States,Existing
USR00562,control,2026-05-01T00:00:00Z,Mobile,United States,New
USR00563,improved_results,2026-05-01T00:00:00Z,Mobile,United States,Existing
USR00564,control,2026-05-01T00:00:00Z,Desktop,United States,Existing
USR00565,control,2026-05-01T00:00:00Z,Mobile,United States,Existing
USR00566,control,2026-05-01T00:00:00Z,Mobile,United Kingdom,Existing
USR00567,control,2026-05-01T00:00:00Z,Mobile,United States,Existing
USR00568,improved_results,2026-05-01T00:00:00Z,TV,United Kingdom,Existing
USR00569,improved_results,2026-05-01T00:00:00Z,Mobile,United States,Existing
USR00570,improved_results,2026-05-01T00:00:00Z,TV,United States,New
USR00571,improved_results,2026-05-01T00:00:00Z,Mobile,United States,Existing
USR00572,control,2026-05-01T00:00:00Z,Desktop,Other,Existing
USR00573,improved_results,2026-05-01T00:00:00Z,Desktop,Other,Existing
USR00574,improved_results,2026-05-01T00:00:00Z,TV,Canada,New
USR00575,control,2026-05-01T00:00:00Z,Mobile,United States,Existing
USR00576,control,2026-05-01T00:00:00Z,Mobile,Canada,Existing
USR00577,improved_results,2026-05-01T00:00:00Z,Desktop,United Kingdom,Existing
USR00578,improved_results,2026-05-01T00:00:00Z,Mobile,Canada,Existing
USR00579,improved_results,2026-05-01T00:00:00Z,Mobile,United Kingdom,New
USR00580,control,2026-05-01T00:00:00Z,Mobile,United States,Existing
USR00581,improved_results,2026-05-01T00:00:00Z,Mobile,Other,Existing
USR00582,improved_results,2026-05-01T00:00:00Z,Mobile,Other,New
USR00583,control,2026-05-01T00:00:00Z,Mobile,United States,Existing
USR00584,improved_results,2026-05-01T00:00:00Z,Mobile,United States,Existing
USR00585,improved_results,2026-05-01T00:00:00Z,Mobile,United States,New
USR00586,control,2026-05-01T00:00:00Z,Desktop,Other,Existing
USR00587,control,2026-05-01T00:00:00Z,Mobile,United States,Existing
USR00588,improved_results,2026-05-01T00:00:00Z,Desktop,Other,Existing
USR00589,control,2026-05-01T00:00:00Z,Desktop,United States,Existing
USR00590,improved_results,2026-05-01T00:00:00Z,Desktop,Canada,Existing
USR00591,control,2026-05-01T00:00:00Z,Mobile,United States,Existing
USR00592,improved_results,2026-05-01T00:00:00Z,Mobile,United States,Existing
USR00593,improved_results,2026-05-01T00:00:00Z,Mobile,Canada,Existing
USR00594,improved_results,2026-05-01T00:00:00Z,Mobile,United States,Existing
USR00595,control,2026-05-01T00:00:00Z,Desktop,Canada,New
USR00596,control,2026-05-01T00:00:00Z,Desktop,United States,Existing
USR00597,improved_results,2026-05-01T00:00:00Z,Desktop,Canada,New
USR00598,control,2026-05-01T00:00:00Z,Mobile,United States,New
USR00599,control,2026-05-01T00:00:00Z,Mobile,United States,New
USR00600,improved_results,2026-05-01T00:00:00Z,TV,United States,Existing
USR00601,control,2026-05-01T00:00:00Z,Mobile,United States,Existing
USR00602,improved_results,2026-05-01T00:00:00Z,Desktop,Other,Existing
USR00603,control,2026-05-01T00:00:00Z,Mobile,Other,Existing
USR00604,improved_results,2026-05-01T00:00:00Z,Mobile,United States,Existing
USR00605,improved_results,2026-05-01T00:00:00Z,Desktop,United States,Existing
USR00606,control,2026-05-01T00:00:00Z,Mobile,United States,Existing
USR00607,control,2026-05-01T00:00:00Z,Mobile,United States,New
USR00608,control,2026-05-01T00:00:00Z,Mobile,Other,Existing
USR00609,improved_results,2026-05-01T00:00:00Z,Mobile,United States,Existing
USR00610,improved_results,2026-05-01T00:00:00Z,Mobile,United States,New
USR00611,improved_results,2026-05-01T00:00:00Z,Desktop,United States,New
USR00612,control,2026-05-01T00:00:00Z,Mobile,Canada,Existing
USR00613,control,2026-05-01T00:00:00Z,Mobile,United States,New
USR00614,control,2026-05-01T00:00:00Z,TV,Canada,Existing
USR00615,control,2026-05-01T00:00:00Z,Desktop,Other,Existing
USR00616,control,2026-05-01T00:00:00Z,Mobile,United States,New
USR00617,improved_results,2026-05-01T00:00:00Z,Desktop,United States,New
USR00618,control,2026-05-01T00:00:00Z,Mobile,Other,Existing
USR00619,improved_results,2026-05-01T00:00:00Z,Desktop,United States,New
USR00620,control,2026-05-01T00:00:00Z,Mobile,Other,Existing
USR00621,improved_results,2026-05-01T00:00:00Z,Mobile,United States,Existing
USR00622,improved_results,2026-05-01T00:00:00Z,TV,United States,New
USR00623,control,2026-05-01T00:00:00Z,Mobile,United States,Existing
USR00624,control,2026-05-01T00:00:00Z,Desktop,United States,New
USR00625,control,2026-05-01T00:00:00Z,TV,Other,New
USR00626,control,2026-05-01T00:00:00Z,Mobile,United States,Existing
USR00627,control,2026-05-01T00:00:00Z,Desktop,United Kingdom,Existing
USR00628,control,2026-05-01T00:00:00Z,Desktop,United States,New
USR00629,improved_results,2026-05-01T00:00:00Z,TV,United States,Existing
USR00630,improved_results,2026-05-01T00:00:00Z,Mobile,United States,New
USR00631,control,2026-05-01T00:00:00Z,Mobile,United States,Existing
USR00632,improved_results,2026-05-01T00:00:00Z,Desktop,United States,Existing
USR00633,improved_results,2026-05-01T00:00:00Z,Mobile,Other,Existing
USR00634,control,2026-05-01T00:00:00Z,Mobile,United States,New
USR00635,control,2026-05-01T00:00:00Z,TV,United Kingdom,Existing
USR00636,improved_results,2026-05-01T00:00:00Z,Mobile,Other,New
USR00637,control,2026-05-01T00:00:00Z,Mobile,United States,Existing
USR00638,control,2026-05-01T00:00:00Z,Mobile,United States,Existing
USR00639,improved_results,2026-05-01T00:00:00Z,Mobile,Canada,Existing
USR00640,improved_results,2026-05-01T00:00:00Z,Mobile,United States,Existing
USR00641,improved_results,2026-05-01T00:00:00Z,Desktop,Other,Existing
USR00642,control,2026-05-01T00:00:00Z,Mobile,Other,New
USR00643,control,2026-05-01T00:00:00Z,Desktop,United States,Existing
USR00644,control,2026-05-01T00:00:00Z,Desktop,Other,Existing
USR00645,improved_results,2026-05-01T00:00:00Z,Mobile,United States,Existing
USR00646,improved_results,2026-05-01T00:00:00Z,Desktop,United States,Existing
USR00647,improved_results,2026-05-01T00:00:00Z,Desktop,Canada,Existing
USR00648,control,2026-05-01T00:00:00Z,Desktop,Canada,Existing
USR00649,improved_results,2026-05-01T00:00:00Z,Mobile,United States,New
USR00650,improved_results,2026-05-01T00:00:00Z,Mobile,Canada,Existing
USR00651,control,2026-05-01T00:00:00Z,Mobile,United States,New
USR00652,control,2026-05-01T00:00:00Z,Mobile,United States,Existing
USR00653,control,2026-05-01T00:00:00Z,Mobile,United Kingdom,Existing
USR00654,control,2026-05-01T00:00:00Z,Mobile,Other,Existing
USR00655,control,2026-05-01T00:00:00Z,Mobile,Other,New
USR00656,control,2026-05-01T00:00:00Z,Mobile,United States,Existing
USR00657,improved_results,2026-05-01T00:00:00Z,Mobile,United States,Existing
USR00658,improved_results,2026-05-01T00:00:00Z,Mobile,United States,Existing
USR00659,control,2026-05-01T00:00:00Z,Desktop,Other,Existing
USR00660,improved_results,2026-05-01T00:00:00Z,Mobile,United States,New
USR00661,improved_results,2026-05-01T00:00:00Z,Mobile,United States,Existing
USR00662,improved_results,2026-05-01T00:00:00Z,Mobile,United States,New
USR00663,control,2026-05-01T00:00:00Z,Mobile,United States,Existing
USR00664,control,2026-05-01T00:00:00Z,Mobile,Other,Existing
USR00665,control,2026-05-01T00:00:00Z,Desktop,United States,New
USR00666,improved_results,2026-05-01T00:00:00Z,Mobile,United States,New
USR00667,improved_results,2026-05-01T00:00:00Z,Mobile,United Kingdom,Existing
USR00668,control,2026-05-01T00:00:00Z,Mobile,United States,Existing
USR00669,improved_results,2026-05-01T00:00:00Z,Mobile,United States,Existing
USR00670,control,2026-05-01T00:00:00Z,Mobile,United States,Existing
USR00671,control,2026-05-01T00:00:00Z,Mobile,United States,Existing
USR00672,control,2026-05-01T00:00:00Z,Mobile,Canada,Existing
USR00673,improved_results,2026-05-01T00:00:00Z,Mobile,Other,Existing
USR00674,improved_results,2026-05-01T00:00:00Z,Mobile,United Kingdom,Existing
USR00675,control,2026-05-01T00:00:00Z,Mobile,United States,Existing
USR00676,control,2026-05-01T00:00:00Z,Mobile,United States,Existing
USR00677,improved_results,2026-05-01T00:00:00Z,TV,United States,Existing
USR00678,improved_results,2026-05-01T00:00:00Z,Mobile,United States,New
USR00679,improved_results,2026-05-01T00:00:00Z,Desktop,United States,Existing
USR00680,improved_results,2026-05-01T00:00:00Z,Mobile,United States,New
USR00681,control,2026-05-01T00:00:00Z,Mobile,United States,Existing
USR00682,control,2026-05-01T00:00:00Z,Mobile,Canada,Existing
USR00683,control,2026-05-01T00:00:00Z,Mobile,United States,New
USR00684,control,2026-05-01T00:00:00Z,Mobile,Other,New
USR00685,improved_results,2026-05-01T00:00:00Z,TV,United States,Existing
USR00686,control,2026-05-01T00:00:00Z,Mobile,Other,New
USR00687,control,2026-05-01T00:00:00Z,Desktop,United States,New
USR00688,improved_results,2026-05-01T00:00:00Z,TV,United States,Existing
USR00689,control,2026-05-01T00:00:00Z,Mobile,United States,New
USR00690,improved_results,2026-05-01T00:00:00Z,TV,Other,New
USR00691,improved_results,2026-05-01T00:00:00Z,Mobile,United States,Existing
USR00692,improved_results,2026-05-01T00:00:00Z,Mobile,United States,Existing
USR00693,control,2026-05-01T00:00:00Z,Mobile,Other,Existing
USR00694,improved_results,2026-05-01T00:00:00Z,Desktop,Other,Existing
USR00695,improved_results,2026-05-01T00:00:00Z,Mobile,United States,New
USR00696,improved_results,2026-05-01T00:00:00Z,Mobile,United States,New
USR00697,control,2026-05-01T00:00:00Z,TV,United States,Existing
USR00698,improved_results,2026-05-01T00:00:00Z,Mobile,Other,Existing
USR00699,control,2026-05-01T00:00:00Z,TV,Other,Existing
USR00700,control,2026-05-01T00:00:00Z,TV,United States,Existing
USR00701,improved_results,2026-05-01T00:00:00Z,Desktop,United States,Existing
USR00702,control,2026-05-01T00:00:00Z,TV,United Kingdom,Existing
USR00703,improved_results,2026-05-01T00:00:00Z,TV,Other,Existing
USR00704,improved_results,2026-05-01T00:00:00Z,Mobile,United States,Existing
USR00705,improved_results,2026-05-01T00:00:00Z,Mobile,United States,Existing
USR00706,improved_results,2026-05-01T00:00:00Z,Mobile,Canada,New
USR00707,improved_results,2026-05-01T00:00:00Z,Mobile,United States,Existing
USR00708,improved_results,2026-05-01T00:00:00Z,Mobile,United Kingdom,Existing
USR00709,control,2026-05-01T00:00:00Z,Mobile,United States,Existing
USR00710,control,2026-05-01T00:00:00Z,Mobile,United States,Existing
USR00711,control,2026-05-01T00:00:00Z,Mobile,United States,Existing
USR00712,improved_results,2026-05-01T00:00:00Z,Desktop,United States,New
USR00713,improved_results,2026-05-01T00:00:00Z,Mobile,United States,Existing
USR00714,control,2026-05-01T00:00:00Z,Mobile,United States,Existing
USR00715,improved_results,2026-05-01T00:00:00Z,Mobile,United States,Existing
USR00716,control,2026-05-01T00:00:00Z,Mobile,United States,Existing
USR00717,improved_results,2026-05-01T00:00:00Z,TV,United States,New
USR00718,improved_results,2026-05-01T00:00:00Z,Mobile,United States,Existing
USR00719,improved_results,2026-05-01T00:00:00Z,Mobile,United States,Existing
USR00720,improved_results,2026-05-01T00:00:00Z,Desktop,Canada,Existing
USR00721,control,2026-05-01T00:00:00Z,Mobile,Canada,Existing
USR00722,improved_results,2026-05-01T00:00:00Z,Desktop,Canada,New
USR00723,control,2026-05-01T00:00:00Z,Mobile,Canada,Existing
USR00724,control,2026-05-01T00:00:00Z,TV,Canada,Existing
USR00725,improved_results,2026-05-01T00:00:00Z,Mobile,Canada,Existing
USR00726,improved_results,2026-05-01T00:00:00Z,Desktop,Canada,New
USR00727,control,2026-05-01T00:00:00Z,Mobile,United States,New
USR00728,improved_results,2026-05-01T00:00:00Z,TV,United States,Existing
USR00729,control,2026-05-01T00:00:00Z,Desktop,Canada,Existing
USR00730,improved_results,2026-05-01T00:00:00Z,Mobile,United States,Existing
USR00731,control,2026-05-01T00:00:00Z,Desktop,Other,Existing
USR00732,improved_results,2026-05-01T00:00:00Z,Mobile,United States,Existing
USR00733,improved_results,2026-05-01T00:00:00Z,Mobile,Other,Existing
USR00734,improved_results,2026-05-01T00:00:00Z,TV,Canada,Existing
USR00735,control,2026-05-01T00:00:00Z,Desktop,Other,Existing
USR00736,control,2026-05-01T00:00:00Z,TV,Canada,Existing
USR00737,control,2026-05-01T00:00:00Z,Desktop,Other,New
USR00738,improved_results,2026-05-01T00:00:00Z,Desktop,Other,Existing
USR00739,improved_results,2026-05-01T00:00:00Z,Desktop,United States,Existing
USR00740,improved_results,2026-05-01T00:00:00Z,Desktop,United States,Existing
USR00741,improved_results,2026-05-01T00:00:00Z,Mobile,United States,Existing
USR00742,control,2026-05-01T00:00:00Z,Desktop,Canada,New
USR00743,control,2026-05-01T00:00:00Z,Desktop,United States,Existing
USR00744,control,2026-05-01T00:00:00Z,TV,United States,Existing
USR00745,improved_results,2026-05-01T00:00:00Z,Mobile,United States,Existing
USR00746,control,2026-05-01T00:00:00Z,Mobile,United States,New
USR00747,improved_results,2026-05-01T00:00:00Z,Mobile,Canada,Existing
USR00748,improved_results,2026-05-01T00:00:00Z,Desktop,United States,New
USR00749,control,2026-05-01T00:00:00Z,Desktop,United States,Existing
USR00750,improved_results,2026-05-01T00:00:00Z,Desktop,United States,Existing
USR00751,improved_results,2026-05-01T00:00:00Z,Desktop,United States,Existing
USR00752,control,2026-05-01T00:00:00Z,Mobile,Other,New
USR00753,improved_results,2026-05-01T00:00:00Z,TV,United States,Existing
USR00754,improved_results,2026-05-01T00:00:00Z,Mobile,United States,Existing
USR00755,control,2026-05-01T00:00:00Z,Mobile,United States,Existing
USR00756,improved_results,2026-05-01T00:00:00Z,TV,United States,New
USR00757,improved_results,2026-05-01T00:00:00Z,TV,United States,New
USR00758,control,2026-05-01T00:00:00Z,Mobile,United States,New
USR00759,control,2026-05-01T00:00:00Z,Mobile,United States,Existing
USR00760,improved_results,2026-05-01T00:00:00Z,Desktop,United States,New
USR00761,control,2026-05-01T00:00:00Z,TV,Canada,Existing
USR00762,improved_results,2026-05-01T00:00:00Z,Desktop,United States,New
USR00763,control,2026-05-01T00:00:00Z,Desktop,United States,New
USR00764,improved_results,2026-05-01T00:00:00Z,Mobile,United States,Existing
USR00765,control,2026-05-01T00:00:00Z,Desktop,United States,Existing
USR00766,improved_results,2026-05-01T00:00:00Z,Mobile,United States,Existing
USR00767,improved_results,2026-05-01T00:00:00Z,Desktop,United States,Existing
USR00768,improved_results,2026-05-01T00:00:00Z,Mobile,United States,Existing
USR00769,improved_results,2026-05-01T00:00:00Z,TV,Canada,Existing
USR00770,control,2026-05-01T00:00:00Z,Desktop,United States,New
USR00771,control,2026-05-01T00:00:00Z,Mobile,United States,Existing
USR00772,improved_results,2026-05-01T00:00:00Z,Desktop,Canada,Existing
USR00773,control,2026-05-01T00:00:00Z,Mobile,United States,New
USR00774,control,2026-05-01T00:00:00Z,Mobile,Other,Existing
USR00775,improved_results,2026-05-01T00:00:00Z,Desktop,United States,Existing
USR00776,control,2026-05-01T00:00:00Z,Mobile,United States,Existing
USR00777,control,2026-05-01T00:00:00Z,Mobile,United States,New
USR00778,control,2026-05-01T00:00:00Z,Mobile,United States,Existing
USR00779,control,2026-05-01T00:00:00Z,TV,Other,Existing
USR00780,control,2026-05-01T00:00:00Z,Mobile,United Kingdom,Existing
USR00781,improved_results,2026-05-01T00:00:00Z,Mobile,United States,Existing
USR00782,control,2026-05-01T00:00:00Z,Desktop,United Kingdom,Existing
USR00783,control,2026-05-01T00:00:00Z,Mobile,Canada,Existing
USR00784,control,2026-05-01T00:00:00Z,TV,United States,Existing
USR00785,improved_results,2026-05-01T00:00:00Z,Mobile,United States,New
USR00786,improved_results,2026-05-01T00:00:00Z,Mobile,United States,New
USR00787,improved_results,2026-05-01T00:00:00Z,TV,United States,Existing
USR00788,control,2026-05-01T00:00:00Z,Mobile,United States,Existing
USR00789,control,2026-05-01T00:00:00Z,Mobile,United Kingdom,Existing
USR00790,improved_results,2026-05-01T00:00:00Z,TV,United States,Existing
USR00791,improved_results,2026-05-01T00:00:00Z,Mobile,United States,Existing
USR00792,control,2026-05-01T00:00:00Z,Mobile,Other,New
USR00793,control,2026-05-01T00:00:00Z,Mobile,United States,New
USR00794,improved_results,2026-05-01T00:00:00Z,TV,United States,Existing
USR00795,improved_results,2026-05-01T00:00:00Z,TV,United Kingdom,Existing
USR00796,improved_results,2026-05-01T00:00:00Z,Mobile,United Kingdom,Existing
USR00797,improved_results,2026-05-01T00:00:00Z,Mobile,United States,New
USR00798,improved_results,2026-05-01T00:00:00Z,Mobile,United States,New
USR00799,improved_results,2026-05-01T00:00:00Z,Mobile,Canada,Existing
USR00800,control,2026-05-01T00:00:00Z,Desktop,Canada,Existing
USR00801,improved_results,2026-05-01T00:00:00Z,Desktop,United Kingdom,Existing
USR00802,control,2026-05-01T00:00:00Z,Mobile,United States,Existing
USR00803,control,2026-05-01T00:00:00Z,Mobile,United States,Existing
USR00804,improved_results,2026-05-01T00:00:00Z,Mobile,United States,New
USR00805,improved_results,2026-05-01T00:00:00Z,TV,United States,Existing
USR00806,improved_results,2026-05-01T00:00:00Z,TV,Canada,Existing
USR00807,improved_results,2026-05-01T00:00:00Z,Mobile,United States,Existing
USR00808,control,2026-05-01T00:00:00Z,Desktop,United States,Existing
USR00809,improved_results,2026-05-01T00:00:00Z,TV,United States,Existing
USR00810,improved_results,2026-05-01T00:00:00Z,Desktop,Other,Existing
USR00811,control,2026-05-01T00:00:00Z,Desktop,Canada,Existing
USR00812,control,2026-05-01T00:00:00Z,Mobile,United Kingdom,New
USR00813,control,2026-05-01T00:00:00Z,TV,United States,Existing
USR00814,control,2026-05-01T00:00:00Z,Mobile,United States,Existing
USR00815,improved_results,2026-05-01T00:00:00Z,Mobile,Other,Existing
USR00816,improved_results,2026-05-01T00:00:00Z,Desktop,United States,New
USR00817,improved_results,2026-05-01T00:00:00Z,TV,Other,New
USR00818,control,2026-05-01T00:00:00Z,Mobile,Canada,Existing
USR00819,control,2026-05-01T00:00:00Z,TV,United States,New
USR00820,improved_results,2026-05-01T00:00:00Z,Mobile,United States,Existing
USR00821,control,2026-05-01T00:00:00Z,Desktop,United States,Existing
USR00822,improved_results,2026-05-01T00:00:00Z,TV,United States,Existing
USR00823,improved_results,2026-05-01T00:00:00Z,Mobile,United States,New
USR00824,improved_results,2026-05-01T00:00:00Z,TV,United States,Existing
USR00825,control,2026-05-01T00:00:00Z,Mobile,United Kingdom,New
USR00826,control,2026-05-01T00:00:00Z,Mobile,United States,Existing
USR00827,control,2026-05-01T00:00:00Z,Mobile,United States,New
USR00828,improved_results,2026-05-01T00:00:00Z,TV,United States,Existing
USR00829,improved_results,2026-05-01T00:00:00Z,Mobile,United States,New
USR00830,improved_results,2026-05-01T00:00:00Z,Desktop,United States,Existing
USR00831,improved_results,2026-05-01T00:00:00Z,TV,Other,Existing
USR00832,control,2026-05-01T00:00:00Z,Desktop,United States,Existing
USR00833,control,2026-05-01T00:00:00Z,Mobile,United States,Existing
USR00834,improved_results,2026-05-01T00:00:00Z,Mobile,United States,Existing
USR00835,improved_results,2026-05-01T00:00:00Z,Desktop,United States,Existing
USR00836,improved_results,2026-05-01T00:00:00Z,Desktop,United States,New
USR00837,control,2026-05-01T00:00:00Z,Mobile,Canada,New
USR00838,improved_results,2026-05-01T00:00:00Z,Desktop,United Kingdom,Existing
USR00839,control,2026-05-01T00:00:00Z,Mobile,United States,Existing
USR00840,improved_results,2026-05-01T00:00:00Z,Mobile,United States,Existing
USR00841,improved_results,2026-05-01T00:00:00Z,Mobile,United States,Existing
USR00842,improved_results,2026-05-01T00:00:00Z,Mobile,Other,New
USR00843,control,2026-05-01T00:00:00Z,Mobile,United States,Existing
USR00844,control,2026-05-01T00:00:00Z,Mobile,United States,Existing
USR00845,control,2026-05-01T00:00:00Z,Mobile,Other,Existing
USR00846,improved_results,2026-05-01T00:00:00Z,TV,Other,New
USR00847,control,2026-05-01T00:00:00Z,Mobile,Canada,Existing
USR00848,improved_results,2026-05-01T00:00:00Z,TV,United States,Existing
USR00849,improved_results,2026-05-01T00:00:00Z,TV,Canada,New
USR00850,improved_results,2026-05-01T00:00:00Z,Desktop,Other,New
USR00851,control,2026-05-01T00:00:00Z,Mobile,United Kingdom,New
USR00852,control,2026-05-01T00:00:00Z,Desktop,Canada,Existing
USR00853,improved_results,2026-05-01T00:00:00Z,Desktop,United States,Existing
USR00854,control,2026-05-01T00:00:00Z,Mobile,Canada,New
USR00855,control,2026-05-01T00:00:00Z,Desktop,United States,Existing
USR00856,improved_results,2026-05-01T00:00:00Z,Desktop,United States,Existing
USR00857,improved_results,2026-05-01T00:00:00Z,Desktop,United States,New
USR00858,control,2026-05-01T00:00:00Z,Mobile,United States,New
USR00859,control,2026-05-01T00:00:00Z,Desktop,United States,New
USR00860,improved_results,2026-05-01T00:00:00Z,Mobile,United States,Existing
USR00861,control,2026-05-01T00:00:00Z,Desktop,Canada,Existing
USR00862,control,2026-05-01T00:00:00Z,Mobile,United Kingdom,Existing
USR00863,control,2026-05-01T00:00:00Z,Desktop,United Kingdom,Existing
USR00864,control,2026-05-01T00:00:00Z,Desktop,Other,New
USR00865,improved_results,2026-05-01T00:00:00Z,Mobile,United States,Existing
USR00866,improved_results,2026-05-01T00:00:00Z,Desktop,United States,Existing
USR00867,control,2026-05-01T00:00:00Z,Desktop,Canada,Existing
USR00868,control,2026-05-01T00:00:00Z,Mobile,United States,New
USR00869,improved_results,2026-05-01T00:00:00Z,Mobile,United States,Existing
USR00870,improved_results,2026-05-01T00:00:00Z,Desktop,United States,Existing
USR00871,improved_results,2026-05-01T00:00:00Z,TV,United States,New
USR00872,control,2026-05-01T00:00:00Z,Desktop,United States,New
USR00873,control,2026-05-01T00:00:00Z,Mobile,United States,Existing
USR00874,control,2026-05-01T00:00:00Z,Mobile,Other,New
USR00875,improved_results,2026-05-01T00:00:00Z,Mobile,United Kingdom,New
USR00876,control,2026-05-01T00:00:00Z,TV,United States,Existing
USR00877,control,2026-05-01T00:00:00Z,Mobile,Other,Existing
USR00878,control,2026-05-01T00:00:00Z,Mobile,United States,New
USR00879,improved_results,2026-05-01T00:00:00Z,Desktop,United States,New
USR00880,improved_results,2026-05-01T00:00:00Z,TV,United States,Existing
USR00881,control,2026-05-01T00:00:00Z,Mobile,Other,Existing
USR00882,control,2026-05-01T00:00:00Z,Desktop,United States,Existing
USR00883,improved_results,2026-05-01T00:00:00Z,Mobile,Other,Existing
USR00884,improved_results,2026-05-01T00:00:00Z,Mobile,United States,Existing
USR00885,control,2026-05-01T00:00:00Z,TV,United States,Existing
USR00886,control,2026-05-01T00:00:00Z,Mobile,United States,Existing
USR00887,control,2026-05-01T00:00:00Z,Desktop,United States,Existing
USR00888,control,2026-05-01T00:00:00Z,Mobile,United Kingdom,Existing
USR00889,control,2026-05-01T00:00:00Z,Mobile,United States,Existing
USR00890,improved_results,2026-05-01T00:00:00Z,Mobile,Canada,New
USR00891,improved_results,2026-05-01T00:00:00Z,Mobile,United States,Existing
USR00892,improved_results,2026-05-01T00:00:00Z,Mobile,United Kingdom,Existing
USR00893,control,2026-05-01T00:00:00Z,Mobile,United States,New
USR00894,improved_results,2026-05-01T00:00:00Z,Mobile,United States,Existing
USR00895,improved_results,2026-05-01T00:00:00Z,Desktop,United States,Existing
USR00896,control,2026-05-01T00:00:00Z,Desktop,United States,Existing
USR00897,improved_results,2026-05-01T00:00:00Z,Desktop,United Kingdom,Existing
USR00898,control,2026-05-01T00:00:00Z,Mobile,United Kingdom,Existing
USR00899,control,2026-05-01T00:00:00Z,TV,United States,Existing
USR00900,control,2026-05-01T00:00:00Z,Mobile,United Kingdom,Existing
USR00901,control,2026-05-01T00:00:00Z,Mobile,United States,Existing
USR00902,control,2026-05-01T00:00:00Z,Mobile,United States,Existing
USR00903,improved_results,2026-05-01T00:00:00Z,Mobile,United States,Existing
USR00904,improved_results,2026-05-01T00:00:00Z,Mobile,United States,New
USR00905,improved_results,2026-05-01T00:00:00Z,Mobile,United States,Existing
USR00906,control,2026-05-01T00:00:00Z,Mobile,United States,Existing
USR00907,improved_results,2026-05-01T00:00:00Z,Mobile,Other,New
USR00908,control,2026-05-01T00:00:00Z,TV,United States,Existing
USR00909,control,2026-05-01T00:00:00Z,Mobile,United States,New
USR00910,improved_results,2026-05-01T00:00:00Z,Desktop,Other,Existing
USR00911,control,2026-05-01T00:00:00Z,Mobile,Other,Existing
USR00912,improved_results,2026-05-01T00:00:00Z,Mobile,United States,New
USR00913,improved_results,2026-05-01T00:00:00Z,Desktop,Other,Existing
USR00914,improved_results,2026-05-01T00:00:00Z,Desktop,United States,Existing
USR00915,improved_results,2026-05-01T00:00:00Z,Mobile,United States,New
USR00916,control,2026-05-01T00:00:00Z,Desktop,United Kingdom,Existing
USR00917,control,2026-05-01T00:00:00Z,Mobile,Other,Existing
USR00918,control,2026-05-01T00:00:00Z,Mobile,Other,Existing
USR00919,control,2026-05-01T00:00:00Z,Mobile,Canada,Existing
USR00920,control,2026-05-01T00:00:00Z,Mobile,United States,Existing
USR00921,control,2026-05-01T00:00:00Z,Desktop,Other,Existing
USR00922,control,2026-05-01T00:00:00Z,TV,United States,Existing
USR00923,control,2026-05-01T00:00:00Z,Desktop,United States,Existing
USR00924,control,2026-05-01T00:00:00Z,Mobile,Canada,Existing
USR00925,control,2026-05-01T00:00:00Z,TV,Canada,New
USR00926,control,2026-05-01T00:00:00Z,Desktop,Other,New
USR00927,control,2026-05-01T00:00:00Z,Desktop,United States,Existing
USR00928,control,2026-05-01T00:00:00Z,TV,United States,Existing
USR00929,improved_results,2026-05-01T00:00:00Z,Mobile,Canada,Existing
USR00930,improved_results,2026-05-01T00:00:00Z,Mobile,Other,Existing
USR00931,control,2026-05-01T00:00:00Z,Mobile,Canada,Existing
USR00932,control,2026-05-01T00:00:00Z,Mobile,Other,New
USR00933,control,2026-05-01T00:00:00Z,Mobile,United States,Existing
USR00934,control,2026-05-01T00:00:00Z,Mobile,United States,Existing
USR00935,improved_results,2026-05-01T00:00:00Z,Mobile,United States,New
USR00936,improved_results,2026-05-01T00:00:00Z,Mobile,United States,New
USR00937,improved_results,2026-05-01T00:00:00Z,Mobile,United States,Existing
USR00938,control,2026-05-01T00:00:00Z,Mobile,Other,Existing
USR00939,control,2026-05-01T00:00:00Z,Mobile,United States,New
USR00940,improved_results,2026-05-01T00:00:00Z,Mobile,United States,New
USR00941,control,2026-05-01T00:00:00Z,Desktop,United States,New
USR00942,control,2026-05-01T00:00:00Z,Mobile,United States,New
USR00943,control,2026-05-01T00:00:00Z,Desktop,United States,Existing
USR00944,control,2026-05-01T00:00:00Z,TV,United States,New
USR00945,improved_results,2026-05-01T00:00:00Z,Desktop,United States,New
USR00946,control,2026-05-01T00:00:00Z,TV,United Kingdom,Existing
USR00947,improved_results,2026-05-01T00:00:00Z,Desktop,United States,Existing
USR00948,improved_results,2026-05-01T00:00:00Z,Mobile,United Kingdom,Existing
USR00949,control,2026-05-01T00:00:00Z,Mobile,United States,Existing
USR00950,improved_results,2026-05-01T00:00:00Z,Mobile,United Kingdom,New
USR00951,improved_results,2026-05-01T00:00:00Z,Mobile,United States,Existing
USR00952,control,2026-05-01T00:00:00Z,Mobile,Other,Existing
USR00953,control,2026-05-01T00:00:00Z,Mobile,United Kingdom,New
USR00954,improved_results,2026-05-01T00:00:00Z,Mobile,Other,Existing
USR00955,improved_results,2026-05-01T00:00:00Z,Mobile,Other,Existing
USR00956,control,2026-05-01T00:00:00Z,Mobile,United Kingdom,Existing
USR00957,control,2026-05-01T00:00:00Z,Mobile,United States,Existing
USR00958,improved_results,2026-05-01T00:00:00Z,Mobile,Canada,New
USR00959,control,2026-05-01T00:00:00Z,Mobile,Other,New
USR00960,control,2026-05-01T00:00:00Z,Desktop,United States,Existing
USR00961,improved_results,2026-05-01T00:00:00Z,Desktop,Other,New
USR00962,improved_results,2026-05-01T00:00:00Z,Mobile,United Kingdom,Existing
USR00963,control,2026-05-01T00:00:00Z,Mobile,United States,New
USR00964,control,2026-05-01T00:00:00Z,Mobile,United Kingdom,Existing
USR00965,control,2026-05-01T00:00:00Z,Desktop,Canada,Existing
USR00966,improved_results,2026-05-01T00:00:00Z,Desktop,United States,New
USR00967,improved_results,2026-05-01T00:00:00Z,Mobile,Other,Existing
USR00968,improved_results,2026-05-01T00:00:00Z,Mobile,United States,Existing
USR00969,improved_results,2026-05-01T00:00:00Z,Mobile,Other,New
USR00970,control,2026-05-01T00:00:00Z,Desktop,United States,Existing
USR00971,improved_results,2026-05-01T00:00:00Z,Mobile,United States,New
USR00972,control,2026-05-01T00:00:00Z,Desktop,Other,Existing
USR00973,improved_results,2026-05-01T00:00:00Z,Desktop,United States,Existing
USR00974,improved_results,2026-05-01T00:00:00Z,Desktop,United States,Existing
USR00975,control,2026-05-01T00:00:00Z,TV,United States,Existing
USR00976,improved_results,2026-05-01T00:00:00Z,Desktop,United States,New
USR00977,improved_results,2026-05-01T00:00:00Z,Desktop,United States,Existing
USR00978,control,2026-05-01T00:00:00Z,TV,United Kingdom,New
USR00979,control,2026-05-01T00:00:00Z,Mobile,United States,Existing
USR00980,control,2026-05-01T00:00:00Z,Mobile,United States,New
USR00981,improved_results,2026-05-01T00:00:00Z,Mobile,Other,Existing
USR00982,improved_results,2026-05-01T00:00:00Z,Desktop,United States,Existing
USR00983,control,2026-05-01T00:00:00Z,Desktop,Other,Existing
USR00984,control,2026-05-01T00:00:00Z,TV,United States,Existing
USR00985,control,2026-05-01T00:00:00Z,TV,Canada,Existing
USR00986,control,2026-05-01T00:00:00Z,Mobile,United States,Existing
USR00987,control,2026-05-01T00:00:00Z,Mobile,United States,Existing
USR00988,improved_results,2026-05-01T00:00:00Z,Mobile,United States,Existing
USR00989,control,2026-05-01T00:00:00Z,Mobile,Other,New
USR00990,control,2026-05-01T00:00:00Z,Desktop,United States,Existing
USR00991,improved_results,2026-05-01T00:00:00Z,Mobile,United States,Existing
USR00992,control,2026-05-01T00:00:00Z,Mobile,United States,Existing
USR00993,improved_results,2026-05-01T00:00:00Z,Mobile,United States,Existing
USR00994,control,2026-05-01T00:00:00Z,Mobile,United States,New
USR00995,control,2026-05-01T00:00:00Z,Desktop,Canada,Existing
USR00996,control,2026-05-01T00:00:00Z,Mobile,United States,New
USR00997,control,2026-05-01T00:00:00Z,Mobile,United States,New
USR00998,control,2026-05-01T00:00:00Z,Mobile,United States,Existing
USR00999,improved_results,2026-05-01T00:00:00Z,Mobile,Other,New
USR01000,improved_results,2026-05-01T00:00:00Z,Mobile,United Kingdom,Existing
USR01001,improved_results,2026-05-01T00:00:00Z,Mobile,United States,New
USR01002,improved_results,2026-05-01T00:00:00Z,Desktop,United States,Existing
USR01003,control,2026-05-01T00:00:00Z,Mobile,Other,Existing
USR01004,improved_results,2026-05-01T00:00:00Z,TV,Other,Existing
USR01005,improved_results,2026-05-01T00:00:00Z,Mobile,Other,Existing
USR01006,control,2026-05-01T00:00:00Z,Desktop,United States,Existing
USR01007,control,2026-05-01T00:00:00Z,Mobile,United States,Existing
USR01008,control,2026-05-01T00:00:00Z,Mobile,United Kingdom,Existing
USR01009,improved_results,2026-05-01T00:00:00Z,Mobile,United Kingdom,New
USR01010,control,2026-05-01T00:00:00Z,Mobile,United States,New
USR01011,improved_results,2026-05-01T00:00:00Z,Mobile,Other,Existing
USR01012,improved_results,2026-05-01T00:00:00Z,Mobile,United States,Existing
USR01013,improved_results,2026-05-01T00:00:00Z,Mobile,Canada,Existing
USR01014,control,2026-05-01T00:00:00Z,Mobile,United States,New
USR01015,control,2026-05-01T00:00:00Z,Desktop,United States,Existing
USR01016,improved_results,2026-05-01T00:00:00Z,TV,Other,Existing
USR01017,control,2026-05-01T00:00:00Z,Mobile,United States,Existing
USR01018,improved_results,2026-05-01T00:00:00Z,Mobile,United Kingdom,New
USR01019,improved_results,2026-05-01T00:00:00Z,TV,Other,Existing
USR01020,improved_results,2026-05-01T00:00:00Z,Mobile,United States,New
USR01021,control,2026-05-01T00:00:00Z,TV,Canada,Existing
USR01022,control,2026-05-01T00:00:00Z,Mobile,United States,Existing
USR01023,control,2026-05-01T00:00:00Z,Mobile,United States,New
USR01024,improved_results,2026-05-01T00:00:00Z,Mobile,United Kingdom,Existing
USR01025,control,2026-05-01T00:00:00Z,Mobile,Other,Existing
USR01026,control,2026-05-01T00:00:00Z,Desktop,United States,Existing
USR01027,improved_results,2026-05-01T00:00:00Z,Mobile,United States,New
USR01028,control,2026-05-01T00:00:00Z,Desktop,United States,Existing
USR01029,control,2026-05-01T00:00:00Z,Mobile,United States,Existing
USR01030,control,2026-05-01T00:00:00Z,Mobile,United States,New
USR01031,improved_results,2026-05-01T00:00:00Z,Desktop,United States,Existing
USR01032,control,2026-05-01T00:00:00Z,Desktop,United States,Existing
USR01033,improved_results,2026-05-01T00:00:00Z,TV,Canada,New
USR01034,improved_results,2026-05-01T00:00:00Z,Desktop,United States,Existing
USR01035,control,2026-05-01T00:00:00Z,Mobile,Canada,New
USR01036,improved_results,2026-05-01T00:00:00Z,TV,United Kingdom,Existing
USR01037,control,2026-05-01T00:00:00Z,Mobile,United States,Existing
USR01038,control,2026-05-01T00:00:00Z,Desktop,United States,Existing
USR01039,improved_results,2026-05-01T00:00:00Z,TV,United States,Existing
USR01040,improved_results,2026-05-01T00:00:00Z,Desktop,United States,Existing
USR01041,control,2026-05-01T00:00:00Z,Desktop,United States,Existing
USR01042,improved_results,2026-05-01T00:00:00Z,Mobile,Other,Existing
USR01043,control,2026-05-01T00:00:00Z,Desktop,United States,Existing
USR01044,control,2026-05-01T00:00:00Z,Mobile,Other,Existing
USR01045,improved_results,2026-05-01T00:00:00Z,Mobile,United States,New
USR01046,control,2026-05-01T00:00:00Z,Desktop,United Kingdom,Existing
USR01047,control,2026-05-01T00:00:00Z,Desktop,United Kingdom,New
USR01048,improved_results,2026-05-01T00:00:00Z,Desktop,United States,Existing
USR01049,improved_results,2026-05-01T00:00:00Z,Mobile,United States,Existing
USR01050,control,2026-05-01T00:00:00Z,Desktop,United Kingdom,New
USR01051,control,2026-05-01T00:00:00Z,Mobile,United Kingdom,New
USR01052,improved_results,2026-05-01T00:00:00Z,Mobile,United States,Existing
USR01053,improved_results,2026-05-01T00:00:00Z,Mobile,United States,New
USR01054,control,2026-05-01T00:00:00Z,Mobile,United States,New
USR01055,control,2026-05-01T00:00:00Z,TV,United States,Existing
USR01056,control,2026-05-01T00:00:00Z,Desktop,United States,Existing
USR01057,improved_results,2026-05-01T00:00:00Z,TV,United States,Existing
USR01058,control,2026-05-01T00:00:00Z,Desktop,United States,Existing
USR01059,improved_results,2026-05-01T00:00:00Z,Desktop,United States,Existing
USR01060,improved_results,2026-05-01T00:00:00Z,Desktop,United States,Existing
USR01061,improved_results,2026-05-01T00:00:00Z,Mobile,United States,New
USR01062,control,2026-05-01T00:00:00Z,Mobile,United States,Existing
USR01063,control,2026-05-01T00:00:00Z,Mobile,United States,New
USR01064,improved_results,2026-05-01T00:00:00Z,Mobile,Other,Existing
USR01065,improved_results,2026-05-01T00:00:00Z,Mobile,Other,Existing
USR01066,improved_results,2026-05-01T00:00:00Z,Desktop,United Kingdom,New
USR01067,improved_results,2026-05-01T00:00:00Z,Desktop,United States,Existing
USR01068,control,2026-05-01T00:00:00Z,Desktop,United States,Existing
USR01069,improved_results,2026-05-01T00:00:00Z,Mobile,Canada,Existing
USR01070,improved_results,2026-05-01T00:00:00Z,Mobile,Canada,New
USR01071,control,2026-05-01T00:00:00Z,Desktop,United Kingdom,Existing
USR01072,control,2026-05-01T00:00:00Z,Mobile,United States,Existing
USR01073,control,2026-05-01T00:00:00Z,TV,United States,Existing
USR01074,control,2026-05-01T00:00:00Z,Mobile,United States,Existing
USR01075,control,2026-05-01T00:00:00Z,Desktop,Canada,Existing
USR01076,improved_results,2026-05-01T00:00:00Z,Mobile,United States,Existing
USR01077,improved_results,2026-05-01T00:00:00Z,Desktop,United Kingdom,Existing
USR01078,control,2026-05-01T00:00:00Z,Mobile,Canada,Existing
USR01079,improved_results,2026-05-01T00:00:00Z,Mobile,United States,Existing
USR01080,improved_results,2026-05-01T00:00:00Z,Mobile,United States,Existing
USR01081,control,2026-05-01T00:00:00Z,Mobile,United States,New
USR01082,improved_results,2026-05-01T00:00:00Z,Mobile,Other,Existing
USR01083,improved_results,2026-05-01T00:00:00Z,Mobile,Canada,New
USR01084,control,2026-05-01T00:00:00Z,Desktop,United States,Existing
USR01085,improved_results,2026-05-01T00:00:00Z,Mobile,United States,Existing
USR01086,control,2026-05-01T00:00:00Z,Mobile,United States,New
USR01087,control,2026-05-01T00:00:00Z,Mobile,United States,New
USR01088,improved_results,2026-05-01T00:00:00Z,Desktop,United States,New
USR01089,control,2026-05-01T00:00:00Z,Desktop,United States,Existing
USR01090,improved_results,2026-05-01T00:00:00Z,Desktop,United States,Existing
USR01091,improved_results,2026-05-01T00:00:00Z,Mobile,United States,Existing
USR01092,improved_results,2026-05-01T00:00:00Z,Desktop,United States,Existing
USR01093,control,2026-05-01T00:00:00Z,Mobile,United States,New
USR01094,improved_results,2026-05-01T00:00:00Z,Mobile,Other,Existing
USR01095,improved_results,2026-05-01T00:00:00Z,Desktop,United States,Existing
USR01096,control,2026-05-01T00:00:00Z,Desktop,United States,Existing
USR01097,control,2026-05-01T00:00:00Z,Mobile,Other,Existing
USR01098,improved_results,2026-05-01T00:00:00Z,Mobile,United States,Existing
USR01099,improved_results,2026-05-01T00:00:00Z,Desktop,Other,Existing
USR01100,improved_results,2026-05-01T00:00:00Z,TV,United Kingdom,Existing
USR01101,improved_results,2026-05-01T00:00:00Z,Mobile,United Kingdom,Existing
USR01102,control,2026-05-01T00:00:00Z,Desktop,United States,New
USR01103,improved_results,2026-05-01T00:00:00Z,TV,Canada,Existing
USR01104,control,2026-05-01T00:00:00Z,Desktop,United States,Existing
USR01105,improved_results,2026-05-01T00:00:00Z,Mobile,United States,New
USR01106,control,2026-05-01T00:00:00Z,Mobile,United States,Existing
USR01107,control,2026-05-01T00:00:00Z,Mobile,United States,Existing
USR01108,improved_results,2026-05-01T00:00:00Z,Desktop,United States,Existing
USR01109,control,2026-05-01T00:00:00Z,Mobile,United States,Existing
USR01110,control,2026-05-01T00:00:00Z,Mobile,United States,New
USR01111,improved_results,2026-05-01T00:00:00Z,Desktop,Canada,Existing
USR01112,control,2026-05-01T00:00:00Z,Desktop,United States,Existing
USR01113,control,2026-05-01T00:00:00Z,Desktop,Other,Existing
USR01114,improved_results,2026-05-01T00:00:00Z,Mobile,United States,New
USR01115,improved_results,2026-05-01T00:00:00Z,Mobile,Canada,New
USR01116,improved_results,2026-05-01T00:00:00Z,TV,United States,New
USR01117,improved_results,2026-05-01T00:00:00Z,Mobile,United States,Existing
USR01118,control,2026-05-01T00:00:00Z,Mobile,United States,Existing
USR01119,control,2026-05-01T00:00:00Z,Mobile,United States,Existing
USR01120,improved_results,2026-05-01T00:00:00Z,Mobile,Canada,Existing
USR01121,improved_results,2026-05-01T00:00:00Z,Desktop,United States,Existing
USR01122,improved_results,2026-05-01T00:00:00Z,Mobile,Canada,Existing
USR01123,improved_results,2026-05-01T00:00:00Z,Mobile,United Kingdom,Existing
USR01124,improved_results,2026-05-01T00:00:00Z,Mobile,Other,Existing
USR01125,control,2026-05-01T00:00:00Z,Mobile,United Kingdom,Existing
USR01126,improved_results,2026-05-01T00:00:00Z,Mobile,United States,Existing
USR01127,control,2026-05-01T00:00:00Z,Desktop,Other,Existing
USR01128,improved_results,2026-05-01T00:00:00Z,Desktop,United States,Existing
USR01129,improved_results,2026-05-01T00:00:00Z,Desktop,Canada,Existing
USR01130,control,2026-05-01T00:00:00Z,TV,United States,Existing
USR01131,improved_results,2026-05-01T00:00:00Z,Mobile,United States,New
USR01132,control,2026-05-01T00:00:00Z,Mobile,United Kingdom,Existing
USR01133,improved_results,2026-05-01T00:00:00Z,Desktop,United States,Existing
USR01134,improved_results,2026-05-01T00:00:00Z,Mobile,Canada,Existing
USR01135,improved_results,2026-05-01T00:00:00Z,Desktop,Canada,Existing
USR01136,improved_results,2026-05-01T00:00:00Z,Mobile,United Kingdom,Existing
USR01137,control,2026-05-01T00:00:00Z,Mobile,Canada,Existing
USR01138,improved_results,2026-05-01T00:00:00Z,Mobile,United States,New
USR01139,improved_results,2026-05-01T00:00:00Z,Mobile,United States,New
USR01140,improved_results,2026-05-01T00:00:00Z,TV,United Kingdom,Existing
USR01141,improved_results,2026-05-01T00:00:00Z,Mobile,United States,New
USR01142,control,2026-05-01T00:00:00Z,Mobile,Canada,Existing
USR01143,improved_results,2026-05-01T00:00:00Z,TV,United Kingdom,Existing
USR01144,improved_results,2026-05-01T00:00:00Z,Mobile,United States,Existing
USR01145,control,2026-05-01T00:00:00Z,Mobile,Other,Existing
USR01146,improved_results,2026-05-01T00:00:00Z,Desktop,United States,New
USR01147,improved_results,2026-05-01T00:00:00Z,Mobile,United Kingdom,Existing
USR01148,control,2026-05-01T00:00:00Z,Desktop,United States,New
USR01149,improved_results,2026-05-01T00:00:00Z,Desktop,United States,Existing
USR01150,improved_results,2026-05-01T00:00:00Z,Mobile,United States,Existing
USR01151,control,2026-05-01T00:00:00Z,TV,United States,Existing
USR01152,control,2026-05-01T00:00:00Z,Mobile,United States,Existing
USR01153,control,2026-05-01T00:00:00Z,TV,United States,Existing
USR01154,improved_results,2026-05-01T00:00:00Z,Desktop,United States,New
USR01155,control,2026-05-01T00:00:00Z,Mobile,Canada,New
USR01156,improved_results,2026-05-01T00:00:00Z,TV,Other,Existing
USR01157,improved_results,2026-05-01T00:00:00Z,TV,United States,Existing
USR01158,improved_results,2026-05-01T00:00:00Z,Desktop,United Kingdom,New
USR01159,control,2026-05-01T00:00:00Z,Desktop,United States,New
USR01160,control,2026-05-01T00:00:00Z,Mobile,United States,New
USR01161,control,2026-05-01T00:00:00Z,Mobile,United Kingdom,New
USR01162,control,2026-05-01T00:00:00Z,TV,United Kingdom,Existing
USR01163,control,2026-05-01T00:00:00Z,Mobile,Canada,Existing
USR01164,improved_results,2026-05-01T00:00:00Z,TV,Canada,Existing
USR01165,control,2026-05-01T00:00:00Z,Mobile,United Kingdom,New
USR01166,improved_results,2026-05-01T00:00:00Z,Mobile,Other,Existing
USR01167,control,2026-05-01T00:00:00Z,TV,United States,Existing
USR01168,improved_results,2026-05-01T00:00:00Z,Desktop,Other,Existing
USR01169,improved_results,2026-05-01T00:00:00Z,Mobile,United States,New
USR01170,improved_results,2026-05-01T00:00:00Z,Mobile,United States,New
USR01171,improved_results,2026-05-01T00:00:00Z,TV,United States,Existing
USR01172,improved_results,2026-05-01T00:00:00Z,Mobile,United States,Existing
USR01173,control,2026-05-01T00:00:00Z,Mobile,Other,Existing
USR01174,improved_results,2026-05-01T00:00:00Z,Mobile,United Kingdom,New
USR01175,control,2026-05-01T00:00:00Z,TV,Other,Existing
USR01176,improved_results,2026-05-01T00:00:00Z,Desktop,United States,Existing
USR01177,control,2026-05-01T00:00:00Z,Mobile,Canada,Existing
USR01178,control,2026-05-01T00:00:00Z,Desktop,Other,Existing
USR01179,control,2026-05-01T00:00:00Z,Mobile,Other,New
USR01180,control,2026-05-01T00:00:00Z,Mobile,United States,Existing
USR01181,improved_results,2026-05-01T00:00:00Z,Mobile,United States,Existing
USR01182,control,2026-05-01T00:00:00Z,Mobile,United States,Existing
USR01183,control,2026-05-01T00:00:00Z,Desktop,United Kingdom,New
USR01184,improved_results,2026-05-01T00:00:00Z,Mobile,United States,New
USR01185,control,2026-05-01T00:00:00Z,Desktop,United States,Existing
USR01186,improved_results,2026-05-01T00:00:00Z,Mobile,United States,Existing
USR01187,control,2026-05-01T00:00:00Z,Desktop,Other,Existing
USR01188,improved_results,2026-05-01T00:00:00Z,Desktop,United States,Existing
USR01189,control,2026-05-01T00:00:00Z,Mobile,United States,Existing
USR01190,control,2026-05-01T00:00:00Z,Mobile,United States,Existing
USR01191,improved_results,2026-05-01T00:00:00Z,Mobile,United States,Existing
USR01192,improved_results,2026-05-01T00:00:00Z,Mobile,Other,Existing
USR01193,control,2026-05-01T00:00:00Z,Mobile,United States,Existing
USR01194,control,2026-05-01T00:00:00Z,Desktop,United States,New
USR01195,improved_results,2026-05-01T00:00:00Z,Desktop,United States,Existing
USR01196,control,2026-05-01T00:00:00Z,Mobile,Other,New
USR01197,control,2026-05-01T00:00:00Z,Mobile,United Kingdom,New
USR01198,improved_results,2026-05-01T00:00:00Z,Desktop,United States,New
USR01199,improved_results,2026-05-01T00:00:00Z,Desktop,United States,Existing
USR01200,control,2026-05-01T00:00:00Z,Mobile,United States,Existing
USR01201,control,2026-05-01T00:00:00Z,TV,United States,Existing
USR01202,control,2026-05-01T00:00:00Z,Desktop,United States,Existing
USR01203,improved_results,2026-05-01T00:00:00Z,Mobile,United States,Existing
USR01204,control,2026-05-01T00:00:00Z,Mobile,United States,Existing
USR01205,control,2026-05-01T00:00:00Z,Mobile,Other,Existing
USR01206,control,2026-05-01T00:00:00Z,TV,United States,Existing
USR01207,control,2026-05-01T00:00:00Z,Mobile,United States,Existing
USR01208,improved_results,2026-05-01T00:00:00Z,TV,United States,Existing
USR01209,control,2026-05-01T00:00:00Z,Mobile,United States,Existing
USR01210,control,2026-05-01T00:00:00Z,TV,Other,Existing
USR01211,control,2026-05-01T00:00:00Z,TV,United States,New
USR01212,control,2026-05-01T00:00:00Z,TV,United States,Existing
USR01213,control,2026-05-01T00:00:00Z,Desktop,United Kingdom,Existing
USR01214,improved_results,2026-05-01T00:00:00Z,TV,United States,Existing
USR01215,improved_results,2026-05-01T00:00:00Z,Mobile,United States,New
USR01216,improved_results,2026-05-01T00:00:00Z,TV,United States,Existing
USR01217,improved_results,2026-05-01T00:00:00Z,Mobile,Other,Existing
USR01218,improved_results,2026-05-01T00:00:00Z,Mobile,Canada,Existing
USR01219,improved_results,2026-05-01T00:00:00Z,Mobile,Other,New
USR01220,improved_results,2026-05-01T00:00:00Z,Mobile,United States,Existing
USR01221,control,2026-05-01T00:00:00Z,Mobile,United Kingdom,Existing
USR01222,improved_results,2026-05-01T00:00:00Z,Mobile,United States,Existing
USR01223,improved_results,2026-05-01T00:00:00Z,Mobile,United States,Existing
USR01224,improved_results,2026-05-01T00:00:00Z,Mobile,United States,Existing
USR01225,control,2026-05-01T00:00:00Z,Desktop,United States,New
USR01226,improved_results,2026-05-01T00:00:00Z,Desktop,United States,New
USR01227,control,2026-05-01T00:00:00Z,Mobile,United States,Existing
USR01228,improved_results,2026-05-01T00:00:00Z,Mobile,United States,Existing
USR01229,control,2026-05-01T00:00:00Z,TV,Other,Existing
USR01230,control,2026-05-01T00:00:00Z,Mobile,United States,Existing
USR01231,improved_results,2026-05-01T00:00:00Z,Desktop,United Kingdom,Existing
USR01232,improved_results,2026-05-01T00:00:00Z,TV,United States,Existing
USR01233,improved_results,2026-05-01T00:00:00Z,Mobile,United States,New
USR01234,control,2026-05-01T00:00:00Z,Desktop,United States,New
USR01235,control,2026-05-01T00:00:00Z,TV,United States,New
USR01236,control,2026-05-01T00:00:00Z,Mobile,Other,Existing
USR01237,control,2026-05-01T00:00:00Z,Desktop,United Kingdom,Existing
USR01238,control,2026-05-01T00:00:00Z,Mobile,United States,Existing
USR01239,control,2026-05-01T00:00:00Z,Mobile,United States,Existing
USR01240,control,2026-05-01T00:00:00Z,Desktop,United States,Existing
USR01241,improved_results,2026-05-01T00:00:00Z,Desktop,United States,New
USR01242,control,2026-05-01T00:00:00Z,Mobile,Canada,Existing
USR01243,control,2026-05-01T00:00:00Z,Mobile,United States,Existing
USR01244,improved_results,2026-05-01T00:00:00Z,Mobile,United States,Existing
USR01245,improved_results,2026-05-01T00:00:00Z,TV,Canada,New
USR01246,control,2026-05-01T00:00:00Z,Mobile,United States,Existing
USR01247,control,2026-05-01T00:00:00Z,Mobile,Other,New
USR01248,control,2026-05-01T00:00:00Z,Mobile,Canada,Existing
USR01249,improved_results,2026-05-01T00:00:00Z,Desktop,United States,Existing
USR01250,improved_results,2026-05-01T00:00:00Z,Mobile,Other,Existing
USR01251,control,2026-05-01T00:00:00Z,TV,Other,New
USR01252,control,2026-05-01T00:00:00Z,Desktop,United Kingdom,Existing
USR01253,improved_results,2026-05-01T00:00:00Z,Desktop,Canada,Existing
USR01254,improved_results,2026-05-01T00:00:00Z,Desktop,United States,Existing
USR01255,control,2026-05-01T00:00:00Z,Mobile,Other,Existing
USR01256,control,2026-05-01T00:00:00Z,TV,United States,Existing
USR01257,improved_results,2026-05-01T00:00:00Z,Mobile,United Kingdom,Existing
USR01258,improved_results,2026-05-01T00:00:00Z,Mobile,United States,Existing
USR01259,control,2026-05-01T00:00:00Z,TV,United Kingdom,Existing
USR01260,improved_results,2026-05-01T00:00:00Z,Mobile,United States,Existing
USR01261,improved_results,2026-05-01T00:00:00Z,Desktop,United States,Existing
USR01262,control,2026-05-01T00:00:00Z,Mobile,United Kingdom,New
USR01263,control,2026-05-01T00:00:00Z,Mobile,United States,New
USR01264,improved_results,2026-05-01T00:00:00Z,Desktop,Canada,Existing
USR01265,improved_results,2026-05-01T00:00:00Z,Mobile,Canada,Existing
USR01266,control,2026-05-01T00:00:00Z,Mobile,United States,New
USR01267,control,2026-05-01T00:00:00Z,Desktop,Other,New
USR01268,control,2026-05-01T00:00:00Z,Mobile,United States,Existing
USR01269,control,2026-05-01T00:00:00Z,TV,United States,Existing
USR01270,control,2026-05-01T00:00:00Z,Mobile,Other,New
USR01271,improved_results,2026-05-01T00:00:00Z,Mobile,United Kingdom,Existing
USR01272,control,2026-05-01T00:00:00Z,TV,United States,New
USR01273,improved_results,2026-05-01T00:00:00Z,TV,United Kingdom,Existing
USR01274,improved_results,2026-05-01T00:00:00Z,Mobile,Other,Existing
USR01275,control,2026-05-01T00:00:00Z,Mobile,United States,Existing
USR01276,control,2026-05-01T00:00:00Z,Mobile,United States,Existing
USR01277,improved_results,2026-05-01T00:00:00Z,Desktop,United States,New
USR01278,improved_results,2026-05-01T00:00:00Z,Mobile,United States,Existing
USR01279,improved_results,2026-05-01T00:00:00Z,Mobile,United States,New
USR01280,improved_results,2026-05-01T00:00:00Z,Mobile,United States,Existing
USR01281,control,2026-05-01T00:00:00Z,Mobile,United States,New
USR01282,control,2026-05-01T00:00:00Z,Mobile,Other,Existing
USR01283,improved_results,2026-05-01T00:00:00Z,Mobile,United States,New
USR01284,control,2026-05-01T00:00:00Z,Desktop,Other,Existing
USR01285,improved_results,2026-05-01T00:00:00Z,Mobile,United States,Existing
USR01286,improved_results,2026-05-01T00:00:00Z,Desktop,Other,Existing
USR01287,control,2026-05-01T00:00:00Z,TV,United States,New
USR01288,improved_results,2026-05-01T00:00:00Z,Desktop,Other,Existing
USR01289,improved_results,2026-05-01T00:00:00Z,Desktop,United States,Existing
USR01290,improved_results,2026-05-01T00:00:00Z,Desktop,United States,Existing
USR01291,control,2026-05-01T00:00:00Z,Mobile,United Kingdom,Existing
USR01292,control,2026-05-01T00:00:00Z,Mobile,United States,New
USR01293,improved_results,2026-05-01T00:00:00Z,Desktop,Other,Existing
USR01294,improved_results,2026-05-01T00:00:00Z,Mobile,United States,New
USR01295,improved_results,2026-05-01T00:00:00Z,Desktop,Other,New
USR01296,improved_results,2026-05-01T00:00:00Z,Mobile,United States,New
USR01297,control,2026-05-01T00:00:00Z,Mobile,United States,New
USR01298,improved_results,2026-05-01T00:00:00Z,Mobile,United States,Existing
USR01299,control,2026-05-01T00:00:00Z,Mobile,Canada,Existing
USR01300,control,2026-05-01T00:00:00Z,Mobile,United Kingdom,Existing
USR01301,improved_results,2026-05-01T00:00:00Z,Mobile,United States,Existing
USR01302,improved_results,2026-05-01T00:00:00Z,Mobile,United States,New
USR01303,improved_results,2026-05-01T00:00:00Z,Mobile,United States,Existing
USR01304,control,2026-05-01T00:00:00Z,Mobile,United States,New
USR01305,improved_results,2026-05-01T00:00:00Z,Desktop,United States,Existing
USR01306,improved_results,2026-05-01T00:00:00Z,TV,Other,Existing
USR01307,control,2026-05-01T00:00:00Z,TV,United States,Existing
USR01308,improved_results,2026-05-01T00:00:00Z,TV,United States,Existing
USR01309,improved_results,2026-05-01T00:00:00Z,Desktop,United States,Existing
USR01310,control,2026-05-01T00:00:00Z,Mobile,United States,New
USR01311,control,2026-05-01T00:00:00Z,TV,United States,New
USR01312,improved_results,2026-05-01T00:00:00Z,Mobile,Canada,Existing
USR01313,improved_results,2026-05-01T00:00:00Z,Mobile,United States,Existing
USR01314,control,2026-05-01T00:00:00Z,Mobile,United States,Existing
USR01315,improved_results,2026-05-01T00:00:00Z,TV,United Kingdom,Existing
USR01316,improved_results,2026-05-01T00:00:00Z,Desktop,United States,Existing
USR01317,control,2026-05-01T00:00:00Z,TV,United States,New
USR01318,control,2026-05-01T00:00:00Z,Mobile,United Kingdom,Existing
USR01319,control,2026-05-01T00:00:00Z,TV,Canada,New
USR01320,improved_results,2026-05-01T00:00:00Z,Desktop,United States,Existing
USR01321,control,2026-05-01T00:00:00Z,Mobile,United States,Existing
USR01322,control,2026-05-01T00:00:00Z,Mobile,Canada,Existing
USR01323,improved_results,2026-05-01T00:00:00Z,Mobile,Canada,New
USR01324,control,2026-05-01T00:00:00Z,Mobile,United States,Existing
USR01325,improved_results,2026-05-01T00:00:00Z,Desktop,Canada,Existing
USR01326,control,2026-05-01T00:00:00Z,Mobile,United Kingdom,Existing
USR01327,control,2026-05-01T00:00:00Z,Mobile,United Kingdom,New
USR01328,control,2026-05-01T00:00:00Z,Desktop,United States,Existing
USR01329,improved_results,2026-05-01T00:00:00Z,Mobile,Other,Existing
USR01330,improved_results,2026-05-01T00:00:00Z,Desktop,Other,Existing
USR01331,control,2026-05-01T00:00:00Z,TV,United Kingdom,New
USR01332,improved_results,2026-05-01T00:00:00Z,Mobile,United Kingdom,Existing
USR01333,improved_results,2026-05-01T00:00:00Z,Mobile,Canada,Existing
USR01334,control,2026-05-01T00:00:00Z,Mobile,Canada,Existing
USR01335,control,2026-05-01T00:00:00Z,Mobile,Canada,Existing
USR01336,control,2026-05-01T00:00:00Z,Mobile,United States,Existing
USR01337,improved_results,2026-05-01T00:00:00Z,Desktop,United States,New
USR01338,control,2026-05-01T00:00:00Z,Mobile,United States,New
USR01339,control,2026-05-01T00:00:00Z,Mobile,United States,Existing
USR01340,control,2026-05-01T00:00:00Z,Mobile,United States,New
USR01341,control,2026-05-01T00:00:00Z,Desktop,Other,New
USR01342,control,2026-05-01T00:00:00Z,Mobile,Canada,Existing
USR01343,control,2026-05-01T00:00:00Z,TV,United States,Existing
USR01344,control,2026-05-01T00:00:00Z,TV,Other,Existing
USR01345,improved_results,2026-05-01T00:00:00Z,Mobile,United States,Existing
USR01346,control,2026-05-01T00:00:00Z,Mobile,United States,Existing
USR01347,improved_results,2026-05-01T00:00:00Z,Desktop,Canada,Existing
USR01348,improved_results,2026-05-01T00:00:00Z,TV,United Kingdom,Existing
USR01349,control,2026-05-01T00:00:00Z,Mobile,United Kingdom,Existing
USR01350,control,2026-05-01T00:00:00Z,Desktop,United Kingdom,New
USR01351,control,2026-05-01T00:00:00Z,Mobile,United States,New
USR01352,control,2026-05-01T00:00:00Z,Mobile,United States,Existing
USR01353,control,2026-05-01T00:00:00Z,TV,Other,Existing
USR01354,control,2026-05-01T00:00:00Z,Mobile,United States,Existing
USR01355,control,2026-05-01T00:00:00Z,TV,United States,Existing
USR01356,improved_results,2026-05-01T00:00:00Z,Mobile,United States,New
USR01357,control,2026-05-01T00:00:00Z,Desktop,United States,Existing
USR01358,improved_results,2026-05-01T00:00:00Z,TV,United States,Existing
USR01359,improved_results,2026-05-01T00:00:00Z,Desktop,United Kingdom,Existing
USR01360,control,2026-05-01T00:00:00Z,Mobile,United States,Existing
USR01361,control,2026-05-01T00:00:00Z,Mobile,Canada,New
USR01362,control,2026-05-01T00:00:00Z,Mobile,United Kingdom,New
USR01363,improved_results,2026-05-01T00:00:00Z,TV,United States,Existing
USR01364,control,2026-05-01T00:00:00Z,Mobile,Other,New
USR01365,improved_results,2026-05-01T00:00:00Z,Mobile,United Kingdom,Existing
USR01366,improved_results,2026-05-01T00:00:00Z,Mobile,Other,Existing
USR01367,control,2026-05-01T00:00:00Z,Mobile,Other,Existing
USR01368,improved_results,2026-05-01T00:00:00Z,Mobile,United States,Existing
USR01369,control,2026-05-01T00:00:00Z,Mobile,Canada,Existing
USR01370,control,2026-05-01T00:00:00Z,TV,United Kingdom,New
USR01371,control,2026-05-01T00:00:00Z,Mobile,United States,New
USR01372,improved_results,2026-05-01T00:00:00Z,Desktop,United Kingdom,Existing
USR01373,improved_results,2026-05-01T00:00:00Z,Mobile,United States,Existing
USR01374,improved_results,2026-05-01T00:00:00Z,Desktop,United States,Existing
USR01375,improved_results,2026-05-01T00:00:00Z,Desktop,United Kingdom,New
USR01376,control,2026-05-01T00:00:00Z,Mobile,Canada,Existing
USR01377,control,2026-05-01T00:00:00Z,Mobile,United Kingdom,Existing
USR01378,improved_results,2026-05-01T00:00:00Z,Desktop,United States,New
USR01379,control,2026-05-01T00:00:00Z,Desktop,United States,Existing
USR01380,control,2026-05-01T00:00:00Z,TV,United States,Existing
USR01381,improved_results,2026-05-01T00:00:00Z,Mobile,United States,Existing
USR01382,control,2026-05-01T00:00:00Z,Mobile,United States,Existing
USR01383,control,2026-05-01T00:00:00Z,Mobile,Other,Existing
USR01384,improved_results,2026-05-01T00:00:00Z,Mobile,United States,New
USR01385,improved_results,2026-05-01T00:00:00Z,TV,United States,New
USR01386,control,2026-05-01T00:00:00Z,Mobile,United States,New
USR01387,improved_results,2026-05-01T00:00:00Z,Mobile,Canada,Existing
USR01388,control,2026-05-01T00:00:00Z,Mobile,United States,Existing
USR01389,control,2026-05-01T00:00:00Z,Desktop,United States,Existing
USR01390,control,2026-05-01T00:00:00Z,Mobile,United Kingdom,New
USR01391,improved_results,2026-05-01T00:00:00Z,Mobile,United States,Existing
USR01392,improved_results,2026-05-01T00:00:00Z,Mobile,United States,Existing
USR01393,improved_results,2026-05-01T00:00:00Z,Desktop,Other,Existing
USR01394,improved_results,2026-05-01T00:00:00Z,Desktop,United States,Existing
USR01395,improved_results,2026-05-01T00:00:00Z,Mobile,United Kingdom,Existing
USR01396,improved_results,2026-05-01T00:00:00Z,Mobile,United States,Existing
USR01397,control,2026-05-01T00:00:00Z,Mobile,Other,Existing
USR01398,improved_results,2026-05-01T00:00:00Z,Desktop,United States,Existing
USR01399,control,2026-05-01T00:00:00Z,Mobile,Other,Existing
USR01400,improved_results,2026-05-01T00:00:00Z,Desktop,United States,New
USR01401,control,2026-05-01T00:00:00Z,Desktop,United Kingdom,Existing
USR01402,improved_results,2026-05-01T00:00:00Z,Mobile,United States,Existing
USR01403,control,2026-05-01T00:00:00Z,Desktop,United States,Existing
USR01404,control,2026-05-01T00:00:00Z,Mobile,United States,New
USR01405,control,2026-05-01T00:00:00Z,Mobile,United States,Existing
USR01406,control,2026-05-01T00:00:00Z,Desktop,United States,Existing
USR01407,control,2026-05-01T00:00:00Z,Desktop,United States,Existing
USR01408,improved_results,2026-05-01T00:00:00Z,TV,United Kingdom,Existing
USR01409,improved_results,2026-05-01T00:00:00Z,Desktop,United States,Existing
USR01410,control,2026-05-01T00:00:00Z,Mobile,United States,Existing
USR01411,control,2026-05-01T00:00:00Z,Desktop,United States,New
USR01412,improved_results,2026-05-01T00:00:00Z,TV,United States,Existing
USR01413,improved_results,2026-05-01T00:00:00Z,Mobile,United States,Existing
USR01414,control,2026-05-01T00:00:00Z,Mobile,United States,Existing
USR01415,control,2026-05-01T00:00:00Z,Desktop,United States,Existing
USR01416,improved_results,2026-05-01T00:00:00Z,Desktop,United States,Existing
USR01417,improved_results,2026-05-01T00:00:00Z,Mobile,Other,Existing
USR01418,improved_results,2026-05-01T00:00:00Z,Mobile,Canada,New
USR01419,control,2026-05-01T00:00:00Z,Mobile,Canada,Existing
USR01420,control,2026-05-01T00:00:00Z,Mobile,United States,Existing
USR01421,improved_results,2026-05-01T00:00:00Z,TV,Canada,Existing
USR01422,improved_results,2026-05-01T00:00:00Z,TV,United States,Existing
USR01423,control,2026-05-01T00:00:00Z,Mobile,Other,Existing
USR01424,control,2026-05-01T00:00:00Z,Mobile,United States,New
USR01425,improved_results,2026-05-01T00:00:00Z,Mobile,United States,New
USR01426,control,2026-05-01T00:00:00Z,Desktop,United States,Existing
USR01427,improved_results,2026-05-01T00:00:00Z,Mobile,United States,New
USR01428,control,2026-05-01T00:00:00Z,Mobile,United States,Existing
USR01429,control,2026-05-01T00:00:00Z,TV,United States,Existing
USR01430,improved_results,2026-05-01T00:00:00Z,Mobile,United States,Existing
USR01431,improved_results,2026-05-01T00:00:00Z,Desktop,United States,Existing
USR01432,improved_results,2026-05-01T00:00:00Z,Mobile,United States,Existing
USR01433,improved_results,2026-05-01T00:00:00Z,Mobile,United States,New
USR01434,improved_results,2026-05-01T00:00:00Z,Desktop,United States,Existing
USR01435,improved_results,2026-05-01T00:00:00Z,Mobile,United States,Existing
USR01436,improved_results,2026-05-01T00:00:00Z,TV,United States,Existing
USR01437,improved_results,2026-05-01T00:00:00Z,Mobile,United States,Existing
USR01438,improved_results,2026-05-01T00:00:00Z,Mobile,United States,Existing
USR01439,improved_results,2026-05-01T00:00:00Z,TV,United Kingdom,Existing
USR01440,control,2026-05-01T00:00:00Z,TV,Canada,Existing
USR01441,control,2026-05-01T00:00:00Z,Desktop,Other,New
USR01442,control,2026-05-01T00:00:00Z,Mobile,United States,Existing
USR01443,control,2026-05-01T00:00:00Z,Desktop,Other,Existing
USR01444,control,2026-05-01T00:00:00Z,TV,United States,New
USR01445,improved_results,2026-05-01T00:00:00Z,Desktop,Other,Existing
USR01446,control,2026-05-01T00:00:00Z,Desktop,Canada,Existing
USR01447,improved_results,2026-05-01T00:00:00Z,Mobile,United Kingdom,Existing
USR01448,control,2026-05-01T00:00:00Z,TV,Canada,New
USR01449,improved_results,2026-05-01T00:00:00Z,Mobile,United States,Existing
USR01450,improved_results,2026-05-01T00:00:00Z,TV,Other,Existing
USR01451,improved_results,2026-05-01T00:00:00Z,Mobile,United States,Existing
USR01452,improved_results,2026-05-01T00:00:00Z,Mobile,United States,Existing
USR01453,control,2026-05-01T00:00:00Z,Mobile,United States,New
USR01454,improved_results,2026-05-01T00:00:00Z,Desktop,United Kingdom,Existing
USR01455,improved_results,2026-05-01T00:00:00Z,Desktop,United States,Existing
USR01456,control,2026-05-01T00:00:00Z,Mobile,United States,New
USR01457,improved_results,2026-05-01T00:00:00Z,Mobile,United Kingdom,Existing
USR01458,improved_results,2026-05-01T00:00:00Z,Mobile,United States,New
USR01459,control,2026-05-01T00:00:00Z,Mobile,United Kingdom,New
USR01460,control,2026-05-01T00:00:00Z,Mobile,United States,New
USR01461,control,2026-05-01T00:00:00Z,TV,United States,Existing
USR01462,improved_results,2026-05-01T00:00:00Z,Desktop,United States,Existing
USR01463,control,2026-05-01T00:00:00Z,Mobile,United States,Existing
USR01464,improved_results,2026-05-01T00:00:00Z,Mobile,United States,Existing
USR01465,control,2026-05-01T00:00:00Z,Desktop,United States,Existing
USR01466,improved_results,2026-05-01T00:00:00Z,TV,Canada,Existing
USR01467,improved_results,2026-05-01T00:00:00Z,Mobile,Canada,Existing
USR01468,improved_results,2026-05-01T00:00:00Z,TV,United States,Existing
USR01469,improved_results,2026-05-01T00:00:00Z,Mobile,United States,Existing
USR01470,improved_results,2026-05-01T00:00:00Z,Mobile,Other,New
USR01471,improved_results,2026-05-01T00:00:00Z,Mobile,United States,Existing
USR01472,improved_results,2026-05-01T00:00:00Z,Mobile,United States,Existing
USR01473,control,2026-05-01T00:00:00Z,Desktop,United States,Existing
USR01474,control,2026-05-01T00:00:00Z,Desktop,United States,New
USR01475,improved_results,2026-05-01T00:00:00Z,Desktop,United States,Existing
USR01476,improved_results,2026-05-01T00:00:00Z,Mobile,United States,Existing
USR01477,improved_results,2026-05-01T00:00:00Z,Mobile,United States,New
USR01478,control,2026-05-01T00:00:00Z,TV,United States,New
USR01479,control,2026-05-01T00:00:00Z,Mobile,Canada,Existing
USR01480,control,2026-05-01T00:00:00Z,Desktop,United States,Existing
USR01481,control,2026-05-01T00:00:00Z,Mobile,United States,New
USR01482,improved_results,2026-05-01T00:00:00Z,Mobile,United States,Existing
USR01483,control,2026-05-01T00:00:00Z,TV,United States,New
USR01484,improved_results,2026-05-01T00:00:00Z,Mobile,Other,Existing
USR01485,improved_results,2026-05-01T00:00:00Z,Desktop,United States,Existing
USR01486,improved_results,2026-05-01T00:00:00Z,Mobile,United States,Existing
USR01487,improved_results,2026-05-01T00:00:00Z,TV,United States,Existing
USR01488,control,2026-05-01T00:00:00Z,TV,United States,Existing
USR01489,improved_results,2026-05-01T00:00:00Z,Mobile,United States,Existing
USR01490,improved_results,2026-05-01T00:00:00Z,Mobile,Canada,Existing
USR01491,control,2026-05-01T00:00:00Z,Desktop,Canada,Existing
USR01492,improved_results,2026-05-01T00:00:00Z,Desktop,United States,Existing
USR01493,control,2026-05-01T00:00:00Z,Desktop,United States,Existing
USR01494,improved_results,2026-05-01T00:00:00Z,Mobile,United States,Existing
USR01495,control,2026-05-01T00:00:00Z,Desktop,Other,New
USR01496,improved_results,2026-05-01T00:00:00Z,Mobile,United States,Existing
USR01497,control,2026-05-01T00:00:00Z,Mobile,United States,Existing
USR01498,improved_results,2026-05-01T00:00:00Z,Desktop,United States,New
USR01499,control,2026-05-01T00:00:00Z,Desktop,United States,Existing
USR01500,improved_results,2026-05-01T00:00:00Z,Mobile,Other,Existing
USR01501,control,2026-05-01T00:00:00Z,Desktop,Other,Existing
USR01502,improved_results,2026-05-01T00:00:00Z,Mobile,United Kingdom,New
USR01503,improved_results,2026-05-01T00:00:00Z,Mobile,United States,Existing
USR01504,improved_results,2026-05-01T00:00:00Z,Desktop,United States,Existing
USR01505,improved_results,2026-05-01T00:00:00Z,Mobile,United States,New
USR01506,control,2026-05-01T00:00:00Z,TV,United States,New
USR01507,control,2026-05-01T00:00:00Z,Desktop,United States,Existing
USR01508,control,2026-05-01T00:00:00Z,TV,Canada,Existing
USR01509,control,2026-05-01T00:00:00Z,Mobile,United States,Existing
USR01510,control,2026-05-01T00:00:00Z,Mobile,United States,Existing
USR01511,control,2026-05-01T00:00:00Z,Mobile,Other,Existing
USR01512,improved_results,2026-05-01T00:00:00Z,Mobile,United States,New
USR01513,control,2026-05-01T00:00:00Z,TV,Canada,Existing
USR01514,control,2026-05-01T00:00:00Z,TV,Canada,Existing
USR01515,improved_results,2026-05-01T00:00:00Z,Mobile,United States,Existing
USR01516,control,2026-05-01T00:00:00Z,Mobile,United States,New
USR01517,control,2026-05-01T00:00:00Z,Mobile,Other,Existing
USR01518,improved_results,2026-05-01T00:00:00Z,Desktop,United States,New
USR01519,improved_results,2026-05-01T00:00:00Z,Mobile,United States,Existing
USR01520,control,2026-05-01T00:00:00Z,Mobile,Canada,Existing
USR01521,control,2026-05-01T00:00:00Z,Desktop,Canada,Existing
USR01522,improved_results,2026-05-01T00:00:00Z,Mobile,United States,Existing
USR01523,control,2026-05-01T00:00:00Z,Mobile,Canada,Existing
USR01524,improved_results,2026-05-01T00:00:00Z,Desktop,United States,Existing
USR01525,control,2026-05-01T00:00:00Z,Mobile,United Kingdom,Existing
USR01526,control,2026-05-01T00:00:00Z,Mobile,United Kingdom,Existing
USR01527,control,2026-05-01T00:00:00Z,Mobile,United States,Existing
USR01528,control,2026-05-01T00:00:00Z,TV,United States,Existing
USR01529,improved_results,2026-05-01T00:00:00Z,Mobile,Other,Existing
USR01530,control,2026-05-01T00:00:00Z,Mobile,United States,Existing
USR01531,control,2026-05-01T00:00:00Z,Mobile,Other,Existing
USR01532,improved_results,2026-05-01T00:00:00Z,Mobile,United States,Existing
USR01533,improved_results,2026-05-01T00:00:00Z,Mobile,United Kingdom,New
USR01534,improved_results,2026-05-01T00:00:00Z,Mobile,United States,Existing
USR01535,improved_results,2026-05-01T00:00:00Z,Mobile,United States,Existing
USR01536,improved_results,2026-05-01T00:00:00Z,Desktop,United States,New
USR01537,control,2026-05-01T00:00:00Z,Mobile,United States,Existing
USR01538,control,2026-05-01T00:00:00Z,Desktop,United States,New
USR01539,control,2026-05-01T00:00:00Z,Mobile,United States,Existing
USR01540,improved_results,2026-05-01T00:00:00Z,TV,United States,Existing
USR01541,improved_results,2026-05-01T00:00:00Z,Desktop,Canada,New
USR01542,control,2026-05-01T00:00:00Z,Mobile,Canada,Existing
USR01543,control,2026-05-01T00:00:00Z,Mobile,Canada,Existing
USR01544,control,2026-05-01T00:00:00Z,Mobile,United States,Existing
USR01545,improved_results,2026-05-01T00:00:00Z,Mobile,United States,Existing
USR01546,improved_results,2026-05-01T00:00:00Z,Desktop,United States,Existing
USR01547,control,2026-05-01T00:00:00Z,TV,United States,Existing
USR01548,improved_results,2026-05-01T00:00:00Z,Mobile,United Kingdom,Existing
USR01549,improved_results,2026-05-01T00:00:00Z,Desktop,United States,Existing
USR01550,improved_results,2026-05-01T00:00:00Z,TV,United States,New
USR01551,improved_results,2026-05-01T00:00:00Z,Mobile,Other,Existing
USR01552,improved_results,2026-05-01T00:00:00Z,Mobile,United Kingdom,Existing
USR01553,improved_results,2026-05-01T00:00:00Z,TV,United States,Existing
USR01554,control,2026-05-01T00:00:00Z,TV,United States,New
USR01555,improved_results,2026-05-01T00:00:00Z,TV,Canada,New
USR01556,improved_results,2026-05-01T00:00:00Z,Mobile,United States,Existing
USR01557,control,2026-05-01T00:00:00Z,Mobile,United States,Existing
USR01558,improved_results,2026-05-01T00:00:00Z,Mobile,United States,Existing
USR01559,control,2026-05-01T00:00:00Z,Desktop,Other,Existing
USR01560,improved_results,2026-05-01T00:00:00Z,Desktop,United Kingdom,Existing
USR01561,improved_results,2026-05-01T00:00:00Z,Mobile,United States,New
USR01562,improved_results,2026-05-01T00:00:00Z,Mobile,Canada,Existing
USR01563,improved_results,2026-05-01T00:00:00Z,Mobile,United States,Existing
USR01564,improved_results,2026-05-01T00:00:00Z,Mobile,United States,Existing
USR01565,control,2026-05-01T00:00:00Z,TV,United States,Existing
USR01566,control,2026-05-01T00:00:00Z,Mobile,United States,Existing
USR01567,improved_results,2026-05-01T00:00:00Z,TV,United States,Existing
USR01568,control,2026-05-01T00:00:00Z,Mobile,United States,Existing
USR01569,control,2026-05-01T00:00:00Z,Desktop,United States,Existing
USR01570,control,2026-05-01T00:00:00Z,Mobile,Other,Existing
USR01571,control,2026-05-01T00:00:00Z,Mobile,United States,Existing
USR01572,control,2026-05-01T00:00:00Z,Mobile,United States,Existing
USR01573,control,2026-05-01T00:00:00Z,Mobile,Other,New
USR01574,improved_results,2026-05-01T00:00:00Z,Desktop,United States,Existing
USR01575,improved_results,2026-05-01T00:00:00Z,Mobile,United States,Existing
USR01576,improved_results,2026-05-01T00:00:00Z,Mobile,United States,Existing
USR01577,control,2026-05-01T00:00:00Z,Mobile,United States,Existing
USR01578,control,2026-05-01T00:00:00Z,Desktop,Canada,Existing
USR01579,control,2026-05-01T00:00:00Z,Mobile,United States,Existing
USR01580,control,2026-05-01T00:00:00Z,Mobile,United States,Existing
USR01581,control,2026-05-01T00:00:00Z,TV,United Kingdom,Existing
USR01582,control,2026-05-01T00:00:00Z,Mobile,Other,Existing
USR01583,control,2026-05-01T00:00:00Z,Mobile,United States,New
USR01584,improved_results,2026-05-01T00:00:00Z,Mobile,United States,Existing
USR01585,improved_results,2026-05-01T00:00:00Z,Mobile,United States,Existing
USR01586,control,2026-05-01T00:00:00Z,Mobile,United Kingdom,Existing
USR01587,improved_results,2026-05-01T00:00:00Z,Desktop,United States,Existing
USR01588,improved_results,2026-05-01T00:00:00Z,Mobile,United States,New
USR01589,control,2026-05-01T00:00:00Z,Mobile,United States,Existing
USR01590,control,2026-05-01T00:00:00Z,Desktop,United States,Existing
USR01591,control,2026-05-01T00:00:00Z,Mobile,United States,Existing
USR01592,improved_results,2026-05-01T00:00:00Z,Desktop,United Kingdom,Existing
USR01593,improved_results,2026-05-01T00:00:00Z,Desktop,United States,Existing
USR01594,improved_results,2026-05-01T00:00:00Z,Desktop,United Kingdom,Existing
USR01595,improved_results,2026-05-01T00:00:00Z,Mobile,United States,Existing
USR01596,control,2026-05-01T00:00:00Z,Desktop,United States,Existing
USR01597,improved_results,2026-05-01T00:00:00Z,Mobile,United States,Existing
USR01598,improved_results,2026-05-01T00:00:00Z,Mobile,United States,New
USR01599,improved_results,2026-05-01T00:00:00Z,Mobile,United States,Existing
USR01600,control,2026-05-01T00:00:00Z,Desktop,United States,Existing
USR01601,control,2026-05-01T00:00:00Z,Mobile,United States,Existing
USR01602,improved_results,2026-05-01T00:00:00Z,Mobile,United States,Existing
USR01603,improved_results,2026-05-01T00:00:00Z,Desktop,United States,New
USR01604,control,2026-05-01T00:00:00Z,Mobile,United States,New
USR01605,improved_results,2026-05-01T00:00:00Z,Mobile,United Kingdom,Existing
USR01606,control,2026-05-01T00:00:00Z,Mobile,United States,Existing
USR01607,control,2026-05-01T00:00:00Z,Mobile,United Kingdom,Existing
USR01608,control,2026-05-01T00:00:00Z,Mobile,United States,New
USR01609,improved_results,2026-05-01T00:00:00Z,Desktop,United States,Existing
USR01610,control,2026-05-01T00:00:00Z,Mobile,United States,Existing
USR01611,improved_results,2026-05-01T00:00:00Z,Mobile,United States,New
USR01612,control,2026-05-01T00:00:00Z,Desktop,United States,Existing
USR01613,improved_results,2026-05-01T00:00:00Z,Mobile,Other,Existing
USR01614,control,2026-05-01T00:00:00Z,Mobile,United States,Existing
USR01615,improved_results,2026-05-01T00:00:00Z,Mobile,United States,Existing
USR01616,improved_results,2026-05-01T00:00:00Z,TV,United States,Existing
USR01617,improved_results,2026-05-01T00:00:00Z,Mobile,United Kingdom,Existing
USR01618,improved_results,2026-05-01T00:00:00Z,Mobile,United States,New
USR01619,control,2026-05-01T00:00:00Z,Desktop,United States,Existing
USR01620,control,2026-05-01T00:00:00Z,Mobile,United States,Existing
USR01621,improved_results,2026-05-01T00:00:00Z,Mobile,United States,New
USR01622,control,2026-05-01T00:00:00Z,Desktop,United States,New
USR01623,improved_results,2026-05-01T00:00:00Z,Mobile,United States,Existing
USR01624,improved_results,2026-05-01T00:00:00Z,Mobile,United States,New
USR01625,control,2026-05-01T00:00:00Z,Desktop,United States,New
USR01626,control,2026-05-01T00:00:00Z,Desktop,United States,Existing
USR01627,control,2026-05-01T00:00:00Z,TV,Canada,Existing
USR01628,control,2026-05-01T00:00:00Z,Mobile,Other,Existing
USR01629,improved_results,2026-05-01T00:00:00Z,Desktop,Canada,New
USR01630,control,2026-05-01T00:00:00Z,Mobile,United States,Existing
USR01631,control,2026-05-01T00:00:00Z,Mobile,United States,New
USR01632,control,2026-05-01T00:00:00Z,Mobile,United States,Existing
USR01633,improved_results,2026-05-01T00:00:00Z,Desktop,United States,Existing
USR01634,improved_results,2026-05-01T00:00:00Z,Mobile,United States,New
USR01635,improved_results,2026-05-01T00:00:00Z,Mobile,Other,New
USR01636,improved_results,2026-05-01T00:00:00Z,Mobile,United States,Existing
USR01637,improved_results,2026-05-01T00:00:00Z,Mobile,United States,New
USR01638,control,2026-05-01T00:00:00Z,Desktop,United States,Existing
USR01639,improved_results,2026-05-01T00:00:00Z,Mobile,United States,Existing
USR01640,improved_results,2026-05-01T00:00:00Z,TV,United States,Existing
USR01641,improved_results,2026-05-01T00:00:00Z,Mobile,Canada,Existing
USR01642,control,2026-05-01T00:00:00Z,Mobile,United States,New
USR01643,improved_results,2026-05-01T00:00:00Z,Desktop,United States,Existing
USR01644,improved_results,2026-05-01T00:00:00Z,Mobile,Canada,Existing
USR01645,control,2026-05-01T00:00:00Z,Desktop,United States,Existing
USR01646,control,2026-05-01T00:00:00Z,Mobile,United States,Existing
USR01647,control,2026-05-01T00:00:00Z,Desktop,United States,Existing
USR01648,control,2026-05-01T00:00:00Z,Mobile,United States,Existing
USR01649,improved_results,2026-05-01T00:00:00Z,Desktop,United States,Existing
USR01650,control,2026-05-01T00:00:00Z,Mobile,United States,Existing
USR01651,improved_results,2026-05-01T00:00:00Z,Desktop,United States,Existing
USR01652,improved_results,2026-05-01T00:00:00Z,Mobile,United States,New
USR01653,improved_results,2026-05-01T00:00:00Z,TV,United Kingdom,Existing
USR01654,improved_results,2026-05-01T00:00:00Z,Mobile,United States,Existing
USR01655,improved_results,2026-05-01T00:00:00Z,Mobile,United States,New
USR01656,control,2026-05-01T00:00:00Z,Desktop,United States,Existing
USR01657,control,2026-05-01T00:00:00Z,TV,United Kingdom,New
USR01658,improved_results,2026-05-01T00:00:00Z,Mobile,United Kingdom,Existing
USR01659,control,2026-05-01T00:00:00Z,Desktop,United States,New
USR01660,improved_results,2026-05-01T00:00:00Z,Mobile,Canada,Existing
USR01661,improved_results,2026-05-01T00:00:00Z,Mobile,United States,Existing
USR01662,improved_results,2026-05-01T00:00:00Z,Mobile,United States,Existing
USR01663,control,2026-05-01T00:00:00Z,Mobile,United States,New
USR01664,control,2026-05-01T00:00:00Z,Mobile,Other,Existing
USR01665,improved_results,2026-05-01T00:00:00Z,Mobile,United States,Existing
USR01666,control,2026-05-01T00:00:00Z,Desktop,Other,Existing
USR01667,improved_results,2026-05-01T00:00:00Z,Mobile,United States,Existing
USR01668,improved_results,2026-05-01T00:00:00Z,Desktop,United Kingdom,Existing
USR01669,control,2026-05-01T00:00:00Z,Desktop,United States,Existing
USR01670,control,2026-05-01T00:00:00Z,Mobile,Canada,Existing
USR01671,improved_results,2026-05-01T00:00:00Z,Desktop,United States,Existing
USR01672,control,2026-05-01T00:00:00Z,Mobile,United States,Existing
USR01673,control,2026-05-01T00:00:00Z,Desktop,United States,Existing
USR01674,improved_results,2026-05-01T00:00:00Z,TV,United States,Existing
USR01675,improved_results,2026-05-01T00:00:00Z,Desktop,United Kingdom,New
USR01676,control,2026-05-01T00:00:00Z,Mobile,Other,Existing
USR01677,improved_results,2026-05-01T00:00:00Z,Mobile,Canada,Existing
USR01678,improved_results,2026-05-01T00:00:00Z,TV,United States,Existing
USR01679,control,2026-05-01T00:00:00Z,Mobile,United States,Existing
USR01680,control,2026-05-01T00:00:00Z,Mobile,United States,New
USR01681,improved_results,2026-05-01T00:00:00Z,Desktop,Canada,Existing
USR01682,control,2026-05-01T00:00:00Z,TV,United Kingdom,Existing
USR01683,control,2026-05-01T00:00:00Z,Mobile,Canada,Existing
USR01684,control,2026-05-01T00:00:00Z,Desktop,United States,Existing
USR01685,control,2026-05-01T00:00:00Z,Mobile,United States,Existing
USR01686,control,2026-05-01T00:00:00Z,Mobile,United Kingdom,Existing
USR01687,control,2026-05-01T00:00:00Z,Mobile,United States,Existing
USR01688,improved_results,2026-05-01T00:00:00Z,Mobile,United States,Existing
USR01689,control,2026-05-01T00:00:00Z,Mobile,United States,New
USR01690,improved_results,2026-05-01T00:00:00Z,Mobile,United States,Existing
USR01691,improved_results,2026-05-01T00:00:00Z,Mobile,Other,New
USR01692,control,2026-05-01T00:00:00Z,Mobile,Other,New
USR01693,control,2026-05-01T00:00:00Z,Mobile,Other,Existing
USR01694,control,2026-05-01T00:00:00Z,Mobile,United States,Existing
USR01695,control,2026-05-01T00:00:00Z,Mobile,United States,Existing
USR01696,improved_results,2026-05-01T00:00:00Z,Desktop,United States,New
USR01697,control,2026-05-01T00:00:00Z,TV,Other,Existing
USR01698,improved_results,2026-05-01T00:00:00Z,Mobile,United States,Existing
USR01699,control,2026-05-01T00:00:00Z,Mobile,United States,Existing
USR01700,control,2026-05-01T00:00:00Z,Mobile,United States,Existing
USR01701,improved_results,2026-05-01T00:00:00Z,Mobile,United States,Existing
USR01702,control,2026-05-01T00:00:00Z,Mobile,Canada,Existing
USR01703,control,2026-05-01T00:00:00Z,Mobile,United Kingdom,Existing
USR01704,control,2026-05-01T00:00:00Z,Desktop,United States,Existing
USR01705,control,2026-05-01T00:00:00Z,Mobile,Canada,Existing
USR01706,control,2026-05-01T00:00:00Z,Desktop,United States,Existing
USR01707,improved_results,2026-05-01T00:00:00Z,TV,Other,Existing
USR01708,improved_results,2026-05-01T00:00:00Z,Mobile,United States,Existing
USR01709,improved_results,2026-05-01T00:00:00Z,TV,United States,Existing
USR01710,improved_results,2026-05-01T00:00:00Z,Desktop,Other,Existing
USR01711,improved_results,2026-05-01T00:00:00Z,Desktop,United States,Existing
USR01712,improved_results,2026-05-01T00:00:00Z,Desktop,United States,Existing
USR01713,control,2026-05-01T00:00:00Z,Mobile,United States,Existing
USR01714,improved_results,2026-05-01T00:00:00Z,Desktop,United States,Existing
USR01715,control,2026-05-01T00:00:00Z,Desktop,Other,Existing
USR01716,control,2026-05-01T00:00:00Z,Mobile,United States,Existing
USR01717,improved_results,2026-05-01T00:00:00Z,Desktop,United States,Existing
USR01718,control,2026-05-01T00:00:00Z,Mobile,United States,Existing
USR01719,control,2026-05-01T00:00:00Z,Desktop,United States,Existing
USR01720,control,2026-05-01T00:00:00Z,Desktop,Canada,New
USR01721,improved_results,2026-05-01T00:00:00Z,Mobile,Other,New
USR01722,control,2026-05-01T00:00:00Z,TV,United States,New
USR01723,control,2026-05-01T00:00:00Z,Mobile,United States,Existing
USR01724,control,2026-05-01T00:00:00Z,Desktop,United States,New
USR01725,control,2026-05-01T00:00:00Z,Desktop,Other,Existing
USR01726,control,2026-05-01T00:00:00Z,Mobile,United States,Existing
USR01727,improved_results,2026-05-01T00:00:00Z,Mobile,Canada,Existing
USR01728,control,2026-05-01T00:00:00Z,TV,United States,Existing
USR01729,control,2026-05-01T00:00:00Z,TV,Canada,Existing
USR01730,control,2026-05-01T00:00:00Z,Desktop,United States,Existing
USR01731,control,2026-05-01T00:00:00Z,Mobile,United States,Existing
USR01732,improved_results,2026-05-01T00:00:00Z,Desktop,United Kingdom,Existing
USR01733,improved_results,2026-05-01T00:00:00Z,Mobile,United States,New
USR01734,improved_results,2026-05-01T00:00:00Z,Mobile,United States,Existing
USR01735,control,2026-05-01T00:00:00Z,Mobile,United States,New
USR01736,improved_results,2026-05-01T00:00:00Z,Desktop,United States,Existing
USR01737,improved_results,2026-05-01T00:00:00Z,Mobile,Canada,New
USR01738,control,2026-05-01T00:00:00Z,Mobile,United States,Existing
USR01739,control,2026-05-01T00:00:00Z,Mobile,United States,New
USR01740,improved_results,2026-05-01T00:00:00Z,Mobile,United States,Existing
USR01741,improved_results,2026-05-01T00:00:00Z,Mobile,Canada,Existing
USR01742,control,2026-05-01T00:00:00Z,Desktop,United States,New
USR01743,control,2026-05-01T00:00:00Z,Mobile,United States,Existing
USR01744,improved_results,2026-05-01T00:00:00Z,Desktop,Canada,New
USR01745,control,2026-05-01T00:00:00Z,Mobile,United Kingdom,New
USR01746,control,2026-05-01T00:00:00Z,Mobile,United States,New
USR01747,improved_results,2026-05-01T00:00:00Z,TV,Canada,New
USR01748,control,2026-05-01T00:00:00Z,Mobile,United States,Existing
USR01749,control,2026-05-01T00:00:00Z,Mobile,Other,Existing
USR01750,improved_results,2026-05-01T00:00:00Z,Mobile,United States,New
USR01751,improved_results,2026-05-01T00:00:00Z,Mobile,United States,New
USR01752,improved_results,2026-05-01T00:00:00Z,TV,United States,Existing
USR01753,control,2026-05-01T00:00:00Z,TV,United States,Existing
USR01754,improved_results,2026-05-01T00:00:00Z,TV,United States,Existing
USR01755,improved_results,2026-05-01T00:00:00Z,Mobile,Canada,New
USR01756,control,2026-05-01T00:00:00Z,Desktop,United States,New
USR01757,improved_results,2026-05-01T00:00:00Z,Mobile,United States,Existing
USR01758,control,2026-05-01T00:00:00Z,Mobile,United States,Existing
USR01759,improved_results,2026-05-01T00:00:00Z,Mobile,United States,Existing
USR01760,control,2026-05-01T00:00:00Z,Mobile,United States,Existing
USR01761,control,2026-05-01T00:00:00Z,Mobile,United States,Existing
USR01762,improved_results,2026-05-01T00:00:00Z,Mobile,United States,Existing
USR01763,improved_results,2026-05-01T00:00:00Z,Desktop,United States,Existing
USR01764,control,2026-05-01T00:00:00Z,Desktop,Canada,Existing
USR01765,control,2026-05-01T00:00:00Z,TV,United States,Existing
USR01766,improved_results,2026-05-01T00:00:00Z,Desktop,United States,Existing
USR01767,control,2026-05-01T00:00:00Z,Desktop,United Kingdom,Existing
USR01768,control,2026-05-01T00:00:00Z,Mobile,United States,New
USR01769,control,2026-05-01T00:00:00Z,Mobile,United Kingdom,Existing
USR01770,improved_results,2026-05-01T00:00:00Z,TV,United States,New
USR01771,control,2026-05-01T00:00:00Z,Mobile,Canada,Existing
USR01772,improved_results,2026-05-01T00:00:00Z,Desktop,United States,Existing
USR01773,improved_results,2026-05-01T00:00:00Z,Desktop,Other,Existing
USR01774,control,2026-05-01T00:00:00Z,Desktop,United States,Existing
USR01775,control,2026-05-01T00:00:00Z,Desktop,United States,Existing
USR01776,improved_results,2026-05-01T00:00:00Z,Mobile,United States,Existing
USR01777,control,2026-05-01T00:00:00Z,Mobile,United Kingdom,Existing
USR01778,control,2026-05-01T00:00:00Z,TV,United States,New
USR01779,control,2026-05-01T00:00:00Z,Mobile,United States,Existing
USR01780,improved_results,2026-05-01T00:00:00Z,Mobile,United States,Existing
USR01781,control,2026-05-01T00:00:00Z,Mobile,Canada,New
USR01782,improved_results,2026-05-01T00:00:00Z,Desktop,United States,New
USR01783,control,2026-05-01T00:00:00Z,Mobile,United States,New
USR01784,improved_results,2026-05-01T00:00:00Z,Desktop,Other,New
USR01785,improved_results,2026-05-01T00:00:00Z,Mobile,United States,Existing
USR01786,control,2026-05-01T00:00:00Z,Desktop,United Kingdom,New
USR01787,improved_results,2026-05-01T00:00:00Z,Mobile,United States,Existing
USR01788,improved_results,2026-05-01T00:00:00Z,Mobile,Other,New
USR01789,control,2026-05-01T00:00:00Z,Mobile,United States,Existing
USR01790,improved_results,2026-05-01T00:00:00Z,Mobile,Canada,Existing
USR01791,improved_results,2026-05-01T00:00:00Z,Mobile,Other,Existing
USR01792,improved_results,2026-05-01T00:00:00Z,Desktop,Canada,New
USR01793,improved_results,2026-05-01T00:00:00Z,Desktop,United States,Existing
USR01794,control,2026-05-01T00:00:00Z,Mobile,Canada,New
USR01795,control,2026-05-01T00:00:00Z,Mobile,United States,Existing
USR01796,improved_results,2026-05-01T00:00:00Z,Mobile,United Kingdom,Existing
USR01797,improved_results,2026-05-01T00:00:00Z,Desktop,United States,Existing
USR01798,control,2026-05-01T00:00:00Z,Mobile,United States,Existing
USR01799,control,2026-05-01T00:00:00Z,Mobile,United States,Existing
USR01800,control,2026-05-01T00:00:00Z,Mobile,United States,New
USR01801,control,2026-05-01T00:00:00Z,Mobile,United States,New
USR01802,improved_results,2026-05-01T00:00:00Z,Mobile,United States,Existing
USR01803,improved_results,2026-05-01T00:00:00Z,Mobile,United Kingdom,Existing
USR01804,improved_results,2026-05-01T00:00:00Z,Mobile,United States,Existing
USR01805,improved_results,2026-05-01T00:00:00Z,Mobile,United States,New
USR01806,improved_results,2026-05-01T00:00:00Z,TV,Other,Existing
USR01807,improved_results,2026-05-01T00:00:00Z,TV,Other,Existing
USR01808,control,2026-05-01T00:00:00Z,Desktop,Other,Existing
USR01809,improved_results,2026-05-01T00:00:00Z,Mobile,Canada,New
USR01810,improved_results,2026-05-01T00:00:00Z,Mobile,United Kingdom,Existing
USR01811,improved_results,2026-05-01T00:00:00Z,Desktop,United States,Existing
USR01812,control,2026-05-01T00:00:00Z,TV,United States,New
USR01813,improved_results,2026-05-01T00:00:00Z,Mobile,United States,Existing
USR01814,improved_results,2026-05-01T00:00:00Z,Desktop,Other,Existing
USR01815,control,2026-05-01T00:00:00Z,Desktop,United States,New
USR01816,improved_results,2026-05-01T00:00:00Z,TV,Other,Existing
USR01817,control,2026-05-01T00:00:00Z,Mobile,United States,Existing
USR01818,improved_results,2026-05-01T00:00:00Z,TV,United States,Existing
USR01819,improved_results,2026-05-01T00:00:00Z,Mobile,Canada,New
USR01820,control,2026-05-01T00:00:00Z,Desktop,United States,Existing
USR01821,control,2026-05-01T00:00:00Z,Mobile,United States,Existing
USR01822,improved_results,2026-05-01T00:00:00Z,Mobile,United States,Existing
USR01823,control,2026-05-01T00:00:00Z,Desktop,United States,New
USR01824,improved_results,2026-05-01T00:00:00Z,Mobile,Other,New
USR01825,control,2026-05-01T00:00:00Z,Mobile,United States,Existing
USR01826,control,2026-05-01T00:00:00Z,Mobile,United States,New
USR01827,control,2026-05-01T00:00:00Z,Mobile,United States,Existing
USR01828,control,2026-05-01T00:00:00Z,Desktop,United States,Existing
USR01829,control,2026-05-01T00:00:00Z,Desktop,United Kingdom,Existing
USR01830,control,2026-05-01T00:00:00Z,Desktop,Canada,Existing
USR01831,control,2026-05-01T00:00:00Z,Mobile,United States,Existing
USR01832,improved_results,2026-05-01T00:00:00Z,Mobile,United States,Existing
USR01833,control,2026-05-01T00:00:00Z,Desktop,United States,New
USR01834,improved_results,2026-05-01T00:00:00Z,Desktop,United States,Existing
USR01835,control,2026-05-01T00:00:00Z,Mobile,United States,Existing
USR01836,improved_results,2026-05-01T00:00:00Z,Mobile,Other,Existing
USR01837,improved_results,2026-05-01T00:00:00Z,TV,United States,Existing
USR01838,improved_results,2026-05-01T00:00:00Z,Mobile,United States,New
USR01839,control,2026-05-01T00:00:00Z,Mobile,Other,Existing
USR01840,improved_results,2026-05-01T00:00:00Z,TV,United States,Existing
USR01841,control,2026-05-01T00:00:00Z,Desktop,Other,Existing
USR01842,control,2026-05-01T00:00:00Z,Desktop,United States,Existing
USR01843,improved_results,2026-05-01T00:00:00Z,Mobile,United States,Existing
USR01844,improved_results,2026-05-01T00:00:00Z,Mobile,Canada,Existing
USR01845,improved_results,2026-05-01T00:00:00Z,Mobile,Canada,Existing
USR01846,improved_results,2026-05-01T00:00:00Z,Mobile,United States,New
USR01847,control,2026-05-01T00:00:00Z,Mobile,Other,Existing
USR01848,control,2026-05-01T00:00:00Z,Mobile,Other,New
USR01849,control,2026-05-01T00:00:00Z,Desktop,United States,Existing
USR01850,control,2026-05-01T00:00:00Z,Desktop,Canada,Existing
USR01851,control,2026-05-01T00:00:00Z,Desktop,United States,New
USR01852,improved_results,2026-05-01T00:00:00Z,Mobile,Canada,Existing
USR01853,control,2026-05-01T00:00:00Z,Mobile,United States,Existing
USR01854,improved_results,2026-05-01T00:00:00Z,TV,Other,Existing
USR01855,improved_results,2026-05-01T00:00:00Z,Mobile,United States,Existing
USR01856,control,2026-05-01T00:00:00Z,Mobile,United Kingdom,Existing
USR01857,control,2026-05-01T00:00:00Z,Mobile,Canada,Existing
USR01858,control,2026-05-01T00:00:00Z,Desktop,Canada,Existing
USR01859,control,2026-05-01T00:00:00Z,Desktop,United States,Existing
USR01860,control,2026-05-01T00:00:00Z,Desktop,United Kingdom,New
USR01861,control,2026-05-01T00:00:00Z,TV,United States,Existing
USR01862,improved_results,2026-05-01T00:00:00Z,Mobile,Other,Existing
USR01863,improved_results,2026-05-01T00:00:00Z,Mobile,United States,Existing
USR01864,control,2026-05-01T00:00:00Z,Mobile,United States,Existing
USR01865,improved_results,2026-05-01T00:00:00Z,Mobile,United States,New
USR01866,improved_results,2026-05-01T00:00:00Z,Desktop,Other,Existing
USR01867,control,2026-05-01T00:00:00Z,Desktop,Other,Existing
USR01868,improved_results,2026-05-01T00:00:00Z,Mobile,United Kingdom,Existing
USR01869,improved_results,2026-05-01T00:00:00Z,TV,United States,Existing
USR01870,control,2026-05-01T00:00:00Z,TV,Canada,Existing
USR01871,control,2026-05-01T00:00:00Z,Mobile,Other,Existing
USR01872,improved_results,2026-05-01T00:00:00Z,TV,United States,Existing
USR01873,improved_results,2026-05-01T00:00:00Z,Desktop,Canada,Existing
USR01874,improved_results,2026-05-01T00:00:00Z,Mobile,United States,New
USR01875,control,2026-05-01T00:00:00Z,Desktop,Other,Existing
USR01876,improved_results,2026-05-01T00:00:00Z,Mobile,Canada,Existing
USR01877,improved_results,2026-05-01T00:00:00Z,Mobile,United States,New
USR01878,control,2026-05-01T00:00:00Z,Mobile,United States,Existing
USR01879,control,2026-05-01T00:00:00Z,Mobile,Other,Existing
USR01880,improved_results,2026-05-01T00:00:00Z,Desktop,Other,Existing
USR01881,control,2026-05-01T00:00:00Z,TV,United Kingdom,Existing
USR01882,improved_results,2026-05-01T00:00:00Z,Mobile,United Kingdom,New
USR01883,improved_results,2026-05-01T00:00:00Z,Mobile,Other,New
USR01884,improved_results,2026-05-01T00:00:00Z,Mobile,United Kingdom,Existing
USR01885,improved_results,2026-05-01T00:00:00Z,Mobile,United States,Existing
USR01886,improved_results,2026-05-01T00:00:00Z,Mobile,United States,Existing
USR01887,control,2026-05-01T00:00:00Z,TV,United States,Existing
USR01888,control,2026-05-01T00:00:00Z,Desktop,United States,Existing
USR01889,improved_results,2026-05-01T00:00:00Z,Mobile,Other,Existing
USR01890,control,2026-05-01T00:00:00Z,Desktop,United Kingdom,Existing
USR01891,improved_results,2026-05-01T00:00:00Z,Desktop,United States,Existing
USR01892,improved_results,2026-05-01T00:00:00Z,TV,United States,Existing
USR01893,improved_results,2026-05-01T00:00:00Z,Desktop,Other,Existing
USR01894,control,2026-05-01T00:00:00Z,TV,United States,Existing
USR01895,improved_results,2026-05-01T00:00:00Z,Mobile,United States,Existing
USR01896,improved_results,2026-05-01T00:00:00Z,Mobile,United States,New
USR01897,control,2026-05-01T00:00:00Z,Mobile,Canada,Existing
USR01898,improved_results,2026-05-01T00:00:00Z,Mobile,United States,New
USR01899,control,2026-05-01T00:00:00Z,Mobile,United States,Existing
USR01900,improved_results,2026-05-01T00:00:00Z,TV,Canada,Existing
USR01901,improved_results,2026-05-01T00:00:00Z,Desktop,United States,New
USR01902,improved_results,2026-05-01T00:00:00Z,Mobile,United States,New
USR01903,improved_results,2026-05-01T00:00:00Z,Desktop,United States,New
USR01904,control,2026-05-01T00:00:00Z,Desktop,United States,Existing
USR01905,control,2026-05-01T00:00:00Z,Desktop,United States,New
USR01906,control,2026-05-01T00:00:00Z,Desktop,Other,Existing
USR01907,control,2026-05-01T00:00:00Z,Desktop,United States,Existing
USR01908,improved_results,2026-05-01T00:00:00Z,Desktop,United Kingdom,Existing
USR01909,improved_results,2026-05-01T00:00:00Z,Mobile,United States,Existing
USR01910,improved_results,2026-05-01T00:00:00Z,Mobile,United States,New
USR01911,control,2026-05-01T00:00:00Z,Mobile,United States,New
USR01912,control,2026-05-01T00:00:00Z,TV,Other,Existing
USR01913,improved_results,2026-05-01T00:00:00Z,Mobile,United States,New
USR01914,control,2026-05-01T00:00:00Z,Mobile,United Kingdom,New
USR01915,control,2026-05-01T00:00:00Z,Mobile,United States,Existing
USR01916,improved_results,2026-05-01T00:00:00Z,Mobile,Other,New
USR01917,control,2026-05-01T00:00:00Z,Mobile,United States,New
USR01918,improved_results,2026-05-01T00:00:00Z,Mobile,United States,New
USR01919,control,2026-05-01T00:00:00Z,Desktop,United States,New
USR01920,improved_results,2026-05-01T00:00:00Z,Mobile,United States,Existing
USR01921,improved_results,2026-05-01T00:00:00Z,Mobile,United States,New
USR01922,control,2026-05-01T00:00:00Z,Mobile,Canada,Existing
USR01923,control,2026-05-01T00:00:00Z,Mobile,United States,Existing
USR01924,control,2026-05-01T00:00:00Z,Mobile,United States,Existing
USR01925,control,2026-05-01T00:00:00Z,Mobile,United States,New
USR01926,improved_results,2026-05-01T00:00:00Z,Desktop,United States,Existing
USR01927,control,2026-05-01T00:00:00Z,Desktop,Other,Existing
USR01928,control,2026-05-01T00:00:00Z,Desktop,Other,Existing
USR01929,improved_results,2026-05-01T00:00:00Z,Mobile,Canada,Existing
USR01930,improved_results,2026-05-01T00:00:00Z,Mobile,Other,Existing
USR01931,control,2026-05-01T00:00:00Z,Mobile,Other,Existing
USR01932,improved_results,2026-05-01T00:00:00Z,Mobile,Other,Existing
USR01933,improved_results,2026-05-01T00:00:00Z,Mobile,United Kingdom,Existing
USR01934,improved_results,2026-05-01T00:00:00Z,Desktop,United States,Existing
USR01935,improved_results,2026-05-01T00:00:00Z,Mobile,United States,Existing
USR01936,control,2026-05-01T00:00:00Z,Mobile,United States,Existing
USR01937,improved_results,2026-05-01T00:00:00Z,Mobile,United Kingdom,New
USR01938,improved_results,2026-05-01T00:00:00Z,Mobile,Other,New
USR01939,control,2026-05-01T00:00:00Z,TV,United States,New
USR01940,improved_results,2026-05-01T00:00:00Z,Mobile,United States,Existing
USR01941,control,2026-05-01T00:00:00Z,Mobile,United States,Existing
USR01942,improved_results,2026-05-01T00:00:00Z,Desktop,United States,New
USR01943,improved_results,2026-05-01T00:00:00Z,Mobile,Other,Existing
USR01944,improved_results,2026-05-01T00:00:00Z,Mobile,United States,Existing
USR01945,improved_results,2026-05-01T00:00:00Z,Mobile,United States,Existing
USR01946,control,2026-05-01T00:00:00Z,Mobile,Other,Existing
USR01947,improved_results,2026-05-01T00:00:00Z,Desktop,United States,Existing
USR01948,control,2026-05-01T00:00:00Z,TV,United States,Existing
USR01949,improved_results,2026-05-01T00:00:00Z,TV,United States,Existing
USR01950,control,2026-05-01T00:00:00Z,Mobile,Other,Existing
USR01951,control,2026-05-01T00:00:00Z,Desktop,United States,New
USR01952,improved_results,2026-05-01T00:00:00Z,TV,United Kingdom,Existing
USR01953,improved_results,2026-05-01T00:00:00Z,Desktop,United States,New
USR01954,control,2026-05-01T00:00:00Z,TV,United States,Existing
USR01955,improved_results,2026-05-01T00:00:00Z,Mobile,Canada,New
USR01956,improved_results,2026-05-01T00:00:00Z,Mobile,United States,Existing
USR01957,improved_results,2026-05-01T00:00:00Z,Mobile,United States,Existing
USR01958,improved_results,2026-05-01T00:00:00Z,Desktop,United States,Existing
USR01959,improved_results,2026-05-01T00:00:00Z,Mobile,United States,Existing
USR01960,improved_results,2026-05-01T00:00:00Z,Desktop,United States,Existing
USR01961,improved_results,2026-05-01T00:00:00Z,Mobile,United States,New
USR01962,improved_results,2026-05-01T00:00:00Z,Mobile,United States,Existing
USR01963,improved_results,2026-05-01T00:00:00Z,Mobile,United Kingdom,Existing
USR01964,control,2026-05-01T00:00:00Z,Mobile,Canada,Existing
USR01965,improved_results,2026-05-01T00:00:00Z,Mobile,Other,Existing
USR01966,improved_results,2026-05-01T00:00:00Z,Mobile,United States,New
USR01967,improved_results,2026-05-01T00:00:00Z,Desktop,United Kingdom,Existing
USR01968,improved_results,2026-05-01T00:00:00Z,Mobile,United States,Existing
USR01969,control,2026-05-01T00:00:00Z,Desktop,United States,Existing
USR01970,control,2026-05-01T00:00:00Z,TV,United States,New
USR01971,improved_results,2026-05-01T00:00:00Z,Mobile,United States,Existing
USR01972,improved_results,2026-05-01T00:00:00Z,Mobile,United States,Existing
USR01973,improved_results,2026-05-01T00:00:00Z,Mobile,United States,Existing
USR01974,improved_results,2026-05-01T00:00:00Z,Desktop,United States,New
USR01975,improved_results,2026-05-01T00:00:00Z,Mobile,United States,New
USR01976,improved_results,2026-05-01T00:00:00Z,Desktop,United States,New
USR01977,improved_results,2026-05-01T00:00:00Z,Desktop,Other,Existing
USR01978,improved_results,2026-05-01T00:00:00Z,Mobile,United States,Existing
USR01979,improved_results,2026-05-01T00:00:00Z,Mobile,United States,New
USR01980,control,2026-05-01T00:00:00Z,Mobile,United States,Existing
USR01981,improved_results,2026-05-01T00:00:00Z,Mobile,United Kingdom,Existing
USR01982,improved_results,2026-05-01T00:00:00Z,Mobile,Canada,Existing
USR01983,improved_results,2026-05-01T00:00:00Z,Mobile,United States,Existing
USR01984,control,2026-05-01T00:00:00Z,Mobile,United States,Existing
USR01985,improved_results,2026-05-01T00:00:00Z,TV,United States,Existing
USR01986,improved_results,2026-05-01T00:00:00Z,TV,United Kingdom,Existing
USR01987,improved_results,2026-05-01T00:00:00Z,Mobile,United States,Existing
USR01988,control,2026-05-01T00:00:00Z,Mobile,Canada,Existing
USR01989,improved_results,2026-05-01T00:00:00Z,Mobile,Canada,New
USR01990,control,2026-05-01T00:00:00Z,Mobile,United States,Existing
USR01991,improved_results,2026-05-01T00:00:00Z,Mobile,Canada,New
USR01992,improved_results,2026-05-01T00:00:00Z,Desktop,United States,Existing
USR01993,control,2026-05-01T00:00:00Z,Mobile,United States,New
USR01994,improved_results,2026-05-01T00:00:00Z,Mobile,United States,Existing
USR01995,control,2026-05-01T00:00:00Z,Mobile,United States,Existing
USR01996,control,2026-05-01T00:00:00Z,Desktop,United States,Existing
USR01997,improved_results,2026-05-01T00:00:00Z,Desktop,Canada,Existing
USR01998,improved_results,2026-05-01T00:00:00Z,Mobile,United States,Existing
USR01999,control,2026-05-01T00:00:00Z,Mobile,United States,New
USR02000,control,2026-05-01T00:00:00Z,Desktop,Other,New
USR02001,improved_results,2026-05-01T00:00:00Z,Mobile,United States,Existing
USR02002,control,2026-05-01T00:00:00Z,Mobile,United Kingdom,New
USR02003,improved_results,2026-05-01T00:00:00Z,Mobile,United States,Existing
USR02004,control,2026-05-01T00:00:00Z,Desktop,Other,New
USR02005,improved_results,2026-05-01T00:00:00Z,Mobile,United States,New
USR02006,control,2026-05-01T00:00:00Z,Mobile,United States,New
USR02007,control,2026-05-01T00:00:00Z,Desktop,Other,New
USR02008,improved_results,2026-05-01T00:00:00Z,Mobile,United States,Existing
USR02009,improved_results,2026-05-01T00:00:00Z,Mobile,United States,New
USR02010,control,2026-05-01T00:00:00Z,Mobile,United Kingdom,New
USR02011,improved_results,2026-05-01T00:00:00Z,Desktop,United States,Existing
USR02012,improved_results,2026-05-01T00:00:00Z,Mobile,Canada,New
USR02013,control,2026-05-01T00:00:00Z,Mobile,Other,Existing
USR02014,improved_results,2026-05-01T00:00:00Z,Desktop,United Kingdom,New
USR02015,improved_results,2026-05-01T00:00:00Z,Mobile,United States,Existing
USR02016,improved_results,2026-05-01T00:00:00Z,TV,United Kingdom,Existing
USR02017,improved_results,2026-05-01T00:00:00Z,Desktop,United Kingdom,New
USR02018,control,2026-05-01T00:00:00Z,Mobile,Canada,Existing
USR02019,improved_results,2026-05-01T00:00:00Z,Mobile,United States,New
USR02020,improved_results,2026-05-01T00:00:00Z,Mobile,United States,New
USR02021,control,2026-05-01T00:00:00Z,TV,United Kingdom,Existing
USR02022,control,2026-05-01T00:00:00Z,Desktop,Other,Existing
USR02023,improved_results,2026-05-01T00:00:00Z,Mobile,United States,Existing
USR02024,improved_results,2026-05-01T00:00:00Z,Mobile,Canada,Existing
USR02025,control,2026-05-01T00:00:00Z,Desktop,Canada,Existing
USR02026,improved_results,2026-05-01T00:00:00Z,Mobile,United Kingdom,Existing
USR02027,improved_results,2026-05-01T00:00:00Z,Desktop,United States,Existing
USR02028,control,2026-05-01T00:00:00Z,TV,United States,New
USR02029,improved_results,2026-05-01T00:00:00Z,Desktop,United States,Existing
USR02030,improved_results,2026-05-01T00:00:00Z,Mobile,United States,Existing
USR02031,improved_results,2026-05-01T00:00:00Z,Mobile,United States,Existing
USR02032,control,2026-05-01T00:00:00Z,Mobile,United States,Existing
USR02033,improved_results,2026-05-01T00:00:00Z,Mobile,United Kingdom,New
USR02034,control,2026-05-01T00:00:00Z,Mobile,United States,New
USR02035,improved_results,2026-05-01T00:00:00Z,TV,United Kingdom,Existing
USR02036,control,2026-05-01T00:00:00Z,Mobile,United States,Existing
USR02037,improved_results,2026-05-01T00:00:00Z,Mobile,United States,New
USR02038,improved_results,2026-05-01T00:00:00Z,Desktop,United Kingdom,Existing
USR02039,control,2026-05-01T00:00:00Z,TV,Other,New
USR02040,control,2026-05-01T00:00:00Z,Mobile,Other,Existing
USR02041,control,2026-05-01T00:00:00Z,Desktop,Other,Existing
USR02042,control,2026-05-01T00:00:00Z,Desktop,Canada,Existing
USR02043,improved_results,2026-05-01T00:00:00Z,Mobile,Canada,Existing
USR02044,improved_results,2026-05-01T00:00:00Z,Mobile,United States,Existing
USR02045,improved_results,2026-05-01T00:00:00Z,Mobile,United Kingdom,Existing
USR02046,improved_results,2026-05-01T00:00:00Z,Mobile,United States,New
USR02047,improved_results,2026-05-01T00:00:00Z,Mobile,United States,New
USR02048,control,2026-05-01T00:00:00Z,Mobile,United Kingdom,Existing
USR02049,control,2026-05-01T00:00:00Z,Mobile,United States,Existing
USR02050,improved_results,2026-05-01T00:00:00Z,Mobile,Other,Existing
USR02051,control,2026-05-01T00:00:00Z,Desktop,United States,New
USR02052,control,2026-05-01T00:00:00Z,Mobile,Canada,Existing
USR02053,improved_results,2026-05-01T00:00:00Z,Desktop,United States,New
USR02054,improved_results,2026-05-01T00:00:00Z,Mobile,United States,New
USR02055,improved_results,2026-05-01T00:00:00Z,Mobile,Canada,Existing
USR02056,improved_results,2026-05-01T00:00:00Z,Mobile,Canada,Existing
USR02057,improved_results,2026-05-01T00:00:00Z,Desktop,United States,Existing
USR02058,control,2026-05-01T00:00:00Z,Desktop,United States,Existing
USR02059,improved_results,2026-05-01T00:00:00Z,Mobile,United States,Existing
USR02060,improved_results,2026-05-01T00:00:00Z,Mobile,United States,Existing
USR02061,control,2026-05-01T00:00:00Z,Desktop,United Kingdom,Existing
USR02062,improved_results,2026-05-01T00:00:00Z,Mobile,United States,New
USR02063,improved_results,2026-05-01T00:00:00Z,Mobile,United States,Existing
USR02064,improved_results,2026-05-01T00:00:00Z,Mobile,Other,Existing
USR02065,improved_results,2026-05-01T00:00:00Z,Mobile,United States,Existing
USR02066,improved_results,2026-05-01T00:00:00Z,Desktop,United States,New
USR02067,improved_results,2026-05-01T00:00:00Z,Mobile,Canada,Existing
USR02068,improved_results,2026-05-01T00:00:00Z,Mobile,United States,New
USR02069,control,2026-05-01T00:00:00Z,Desktop,United States,Existing
USR02070,improved_results,2026-05-01T00:00:00Z,Mobile,United States,Existing
USR02071,improved_results,2026-05-01T00:00:00Z,Mobile,United States,Existing
USR02072,improved_results,2026-05-01T00:00:00Z,Mobile,Canada,New
USR02073,control,2026-05-01T00:00:00Z,TV,Canada,New
USR02074,improved_results,2026-05-01T00:00:00Z,Desktop,Other,New
USR02075,improved_results,2026-05-01T00:00:00Z,TV,United States,Existing
USR02076,control,2026-05-01T00:00:00Z,Mobile,United States,Existing
USR02077,control,2026-05-01T00:00:00Z,Mobile,United States,Existing
USR02078,improved_results,2026-05-01T00:00:00Z,Mobile,United States,Existing
USR02079,control,2026-05-01T00:00:00Z,Desktop,United States,Existing
USR02080,control,2026-05-01T00:00:00Z,Mobile,United States,New
USR02081,control,2026-05-01T00:00:00Z,Desktop,United States,New
USR02082,control,2026-05-01T00:00:00Z,Desktop,United States,Existing
USR02083,improved_results,2026-05-01T00:00:00Z,Mobile,Canada,Existing
USR02084,improved_results,2026-05-01T00:00:00Z,TV,United States,Existing
USR02085,improved_results,2026-05-01T00:00:00Z,Mobile,United States,New
USR02086,improved_results,2026-05-01T00:00:00Z,TV,United States,Existing
USR02087,improved_results,2026-05-01T00:00:00Z,Mobile,Canada,Existing
USR02088,improved_results,2026-05-01T00:00:00Z,TV,Other,New
USR02089,control,2026-05-01T00:00:00Z,Mobile,United States,Existing
USR02090,control,2026-05-01T00:00:00Z,Mobile,United States,Existing
USR02091,control,2026-05-01T00:00:00Z,Mobile,United Kingdom,Existing
USR02092,improved_results,2026-05-01T00:00:00Z,Mobile,Other,New
USR02093,control,2026-05-01T00:00:00Z,TV,United States,Existing
USR02094,improved_results,2026-05-01T00:00:00Z,Mobile,United States,New
USR02095,improved_results,2026-05-01T00:00:00Z,Mobile,United Kingdom,Existing
USR02096,control,2026-05-01T00:00:00Z,Mobile,Canada,Existing
USR02097,control,2026-05-01T00:00:00Z,Mobile,United States,Existing
USR02098,improved_results,2026-05-01T00:00:00Z,TV,Canada,Existing
USR02099,control,2026-05-01T00:00:00Z,Mobile,Other,New
USR02100,control,2026-05-01T00:00:00Z,Mobile,United States,New
USR02101,improved_results,2026-05-01T00:00:00Z,TV,United States,New
USR02102,control,2026-05-01T00:00:00Z,Desktop,United States,Existing
USR02103,control,2026-05-01T00:00:00Z,Desktop,United Kingdom,New
USR02104,control,2026-05-01T00:00:00Z,Mobile,United States,Existing
USR02105,improved_results,2026-05-01T00:00:00Z,TV,United States,Existing
USR02106,control,2026-05-01T00:00:00Z,Desktop,United States,Existing
USR02107,control,2026-05-01T00:00:00Z,TV,Other,Existing
USR02108,control,2026-05-01T00:00:00Z,Mobile,United States,Existing
USR02109,improved_results,2026-05-01T00:00:00Z,Desktop,United States,New
USR02110,control,2026-05-01T00:00:00Z,Desktop,United Kingdom,Existing
USR02111,control,2026-05-01T00:00:00Z,Desktop,United States,Existing
USR02112,control,2026-05-01T00:00:00Z,TV,United States,Existing
USR02113,improved_results,2026-05-01T00:00:00Z,Desktop,United States,Existing
USR02114,control,2026-05-01T00:00:00Z,Desktop,United States,Existing
USR02115,control,2026-05-01T00:00:00Z,Mobile,United States,Existing
USR02116,control,2026-05-01T00:00:00Z,Mobile,United States,New
USR02117,improved_results,2026-05-01T00:00:00Z,Mobile,United States,Existing
USR02118,improved_results,2026-05-01T00:00:00Z,TV,United States,New
USR02119,improved_results,2026-05-01T00:00:00Z,Desktop,United Kingdom,Existing
USR02120,improved_results,2026-05-01T00:00:00Z,Mobile,Other,Existing
USR02121,control,2026-05-01T00:00:00Z,Mobile,Other,Existing
USR02122,improved_results,2026-05-01T00:00:00Z,Mobile,United States,Existing
USR02123,control,2026-05-01T00:00:00Z,Desktop,United States,Existing
USR02124,control,2026-05-01T00:00:00Z,Mobile,United States,Existing
USR02125,control,2026-05-01T00:00:00Z,Mobile,United States,New
USR02126,improved_results,2026-05-01T00:00:00Z,Mobile,Canada,New
USR02127,improved_results,2026-05-01T00:00:00Z,Mobile,United States,Existing
USR02128,improved_results,2026-05-01T00:00:00Z,Mobile,Other,New
USR02129,control,2026-05-01T00:00:00Z,Mobile,United States,Existing
USR02130,control,2026-05-01T00:00:00Z,Mobile,United States,Existing
USR02131,improved_results,2026-05-01T00:00:00Z,Mobile,United States,New
USR02132,improved_results,2026-05-01T00:00:00Z,Mobile,United States,Existing
USR02133,improved_results,2026-05-01T00:00:00Z,TV,United Kingdom,New
USR02134,improved_results,2026-05-01T00:00:00Z,Mobile,United States,Existing
USR02135,control,2026-05-01T00:00:00Z,Mobile,United States,New
USR02136,improved_results,2026-05-01T00:00:00Z,Mobile,United Kingdom,Existing
USR02137,control,2026-05-01T00:00:00Z,Mobile,United States,Existing
USR02138,control,2026-05-01T00:00:00Z,Mobile,Other,Existing
USR02139,control,2026-05-01T00:00:00Z,Mobile,United States,Existing
USR02140,control,2026-05-01T00:00:00Z,Mobile,United States,New
USR02141,improved_results,2026-05-01T00:00:00Z,Mobile,Canada,Existing
USR02142,control,2026-05-01T00:00:00Z,Mobile,United States,New
USR02143,control,2026-05-01T00:00:00Z,Mobile,United States,Existing
USR02144,control,2026-05-01T00:00:00Z,Desktop,Other,New
USR02145,improved_results,2026-05-01T00:00:00Z,Desktop,United States,Existing
USR02146,control,2026-05-01T00:00:00Z,Mobile,United States,Existing
USR02147,improved_results,2026-05-01T00:00:00Z,Desktop,United States,Existing
USR02148,improved_results,2026-05-01T00:00:00Z,Desktop,United States,Existing
USR02149,control,2026-05-01T00:00:00Z,Mobile,United States,Existing
USR02150,improved_results,2026-05-01T00:00:00Z,Mobile,United States,New
USR02151,control,2026-05-01T00:00:00Z,Mobile,United States,Existing
USR02152,improved_results,2026-05-01T00:00:00Z,Mobile,United States,Existing
USR02153,control,2026-05-01T00:00:00Z,TV,United States,Existing
USR02154,improved_results,2026-05-01T00:00:00Z,TV,Canada,Existing
USR02155,improved_results,2026-05-01T00:00:00Z,Mobile,United States,Existing
USR02156,improved_results,2026-05-01T00:00:00Z,Desktop,United States,Existing
USR02157,control,2026-05-01T00:00:00Z,Mobile,United States,New
USR02158,improved_results,2026-05-01T00:00:00Z,Mobile,United States,Existing
USR02159,improved_results,2026-05-01T00:00:00Z,Mobile,United States,New
USR02160,control,2026-05-01T00:00:00Z,Desktop,United States,New
USR02161,control,2026-05-01T00:00:00Z,Desktop,United States,Existing
USR02162,control,2026-05-01T00:00:00Z,Mobile,Other,Existing
USR02163,control,2026-05-01T00:00:00Z,Mobile,Canada,Existing
USR02164,improved_results,2026-05-01T00:00:00Z,Mobile,United Kingdom,Existing
USR02165,improved_results,2026-05-01T00:00:00Z,Mobile,United Kingdom,Existing
USR02166,control,2026-05-01T00:00:00Z,Mobile,United States,New
USR02167,control,2026-05-01T00:00:00Z,Mobile,United States,Existing
USR02168,control,2026-05-01T00:00:00Z,Mobile,Other,Existing
USR02169,control,2026-05-01T00:00:00Z,Desktop,United States,Existing
USR02170,control,2026-05-01T00:00:00Z,Desktop,Canada,Existing
USR02171,improved_results,2026-05-01T00:00:00Z,Desktop,United States,Existing
USR02172,improved_results,2026-05-01T00:00:00Z,Mobile,United States,Existing
USR02173,improved_results,2026-05-01T00:00:00Z,Mobile,United States,Existing
USR02174,control,2026-05-01T00:00:00Z,Mobile,Canada,Existing
USR02175,control,2026-05-01T00:00:00Z,TV,United States,Existing
USR02176,control,2026-05-01T00:00:00Z,Desktop,United States,Existing
USR02177,control,2026-05-01T00:00:00Z,Mobile,Other,Existing
USR02178,improved_results,2026-05-01T00:00:00Z,Mobile,United States,Existing
USR02179,control,2026-05-01T00:00:00Z,Mobile,Other,Existing
USR02180,control,2026-05-01T00:00:00Z,Mobile,Other,Existing
USR02181,control,2026-05-01T00:00:00Z,Mobile,United States,Existing
USR02182,improved_results,2026-05-01T00:00:00Z,TV,Other,Existing
USR02183,control,2026-05-01T00:00:00Z,Mobile,United States,Existing
USR02184,improved_results,2026-05-01T00:00:00Z,Mobile,United States,Existing
USR02185,control,2026-05-01T00:00:00Z,TV,United States,Existing
USR02186,improved_results,2026-05-01T00:00:00Z,Mobile,United Kingdom,Existing
USR02187,control,2026-05-01T00:00:00Z,Mobile,United States,Existing
USR02188,improved_results,2026-05-01T00:00:00Z,Desktop,United States,New
USR02189,improved_results,2026-05-01T00:00:00Z,Desktop,United States,New
USR02190,improved_results,2026-05-01T00:00:00Z,TV,United States,Existing
USR02191,improved_results,2026-05-01T00:00:00Z,Desktop,United States,New
USR02192,control,2026-05-01T00:00:00Z,Mobile,United States,New
USR02193,improved_results,2026-05-01T00:00:00Z,Mobile,United States,Existing
USR02194,improved_results,2026-05-01T00:00:00Z,Mobile,United States,Existing
USR02195,improved_results,2026-05-01T00:00:00Z,Mobile,Other,Existing
USR02196,improved_results,2026-05-01T00:00:00Z,Desktop,United States,New
USR02197,control,2026-05-01T00:00:00Z,Desktop,United Kingdom,New
USR02198,improved_results,2026-05-01T00:00:00Z,Mobile,Canada,Existing
USR02199,improved_results,2026-05-01T00:00:00Z,TV,United States,Existing
USR02200,improved_results,2026-05-01T00:00:00Z,Mobile,United States,Existing
USR02201,control,2026-05-01T00:00:00Z,Mobile,United States,Existing
USR02202,control,2026-05-01T00:00:00Z,Desktop,United States,New
USR02203,control,2026-05-01T00:00:00Z,Mobile,United Kingdom,Existing
USR02204,control,2026-05-01T00:00:00Z,TV,Other,Existing
USR02205,improved_results,2026-05-01T00:00:00Z,TV,United Kingdom,New
USR02206,control,2026-05-01T00:00:00Z,Mobile,United States,Existing
USR02207,improved_results,2026-05-01T00:00:00Z,TV,United States,Existing
USR02208,control,2026-05-01T00:00:00Z,Mobile,United States,Existing
USR02209,control,2026-05-01T00:00:00Z,TV,Canada,New
USR02210,control,2026-05-01T00:00:00Z,Mobile,Canada,Existing
USR02211,control,2026-05-01T00:00:00Z,Mobile,United States,Existing
USR02212,improved_results,2026-05-01T00:00:00Z,TV,United States,Existing
USR02213,control,2026-05-01T00:00:00Z,Mobile,United States,Existing
USR02214,improved_results,2026-05-01T00:00:00Z,TV,United States,New
USR02215,control,2026-05-01T00:00:00Z,Mobile,United States,Existing
USR02216,improved_results,2026-05-01T00:00:00Z,Desktop,Other,New
USR02217,improved_results,2026-05-01T00:00:00Z,Mobile,United States,Existing
USR02218,improved_results,2026-05-01T00:00:00Z,Desktop,United States,Existing
USR02219,control,2026-05-01T00:00:00Z,TV,Other,Existing
USR02220,control,2026-05-01T00:00:00Z,Mobile,United States,Existing
USR02221,improved_results,2026-05-01T00:00:00Z,Mobile,Other,Existing
USR02222,control,2026-05-01T00:00:00Z,Mobile,United States,New
USR02223,improved_results,2026-05-01T00:00:00Z,Desktop,United States,Existing
USR02224,control,2026-05-01T00:00:00Z,Mobile,United States,Existing
USR02225,improved_results,2026-05-01T00:00:00Z,Mobile,United States,New
USR02226,improved_results,2026-05-01T00:00:00Z,Mobile,Other,Existing
USR02227,improved_results,2026-05-01T00:00:00Z,Mobile,Other,Existing
USR02228,control,2026-05-01T00:00:00Z,TV,United States,Existing
USR02229,improved_results,2026-05-01T00:00:00Z,Mobile,United States,Existing
USR02230,improved_results,2026-05-01T00:00:00Z,TV,Other,Existing
USR02231,improved_results,2026-05-01T00:00:00Z,Mobile,Canada,New
USR02232,control,2026-05-01T00:00:00Z,Mobile,United Kingdom,Existing
USR02233,control,2026-05-01T00:00:00Z,Desktop,Canada,New
USR02234,control,2026-05-01T00:00:00Z,TV,United States,New
USR02235,improved_results,2026-05-01T00:00:00Z,Desktop,United States,Existing
USR02236,improved_results,2026-05-01T00:00:00Z,Mobile,Other,Existing
USR02237,control,2026-05-01T00:00:00Z,Mobile,United States,Existing
USR02238,improved_results,2026-05-01T00:00:00Z,Desktop,Other,New
USR02239,improved_results,2026-05-01T00:00:00Z,Mobile,United States,Existing
USR02240,control,2026-05-01T00:00:00Z,Desktop,Other,Existing
USR02241,improved_results,2026-05-01T00:00:00Z,Mobile,United States,Existing
USR02242,control,2026-05-01T00:00:00Z,TV,United States,Existing
USR02243,improved_results,2026-05-01T00:00:00Z,Mobile,United States,New
USR02244,control,2026-05-01T00:00:00Z,Mobile,Canada,New
USR02245,improved_results,2026-05-01T00:00:00Z,Mobile,United States,New
USR02246,improved_results,2026-05-01T00:00:00Z,Mobile,United States,Existing
USR02247,control,2026-05-01T00:00:00Z,Desktop,United States,Existing
USR02248,control,2026-05-01T00:00:00Z,Desktop,United Kingdom,Existing
USR02249,improved_results,2026-05-01T00:00:00Z,Desktop,United States,Existing
USR02250,control,2026-05-01T00:00:00Z,Mobile,United States,New
USR02251,improved_results,2026-05-01T00:00:00Z,Desktop,Other,Existing
USR02252,improved_results,2026-05-01T00:00:00Z,Desktop,United States,Existing
USR02253,improved_results,2026-05-01T00:00:00Z,Mobile,United States,Existing
USR02254,control,2026-05-01T00:00:00Z,Mobile,United States,Existing
USR02255,control,2026-05-01T00:00:00Z,TV,United States,Existing
USR02256,improved_results,2026-05-01T00:00:00Z,Mobile,United States,Existing
USR02257,improved_results,2026-05-01T00:00:00Z,Mobile,United States,New
USR02258,control,2026-05-01T00:00:00Z,Mobile,Canada,Existing
USR02259,improved_results,2026-05-01T00:00:00Z,Mobile,Canada,New
USR02260,control,2026-05-01T00:00:00Z,Desktop,United States,Existing
USR02261,control,2026-05-01T00:00:00Z,Mobile,Other,Existing
USR02262,control,2026-05-01T00:00:00Z,Desktop,United States,Existing
USR02263,improved_results,2026-05-01T00:00:00Z,Desktop,United States,New
USR02264,control,2026-05-01T00:00:00Z,Mobile,Other,Existing
USR02265,improved_results,2026-05-01T00:00:00Z,Mobile,United States,Existing
USR02266,control,2026-05-01T00:00:00Z,Mobile,United States,Existing
USR02267,improved_results,2026-05-01T00:00:00Z,Mobile,United States,New
USR02268,improved_results,2026-05-01T00:00:00Z,Mobile,Canada,Existing
USR02269,improved_results,2026-05-01T00:00:00Z,Desktop,Other,Existing
USR02270,control,2026-05-01T00:00:00Z,Mobile,Other,Existing
USR02271,control,2026-05-01T00:00:00Z,Mobile,United States,New
USR02272,improved_results,2026-05-01T00:00:00Z,TV,Other,Existing
USR02273,control,2026-05-01T00:00:00Z,Mobile,United States,Existing
USR02274,control,2026-05-01T00:00:00Z,Desktop,Canada,New
USR02275,improved_results,2026-05-01T00:00:00Z,Desktop,United States,Existing
USR02276,control,2026-05-01T00:00:00Z,Desktop,United Kingdom,Existing
USR02277,improved_results,2026-05-01T00:00:00Z,Mobile,United States,Existing
USR02278,improved_results,2026-05-01T00:00:00Z,Mobile,Canada,Existing
USR02279,improved_results,2026-05-01T00:00:00Z,Mobile,United States,Existing
USR02280,improved_results,2026-05-01T00:00:00Z,Mobile,United Kingdom,New
USR02281,control,2026-05-01T00:00:00Z,Mobile,United Kingdom,Existing
USR02282,improved_results,2026-05-01T00:00:00Z,Mobile,Canada,Existing
USR02283,control,2026-05-01T00:00:00Z,Mobile,United States,Existing
USR02284,control,2026-05-01T00:00:00Z,Mobile,Canada,Existing
USR02285,improved_results,2026-05-01T00:00:00Z,Mobile,United States,New
USR02286,control,2026-05-01T00:00:00Z,Mobile,Canada,Existing
USR02287,improved_results,2026-05-01T00:00:00Z,Mobile,United States,Existing
USR02288,control,2026-05-01T00:00:00Z,Desktop,Canada,Existing
USR02289,control,2026-05-01T00:00:00Z,Desktop,United States,Existing
USR02290,control,2026-05-01T00:00:00Z,Mobile,United Kingdom,New
USR02291,control,2026-05-01T00:00:00Z,Mobile,United States,Existing
USR02292,improved_results,2026-05-01T00:00:00Z,Mobile,United States,Existing
USR02293,control,2026-05-01T00:00:00Z,Desktop,United Kingdom,Existing
USR02294,control,2026-05-01T00:00:00Z,Mobile,Canada,Existing
USR02295,control,2026-05-01T00:00:00Z,Mobile,United Kingdom,Existing
USR02296,control,2026-05-01T00:00:00Z,Mobile,United States,New
USR02297,improved_results,2026-05-01T00:00:00Z,Desktop,Other,Existing
USR02298,improved_results,2026-05-01T00:00:00Z,TV,Other,Existing
USR02299,control,2026-05-01T00:00:00Z,Desktop,Other,Existing
USR02300,improved_results,2026-05-01T00:00:00Z,Mobile,United States,New
USR02301,control,2026-05-01T00:00:00Z,Desktop,United States,New
USR02302,control,2026-05-01T00:00:00Z,Desktop,Other,New
USR02303,control,2026-05-01T00:00:00Z,Mobile,United States,New
USR02304,control,2026-05-01T00:00:00Z,TV,United States,Existing
USR02305,improved_results,2026-05-01T00:00:00Z,Mobile,Other,Existing
USR02306,improved_results,2026-05-01T00:00:00Z,Mobile,United States,Existing
USR02307,control,2026-05-01T00:00:00Z,Mobile,United Kingdom,New
USR02308,improved_results,2026-05-01T00:00:00Z,TV,United States,Existing
USR02309,improved_results,2026-05-01T00:00:00Z,Mobile,United States,Existing
USR02310,improved_results,2026-05-01T00:00:00Z,Desktop,United States,Existing
USR02311,control,2026-05-01T00:00:00Z,Mobile,United States,Existing
USR02312,improved_results,2026-05-01T00:00:00Z,Desktop,United States,Existing
USR02313,control,2026-05-01T00:00:00Z,TV,United States,Existing
USR02314,improved_results,2026-05-01T00:00:00Z,Desktop,United States,New
USR02315,improved_results,2026-05-01T00:00:00Z,Desktop,United States,New
USR02316,control,2026-05-01T00:00:00Z,Mobile,United States,Existing
USR02317,improved_results,2026-05-01T00:00:00Z,Mobile,Canada,Existing
USR02318,improved_results,2026-05-01T00:00:00Z,Mobile,United States,Existing
USR02319,improved_results,2026-05-01T00:00:00Z,Mobile,United States,Existing
USR02320,control,2026-05-01T00:00:00Z,TV,Canada,New
USR02321,control,2026-05-01T00:00:00Z,TV,United States,New
USR02322,improved_results,2026-05-01T00:00:00Z,Mobile,United States,Existing
USR02323,improved_results,2026-05-01T00:00:00Z,Desktop,United States,Existing
USR02324,control,2026-05-01T00:00:00Z,Mobile,United States,Existing
USR02325,improved_results,2026-05-01T00:00:00Z,Mobile,United States,Existing
USR02326,control,2026-05-01T00:00:00Z,Mobile,United States,Existing
USR02327,improved_results,2026-05-01T00:00:00Z,Mobile,Canada,Existing
USR02328,improved_results,2026-05-01T00:00:00Z,TV,Canada,Existing
USR02329,improved_results,2026-05-01T00:00:00Z,Mobile,Canada,Existing
USR02330,control,2026-05-01T00:00:00Z,TV,Other,Existing
USR02331,control,2026-05-01T00:00:00Z,Desktop,United States,Existing
USR02332,control,2026-05-01T00:00:00Z,Mobile,United Kingdom,Existing
USR02333,control,2026-05-01T00:00:00Z,Mobile,Canada,Existing
USR02334,control,2026-05-01T00:00:00Z,Mobile,United States,Existing
USR02335,improved_results,2026-05-01T00:00:00Z,Mobile,United States,Existing
USR02336,improved_results,2026-05-01T00:00:00Z,Mobile,United Kingdom,Existing
USR02337,control,2026-05-01T00:00:00Z,Desktop,Other,Existing
USR02338,improved_results,2026-05-01T00:00:00Z,Desktop,United States,Existing
USR02339,improved_results,2026-05-01T00:00:00Z,Desktop,United States,Existing
USR02340,improved_results,2026-05-01T00:00:00Z,Mobile,United Kingdom,Existing
USR02341,control,2026-05-01T00:00:00Z,Desktop,United States,Existing
USR02342,improved_results,2026-05-01T00:00:00Z,Desktop,United States,Existing
USR02343,control,2026-05-01T00:00:00Z,TV,United States,Existing
USR02344,improved_results,2026-05-01T00:00:00Z,Mobile,United States,Existing
USR02345,improved_results,2026-05-01T00:00:00Z,TV,United States,New
USR02346,improved_results,2026-05-01T00:00:00Z,TV,United States,New
USR02347,control,2026-05-01T00:00:00Z,Desktop,United States,New
USR02348,control,2026-05-01T00:00:00Z,Mobile,Canada,Existing
USR02349,improved_results,2026-05-01T00:00:00Z,Mobile,Canada,Existing
USR02350,control,2026-05-01T00:00:00Z,TV,Canada,Existing
USR02351,control,2026-05-01T00:00:00Z,Mobile,Other,Existing
USR02352,improved_results,2026-05-01T00:00:00Z,Mobile,United States,Existing
USR02353,improved_results,2026-05-01T00:00:00Z,Mobile,Other,Existing
USR02354,control,2026-05-01T00:00:00Z,Mobile,United States,Existing
USR02355,improved_results,2026-05-01T00:00:00Z,Mobile,United States,Existing
USR02356,control,2026-05-01T00:00:00Z,Mobile,United Kingdom,Existing
USR02357,improved_results,2026-05-01T00:00:00Z,Mobile,United States,Existing
USR02358,control,2026-05-01T00:00:00Z,Mobile,United States,Existing
USR02359,improved_results,2026-05-01T00:00:00Z,Desktop,United States,Existing
USR02360,improved_results,2026-05-01T00:00:00Z,Desktop,United Kingdom,Existing
USR02361,improved_results,2026-05-01T00:00:00Z,Desktop,Canada,Existing
USR02362,control,2026-05-01T00:00:00Z,TV,United Kingdom,Existing
USR02363,improved_results,2026-05-01T00:00:00Z,Desktop,United States,New
USR02364,control,2026-05-01T00:00:00Z,TV,United States,Existing
USR02365,control,2026-05-01T00:00:00Z,TV,United States,Existing
USR02366,control,2026-05-01T00:00:00Z,TV,Other,Existing
USR02367,control,2026-05-01T00:00:00Z,Mobile,United States,Existing
USR02368,control,2026-05-01T00:00:00Z,Desktop,United States,New
USR02369,improved_results,2026-05-01T00:00:00Z,Mobile,United States,Existing
USR02370,improved_results,2026-05-01T00:00:00Z,Mobile,Canada,New
USR02371,improved_results,2026-05-01T00:00:00Z,Mobile,United States,New
USR02372,control,2026-05-01T00:00:00Z,Mobile,United States,New
USR02373,control,2026-05-01T00:00:00Z,Mobile,United Kingdom,Existing
USR02374,improved_results,2026-05-01T00:00:00Z,Mobile,United States,Existing
USR02375,improved_results,2026-05-01T00:00:00Z,Mobile,United States,Existing
USR02376,control,2026-05-01T00:00:00Z,Mobile,Canada,New
USR02377,control,2026-05-01T00:00:00Z,Mobile,United States,New
USR02378,control,2026-05-01T00:00:00Z,Desktop,United States,New
USR02379,improved_results,2026-05-01T00:00:00Z,Desktop,United States,Existing
USR02380,control,2026-05-01T00:00:00Z,Desktop,United States,New
USR02381,improved_results,2026-05-01T00:00:00Z,Mobile,Other,Existing
USR02382,control,2026-05-01T00:00:00Z,Mobile,Canada,Existing
USR02383,improved_results,2026-05-01T00:00:00Z,Mobile,United States,Existing
USR02384,improved_results,2026-05-01T00:00:00Z,Desktop,United States,Existing
USR02385,control,2026-05-01T00:00:00Z,TV,Other,Existing
USR02386,improved_results,2026-05-01T00:00:00Z,Mobile,United States,Existing
USR02387,control,2026-05-01T00:00:00Z,Mobile,United States,New
USR02388,control,2026-05-01T00:00:00Z,TV,United States,Existing
USR02389,improved_results,2026-05-01T00:00:00Z,Desktop,Other,New
USR02390,improved_results,2026-05-01T00:00:00Z,TV,United States,Existing
USR02391,control,2026-05-01T00:00:00Z,Desktop,United States,New
USR02392,control,2026-05-01T00:00:00Z,Mobile,United Kingdom,Existing
USR02393,control,2026-05-01T00:00:00Z,TV,United States,New
USR02394,improved_results,2026-05-01T00:00:00Z,Desktop,United States,Existing
USR02395,improved_results,2026-05-01T00:00:00Z,Desktop,Canada,Existing
USR02396,improved_results,2026-05-01T00:00:00Z,Mobile,United States,Existing
USR02397,improved_results,2026-05-01T00:00:00Z,Desktop,United States,Existing
USR02398,control,2026-05-01T00:00:00Z,Mobile,Canada,Existing
USR02399,improved_results,2026-05-01T00:00:00Z,Desktop,United States,Existing
USR02400,improved_results,2026-05-01T00:00:00Z,Mobile,Other,Existing
USR02401,control,2026-05-01T00:00:00Z,Mobile,Canada,New
USR02402,improved_results,2026-05-01T00:00:00Z,Desktop,United States,Existing
USR02403,improved_results,2026-05-01T00:00:00Z,Mobile,United States,Existing
USR02404,improved_results,2026-05-01T00:00:00Z,Mobile,United Kingdom,Existing
USR02405,improved_results,2026-05-01T00:00:00Z,Mobile,Other,Existing
USR02406,improved_results,2026-05-01T00:00:00Z,Desktop,Other,Existing
USR02407,improved_results,2026-05-01T00:00:00Z,Mobile,Other,Existing
USR02408,improved_results,2026-05-01T00:00:00Z,TV,United States,Existing
USR02409,control,2026-05-01T00:00:00Z,Mobile,Other,Existing
USR02410,improved_results,2026-05-01T00:00:00Z,Mobile,United States,Existing
USR02411,improved_results,2026-05-01T00:00:00Z,Mobile,Canada,Existing
USR02412,improved_results,2026-05-01T00:00:00Z,Mobile,United States,Existing
USR02413,control,2026-05-01T00:00:00Z,Mobile,United Kingdom,Existing
USR02414,improved_results,2026-05-01T00:00:00Z,Mobile,United States,Existing
USR02415,control,2026-05-01T00:00:00Z,Mobile,Other,Existing
USR02416,improved_results,2026-05-01T00:00:00Z,Mobile,United States,New
USR02417,control,2026-05-01T00:00:00Z,Desktop,United States,New
USR02418,improved_results,2026-05-01T00:00:00Z,Desktop,United States,Existing
USR02419,improved_results,2026-05-01T00:00:00Z,Desktop,Canada,Existing
USR02420,improved_results,2026-05-01T00:00:00Z,Mobile,United States,Existing
USR02421,improved_results,2026-05-01T00:00:00Z,Mobile,United Kingdom,Existing
USR02422,improved_results,2026-05-01T00:00:00Z,Mobile,United States,Existing
USR02423,improved_results,2026-05-01T00:00:00Z,Desktop,United States,Existing
USR02424,improved_results,2026-05-01T00:00:00Z,Mobile,United Kingdom,Existing
USR02425,control,2026-05-01T00:00:00Z,Mobile,Other,Existing
USR02426,control,2026-05-01T00:00:00Z,Mobile,United States,Existing
USR02427,improved_results,2026-05-01T00:00:00Z,Mobile,United States,Existing
USR02428,improved_results,2026-05-01T00:00:00Z,Desktop,United States,Existing
USR02429,improved_results,2026-05-01T00:00:00Z,Mobile,United States,Existing
USR02430,improved_results,2026-05-01T00:00:00Z,Mobile,Other,New
USR02431,improved_results,2026-05-01T00:00:00Z,Mobile,United States,Existing
USR02432,control,2026-05-01T00:00:00Z,Mobile,United States,Existing
USR02433,improved_results,2026-05-01T00:00:00Z,Mobile,Other,New
USR02434,improved_results,2026-05-01T00:00:00Z,Mobile,United Kingdom,Existing
USR02435,improved_results,2026-05-01T00:00:00Z,Mobile,United States,Existing
USR02436,improved_results,2026-05-01T00:00:00Z,Mobile,Canada,Existing
USR02437,control,2026-05-01T00:00:00Z,Mobile,Canada,Existing
USR02438,control,2026-05-01T00:00:00Z,Mobile,United States,New
USR02439,improved_results,2026-05-01T00:00:00Z,Mobile,United States,Existing
USR02440,control,2026-05-01T00:00:00Z,Mobile,United States,Existing
USR02441,control,2026-05-01T00:00:00Z,Mobile,United States,Existing
USR02442,improved_results,2026-05-01T00:00:00Z,Mobile,United States,Existing
USR02443,improved_results,2026-05-01T00:00:00Z,Mobile,United States,Existing
USR02444,control,2026-05-01T00:00:00Z,Mobile,United States,Existing
USR02445,improved_results,2026-05-01T00:00:00Z,Mobile,United States,Existing
USR02446,control,2026-05-01T00:00:00Z,Desktop,United Kingdom,Existing
USR02447,control,2026-05-01T00:00:00Z,Desktop,United States,New
USR02448,control,2026-05-01T00:00:00Z,Mobile,United States,Existing
USR02449,improved_results,2026-05-01T00:00:00Z,Mobile,Other,New
USR02450,control,2026-05-01T00:00:00Z,Mobile,United States,Existing
USR02451,improved_results,2026-05-01T00:00:00Z,Desktop,United States,Existing
USR02452,control,2026-05-01T00:00:00Z,Mobile,United States,Existing
USR02453,improved_results,2026-05-01T00:00:00Z,Mobile,United States,Existing
USR02454,control,2026-05-01T00:00:00Z,Desktop,United States,Existing
USR02455,improved_results,2026-05-01T00:00:00Z,Mobile,United Kingdom,Existing
USR02456,improved_results,2026-05-01T00:00:00Z,Mobile,United Kingdom,Existing
USR02457,control,2026-05-01T00:00:00Z,Mobile,United States,Existing
USR02458,control,2026-05-01T00:00:00Z,Mobile,Other,New
USR02459,control,2026-05-01T00:00:00Z,Mobile,United States,New
USR02460,improved_results,2026-05-01T00:00:00Z,Desktop,United States,Existing
USR02461,improved_results,2026-05-01T00:00:00Z,TV,United Kingdom,Existing
USR02462,improved_results,2026-05-01T00:00:00Z,Mobile,Other,Existing
USR02463,control,2026-05-01T00:00:00Z,Desktop,United States,Existing
USR02464,improved_results,2026-05-01T00:00:00Z,TV,United States,Existing
USR02465,control,2026-05-01T00:00:00Z,Mobile,United Kingdom,Existing
USR02466,improved_results,2026-05-01T00:00:00Z,Desktop,United Kingdom,Existing
USR02467,control,2026-05-01T00:00:00Z,Mobile,United States,New
USR02468,control,2026-05-01T00:00:00Z,Desktop,United States,New
USR02469,control,2026-05-01T00:00:00Z,Mobile,United Kingdom,Existing
USR02470,control,2026-05-01T00:00:00Z,Desktop,United States,New
USR02471,control,2026-05-01T00:00:00Z,Desktop,Canada,New
USR02472,control,2026-05-01T00:00:00Z,Desktop,United States,Existing
USR02473,improved_results,2026-05-01T00:00:00Z,Desktop,United States,Existing
USR02474,improved_results,2026-05-01T00:00:00Z,Mobile,United Kingdom,Existing
USR02475,control,2026-05-01T00:00:00Z,TV,United States,Existing
USR02476,control,2026-05-01T00:00:00Z,Mobile,United States,Existing
USR02477,improved_results,2026-05-01T00:00:00Z,Desktop,United States,Existing
USR02478,improved_results,2026-05-01T00:00:00Z,Mobile,United States,New
USR02479,improved_results,2026-05-01T00:00:00Z,Mobile,Other,Existing
USR02480,improved_results,2026-05-01T00:00:00Z,Mobile,United States,New
USR02481,control,2026-05-01T00:00:00Z,Mobile,United States,New
USR02482,control,2026-05-01T00:00:00Z,Desktop,United States,Existing
USR02483,control,2026-05-01T00:00:00Z,Mobile,Other,Existing
USR02484,control,2026-05-01T00:00:00Z,Desktop,United States,Existing
USR02485,improved_results,2026-05-01T00:00:00Z,Desktop,Canada,Existing
USR02486,control,2026-05-01T00:00:00Z,Mobile,United States,New
USR02487,improved_results,2026-05-01T00:00:00Z,Mobile,Other,New
USR02488,improved_results,2026-05-01T00:00:00Z,Mobile,Other,Existing
USR02489,control,2026-05-01T00:00:00Z,TV,United States,Existing
USR02490,improved_results,2026-05-01T00:00:00Z,Mobile,Canada,Existing
USR02491,improved_results,2026-05-01T00:00:00Z,TV,Other,Existing
USR02492,improved_results,2026-05-01T00:00:00Z,Mobile,United Kingdom,New
USR02493,control,2026-05-01T00:00:00Z,TV,United States,New
USR02494,improved_results,2026-05-01T00:00:00Z,Mobile,United States,Existing
USR02495,control,2026-05-01T00:00:00Z,Mobile,Other,Existing
USR02496,control,2026-05-01T00:00:00Z,Mobile,Other,Existing
USR02497,improved_results,2026-05-01T00:00:00Z,Desktop,United States,Existing
USR02498,improved_results,2026-05-01T00:00:00Z,Mobile,United States,New
USR02499,improved_results,2026-05-01T00:00:00Z,TV,United States,New
USR02500,improved_results,2026-05-01T00:00:00Z,Mobile,United States,New
USR02501,control,2026-05-01T00:00:00Z,Mobile,United States,Existing
USR02502,improved_results,2026-05-01T00:00:00Z,Mobile,Canada,Existing
USR02503,improved_results,2026-05-01T00:00:00Z,Mobile,United States,Existing
USR02504,control,2026-05-01T00:00:00Z,Desktop,Other,Existing
USR02505,improved_results,2026-05-01T00:00:00Z,Desktop,United Kingdom,New
USR02506,improved_results,2026-05-01T00:00:00Z,TV,United States,Existing
USR02507,improved_results,2026-05-01T00:00:00Z,Desktop,United States,Existing
USR02508,improved_results,2026-05-01T00:00:00Z,Mobile,United States,Existing
USR02509,control,2026-05-01T00:00:00Z,Desktop,United States,Existing
USR02510,improved_results,2026-05-01T00:00:00Z,Mobile,Canada,Existing
USR02511,improved_results,2026-05-01T00:00:00Z,Desktop,United States,Existing
USR02512,control,2026-05-01T00:00:00Z,TV,United States,New
USR02513,improved_results,2026-05-01T00:00:00Z,Mobile,United States,New
USR02514,control,2026-05-01T00:00:00Z,Mobile,United States,Existing
USR02515,improved_results,2026-05-01T00:00:00Z,Desktop,United Kingdom,Existing
USR02516,improved_results,2026-05-01T00:00:00Z,Mobile,United States,Existing
USR02517,improved_results,2026-05-01T00:00:00Z,Desktop,United States,New
USR02518,control,2026-05-01T00:00:00Z,TV,United States,Existing
USR02519,control,2026-05-01T00:00:00Z,Mobile,United States,New
USR02520,control,2026-05-01T00:00:00Z,Desktop,United States,New
USR02521,improved_results,2026-05-01T00:00:00Z,Mobile,United Kingdom,Existing
USR02522,improved_results,2026-05-01T00:00:00Z,Mobile,United States,New
USR02523,control,2026-05-01T00:00:00Z,Desktop,United States,Existing
USR02524,control,2026-05-01T00:00:00Z,Mobile,United States,New
USR02525,control,2026-05-01T00:00:00Z,Desktop,Other,Existing
USR02526,control,2026-05-01T00:00:00Z,Mobile,Other,New
USR02527,improved_results,2026-05-01T00:00:00Z,Mobile,United States,Existing
USR02528,control,2026-05-01T00:00:00Z,TV,United States,Existing
USR02529,control,2026-05-01T00:00:00Z,TV,United States,Existing
USR02530,improved_results,2026-05-01T00:00:00Z,Mobile,United States,Existing
USR02531,improved_results,2026-05-01T00:00:00Z,Mobile,United States,Existing
USR02532,control,2026-05-01T00:00:00Z,Mobile,Canada,Existing
USR02533,improved_results,2026-05-01T00:00:00Z,TV,United States,New
USR02534,improved_results,2026-05-01T00:00:00Z,Mobile,Canada,Existing
USR02535,improved_results,2026-05-01T00:00:00Z,Mobile,United States,Existing
USR02536,improved_results,2026-05-01T00:00:00Z,Mobile,United States,Existing
USR02537,control,2026-05-01T00:00:00Z,Mobile,United States,Existing
USR02538,control,2026-05-01T00:00:00Z,Mobile,Other,New
USR02539,improved_results,2026-05-01T00:00:00Z,Mobile,Canada,New
USR02540,improved_results,2026-05-01T00:00:00Z,Desktop,United States,Existing
USR02541,improved_results,2026-05-01T00:00:00Z,Mobile,United Kingdom,New
USR02542,improved_results,2026-05-01T00:00:00Z,Desktop,United States,Existing
USR02543,improved_results,2026-05-01T00:00:00Z,TV,United States,Existing
USR02544,control,2026-05-01T00:00:00Z,Desktop,United States,Existing
USR02545,improved_results,2026-05-01T00:00:00Z,Desktop,United States,Existing
USR02546,control,2026-05-01T00:00:00Z,TV,United States,Existing
USR02547,control,2026-05-01T00:00:00Z,Desktop,United Kingdom,New
USR02548,improved_results,2026-05-01T00:00:00Z,TV,Other,Existing
USR02549,control,2026-05-01T00:00:00Z,Mobile,United States,Existing
USR02550,improved_results,2026-05-01T00:00:00Z,Desktop,United States,Existing
USR02551,improved_results,2026-05-01T00:00:00Z,Mobile,United States,Existing
USR02552,control,2026-05-01T00:00:00Z,Mobile,Canada,Existing
USR02553,control,2026-05-01T00:00:00Z,Mobile,United States,New
USR02554,improved_results,2026-05-01T00:00:00Z,Mobile,United States,Existing
USR02555,control,2026-05-01T00:00:00Z,Mobile,United States,Existing
USR02556,control,2026-05-01T00:00:00Z,Mobile,United States,New
USR02557,control,2026-05-01T00:00:00Z,Mobile,United States,Existing
USR02558,improved_results,2026-05-01T00:00:00Z,Mobile,United States,Existing
USR02559,improved_results,2026-05-01T00:00:00Z,Desktop,United Kingdom,Existing
USR02560,control,2026-05-01T00:00:00Z,Mobile,Other,Existing
USR02561,control,2026-05-01T00:00:00Z,Mobile,Canada,Existing
USR02562,control,2026-05-01T00:00:00Z,Mobile,United States,Existing
USR02563,control,2026-05-01T00:00:00Z,Desktop,United Kingdom,New
USR02564,improved_results,2026-05-01T00:00:00Z,Desktop,United States,Existing
USR02565,improved_results,2026-05-01T00:00:00Z,Mobile,United States,Existing
USR02566,control,2026-05-01T00:00:00Z,Mobile,United States,Existing
USR02567,improved_results,2026-05-01T00:00:00Z,Mobile,United States,New
USR02568,improved_results,2026-05-01T00:00:00Z,Mobile,United States,New
USR02569,control,2026-05-01T00:00:00Z,Desktop,United States,New
USR02570,improved_results,2026-05-01T00:00:00Z,Mobile,United States,Existing
USR02571,control,2026-05-01T00:00:00Z,Mobile,United States,Existing
USR02572,control,2026-05-01T00:00:00Z,Desktop,United States,New
USR02573,control,2026-05-01T00:00:00Z,Mobile,United States,Existing
USR02574,improved_results,2026-05-01T00:00:00Z,Mobile,Other,New
USR02575,control,2026-05-01T00:00:00Z,TV,United States,Existing
USR02576,improved_results,2026-05-01T00:00:00Z,Mobile,Other,Existing
USR02577,control,2026-05-01T00:00:00Z,Mobile,United States,Existing
USR02578,improved_results,2026-05-01T00:00:00Z,Desktop,United States,New
USR02579,control,2026-05-01T00:00:00Z,Mobile,United States,Existing
USR02580,control,2026-05-01T00:00:00Z,Mobile,Other,Existing
USR02581,improved_results,2026-05-01T00:00:00Z,Mobile,Canada,Existing
USR02582,improved_results,2026-05-01T00:00:00Z,Mobile,Other,New
USR02583,control,2026-05-01T00:00:00Z,Mobile,United States,Existing
USR02584,control,2026-05-01T00:00:00Z,Mobile,United States,Existing
USR02585,improved_results,2026-05-01T00:00:00Z,Mobile,Other,Existing
USR02586,control,2026-05-01T00:00:00Z,Mobile,United States,New
USR02587,control,2026-05-01T00:00:00Z,Mobile,United States,New
USR02588,control,2026-05-01T00:00:00Z,Mobile,United States,New
USR02589,improved_results,2026-05-01T00:00:00Z,Mobile,United States,Existing
USR02590,control,2026-05-01T00:00:00Z,Desktop,United States,New
USR02591,improved_results,2026-05-01T00:00:00Z,Mobile,Other,New
USR02592,improved_results,2026-05-01T00:00:00Z,Desktop,United States,Existing
USR02593,improved_results,2026-05-01T00:00:00Z,TV,United States,Existing
USR02594,control,2026-05-01T00:00:00Z,Desktop,United States,Existing
USR02595,control,2026-05-01T00:00:00Z,Desktop,United States,Existing
USR02596,improved_results,2026-05-01T00:00:00Z,Mobile,United States,New
USR02597,control,2026-05-01T00:00:00Z,Desktop,United Kingdom,Existing
USR02598,control,2026-05-01T00:00:00Z,Mobile,United States,New
USR02599,improved_results,2026-05-01T00:00:00Z,Desktop,Other,Existing
USR02600,control,2026-05-01T00:00:00Z,TV,Canada,Existing
USR02601,improved_results,2026-05-01T00:00:00Z,Desktop,United States,Existing
USR02602,improved_results,2026-05-01T00:00:00Z,Mobile,United States,New
USR02603,improved_results,2026-05-01T00:00:00Z,Mobile,United States,Existing
USR02604,control,2026-05-01T00:00:00Z,Desktop,United States,Existing
USR02605,control,2026-05-01T00:00:00Z,Desktop,Canada,New
USR02606,improved_results,2026-05-01T00:00:00Z,Mobile,United States,Existing
USR02607,improved_results,2026-05-01T00:00:00Z,Mobile,Canada,Existing
USR02608,improved_results,2026-05-01T00:00:00Z,Mobile,United States,Existing
USR02609,control,2026-05-01T00:00:00Z,Mobile,United States,Existing
USR02610,improved_results,2026-05-01T00:00:00Z,Mobile,Other,New
USR02611,control,2026-05-01T00:00:00Z,Mobile,United Kingdom,New
USR02612,improved_results,2026-05-01T00:00:00Z,Mobile,United States,New
USR02613,control,2026-05-01T00:00:00Z,Mobile,Canada,Existing
USR02614,control,2026-05-01T00:00:00Z,TV,United States,Existing
USR02615,control,2026-05-01T00:00:00Z,Mobile,Canada,New
USR02616,improved_results,2026-05-01T00:00:00Z,Mobile,United States,Existing
USR02617,improved_results,2026-05-01T00:00:00Z,Mobile,United Kingdom,Existing
USR02618,control,2026-05-01T00:00:00Z,TV,United States,New
USR02619,control,2026-05-01T00:00:00Z,Desktop,United States,Existing
USR02620,control,2026-05-01T00:00:00Z,Desktop,United States,Existing
USR02621,control,2026-05-01T00:00:00Z,Desktop,Canada,Existing
USR02622,improved_results,2026-05-01T00:00:00Z,Desktop,United States,New
USR02623,control,2026-05-01T00:00:00Z,Mobile,United States,Existing
USR02624,control,2026-05-01T00:00:00Z,Mobile,United States,New
USR02625,improved_results,2026-05-01T00:00:00Z,Desktop,United States,Existing
USR02626,control,2026-05-01T00:00:00Z,Mobile,United States,Existing
USR02627,improved_results,2026-05-01T00:00:00Z,Mobile,United States,Existing
USR02628,control,2026-05-01T00:00:00Z,Mobile,United States,Existing
USR02629,control,2026-05-01T00:00:00Z,TV,United Kingdom,New
USR02630,control,2026-05-01T00:00:00Z,TV,United States,New
USR02631,improved_results,2026-05-01T00:00:00Z,Mobile,United States,New
USR02632,control,2026-05-01T00:00:00Z,TV,Canada,Existing
USR02633,control,2026-05-01T00:00:00Z,Mobile,United States,Existing
USR02634,control,2026-05-01T00:00:00Z,Mobile,United States,Existing
USR02635,improved_results,2026-05-01T00:00:00Z,Desktop,United Kingdom,New
USR02636,control,2026-05-01T00:00:00Z,Mobile,United Kingdom,Existing
USR02637,control,2026-05-01T00:00:00Z,Mobile,United States,Existing
USR02638,improved_results,2026-05-01T00:00:00Z,Desktop,United States,Existing
USR02639,improved_results,2026-05-01T00:00:00Z,Mobile,Canada,Existing
USR02640,improved_results,2026-05-01T00:00:00Z,Mobile,United Kingdom,Existing
USR02641,control,2026-05-01T00:00:00Z,Mobile,United States,Existing
USR02642,control,2026-05-01T00:00:00Z,Mobile,United Kingdom,Existing
USR02643,improved_results,2026-05-01T00:00:00Z,Mobile,United States,Existing
USR02644,control,2026-05-01T00:00:00Z,Desktop,United States,Existing
USR02645,improved_results,2026-05-01T00:00:00Z,Mobile,Other,Existing
USR02646,control,2026-05-01T00:00:00Z,Mobile,United States,New
USR02647,improved_results,2026-05-01T00:00:00Z,Mobile,United States,Existing
USR02648,improved_results,2026-05-01T00:00:00Z,Mobile,Canada,Existing
USR02649,improved_results,2026-05-01T00:00:00Z,TV,United States,New
USR02650,improved_results,2026-05-01T00:00:00Z,TV,United States,Existing
USR02651,improved_results,2026-05-01T00:00:00Z,Mobile,United States,Existing
USR02652,control,2026-05-01T00:00:00Z,Mobile,Canada,Existing
USR02653,improved_results,2026-05-01T00:00:00Z,Mobile,United Kingdom,Existing
USR02654,control,2026-05-01T00:00:00Z,Mobile,Canada,Existing
USR02655,control,2026-05-01T00:00:00Z,Mobile,Canada,New
USR02656,improved_results,2026-05-01T00:00:00Z,Mobile,Other,Existing
USR02657,improved_results,2026-05-01T00:00:00Z,Mobile,United States,New
USR02658,improved_results,2026-05-01T00:00:00Z,Mobile,United States,Existing
USR02659,control,2026-05-01T00:00:00Z,TV,United States,New
USR02660,improved_results,2026-05-01T00:00:00Z,Desktop,United States,Existing
USR02661,improved_results,2026-05-01T00:00:00Z,Desktop,United States,New
USR02662,improved_results,2026-05-01T00:00:00Z,Desktop,United States,New
USR02663,control,2026-05-01T00:00:00Z,Mobile,United States,New
USR02664,improved_results,2026-05-01T00:00:00Z,Mobile,Canada,Existing
USR02665,control,2026-05-01T00:00:00Z,Desktop,United Kingdom,Existing
USR02666,improved_results,2026-05-01T00:00:00Z,Mobile,United States,Existing
USR02667,improved_results,2026-05-01T00:00:00Z,Desktop,United States,Existing
USR02668,improved_results,2026-05-01T00:00:00Z,Desktop,United States,Existing
USR02669,improved_results,2026-05-01T00:00:00Z,Mobile,United States,Existing
USR02670,improved_results,2026-05-01T00:00:00Z,Desktop,United States,Existing
USR02671,control,2026-05-01T00:00:00Z,TV,United States,Existing
USR02672,control,2026-05-01T00:00:00Z,Desktop,United States,Existing
USR02673,control,2026-05-01T00:00:00Z,Desktop,United States,New
USR02674,control,2026-05-01T00:00:00Z,Desktop,Other,Existing
USR02675,improved_results,2026-05-01T00:00:00Z,Mobile,Other,Existing
USR02676,control,2026-05-01T00:00:00Z,Desktop,United States,Existing
USR02677,improved_results,2026-05-01T00:00:00Z,Mobile,United States,Existing
USR02678,control,2026-05-01T00:00:00Z,Mobile,Other,Existing
USR02679,control,2026-05-01T00:00:00Z,Mobile,Other,New
USR02680,control,2026-05-01T00:00:00Z,Mobile,United Kingdom,New
USR02681,improved_results,2026-05-01T00:00:00Z,Mobile,United States,Existing
USR02682,control,2026-05-01T00:00:00Z,Desktop,United States,Existing
USR02683,improved_results,2026-05-01T00:00:00Z,Desktop,United States,New
USR02684,control,2026-05-01T00:00:00Z,Mobile,United States,New
USR02685,improved_results,2026-05-01T00:00:00Z,Mobile,United States,Existing
USR02686,control,2026-05-01T00:00:00Z,Mobile,United States,New
USR02687,improved_results,2026-05-01T00:00:00Z,Desktop,United States,Existing
USR02688,control,2026-05-01T00:00:00Z,Mobile,United States,Existing
USR02689,control,2026-05-01T00:00:00Z,Mobile,United States,Existing
USR02690,improved_results,2026-05-01T00:00:00Z,Mobile,United States,Existing
USR02691,control,2026-05-01T00:00:00Z,Desktop,United Kingdom,Existing
USR02692,improved_results,2026-05-01T00:00:00Z,Desktop,United States,New
USR02693,improved_results,2026-05-01T00:00:00Z,Desktop,Other,Existing
USR02694,improved_results,2026-05-01T00:00:00Z,Mobile,Canada,Existing
USR02695,control,2026-05-01T00:00:00Z,Desktop,United Kingdom,Existing
USR02696,improved_results,2026-05-01T00:00:00Z,Desktop,United States,New
USR02697,control,2026-05-01T00:00:00Z,Mobile,Canada,Existing
USR02698,control,2026-05-01T00:00:00Z,Desktop,United States,New
USR02699,improved_results,2026-05-01T00:00:00Z,Mobile,United States,New
USR02700,control,2026-05-01T00:00:00Z,TV,United Kingdom,Existing
USR02701,improved_results,2026-05-01T00:00:00Z,Mobile,Other,Existing
USR02702,improved_results,2026-05-01T00:00:00Z,Desktop,United States,Existing
USR02703,improved_results,2026-05-01T00:00:00Z,TV,United States,Existing
USR02704,improved_results,2026-05-01T00:00:00Z,Mobile,United States,Existing
USR02705,improved_results,2026-05-01T00:00:00Z,Desktop,United States,New
USR02706,improved_results,2026-05-01T00:00:00Z,TV,Canada,Existing
USR02707,control,2026-05-01T00:00:00Z,Mobile,United States,Existing
USR02708,improved_results,2026-05-01T00:00:00Z,Mobile,United States,Existing
USR02709,improved_results,2026-05-01T00:00:00Z,Mobile,United States,Existing
USR02710,improved_results,2026-05-01T00:00:00Z,TV,Other,Existing
USR02711,control,2026-05-01T00:00:00Z,Mobile,United Kingdom,New
USR02712,control,2026-05-01T00:00:00Z,Mobile,United States,Existing
USR02713,improved_results,2026-05-01T00:00:00Z,Desktop,Canada,Existing
USR02714,control,2026-05-01T00:00:00Z,Mobile,United States,New
USR02715,improved_results,2026-05-01T00:00:00Z,Mobile,United States,Existing
USR02716,control,2026-05-01T00:00:00Z,Mobile,United Kingdom,New
USR02717,control,2026-05-01T00:00:00Z,TV,Canada,Existing
USR02718,control,2026-05-01T00:00:00Z,Desktop,Canada,Existing
USR02719,improved_results,2026-05-01T00:00:00Z,Mobile,United Kingdom,Existing
USR02720,control,2026-05-01T00:00:00Z,Mobile,Canada,Existing
USR02721,control,2026-05-01T00:00:00Z,Mobile,Other,Existing
USR02722,control,2026-05-01T00:00:00Z,Desktop,Canada,Existing
USR02723,control,2026-05-01T00:00:00Z,TV,Other,Existing
USR02724,improved_results,2026-05-01T00:00:00Z,TV,United States,Existing
USR02725,improved_results,2026-05-01T00:00:00Z,Mobile,United States,Existing
USR02726,improved_results,2026-05-01T00:00:00Z,Desktop,United States,Existing
USR02727,improved_results,2026-05-01T00:00:00Z,TV,United States,Existing
USR02728,improved_results,2026-05-01T00:00:00Z,Desktop,United States,Existing
USR02729,improved_results,2026-05-01T00:00:00Z,Mobile,United States,Existing
USR02730,improved_results,2026-05-01T00:00:00Z,TV,United States,New
USR02731,improved_results,2026-05-01T00:00:00Z,Desktop,United Kingdom,New
USR02732,improved_results,2026-05-01T00:00:00Z,Mobile,United States,New
USR02733,control,2026-05-01T00:00:00Z,Mobile,Canada,Existing
USR02734,improved_results,2026-05-01T00:00:00Z,Desktop,Other,Existing
USR02735,control,2026-05-01T00:00:00Z,Mobile,United States,Existing
USR02736,control,2026-05-01T00:00:00Z,Mobile,United States,Existing
USR02737,control,2026-05-01T00:00:00Z,Mobile,Other,Existing
USR02738,improved_results,2026-05-01T00:00:00Z,Mobile,United States,Existing
USR02739,improved_results,2026-05-01T00:00:00Z,Mobile,United States,Existing
USR02740,control,2026-05-01T00:00:00Z,Mobile,United States,Existing
USR02741,improved_results,2026-05-01T00:00:00Z,TV,Other,Existing
USR02742,control,2026-05-01T00:00:00Z,TV,Other,Existing
USR02743,improved_results,2026-05-01T00:00:00Z,Mobile,Other,Existing
USR02744,improved_results,2026-05-01T00:00:00Z,Mobile,United States,New
USR02745,control,2026-05-01T00:00:00Z,Mobile,Canada,New
USR02746,improved_results,2026-05-01T00:00:00Z,Desktop,United States,Existing
USR02747,control,2026-05-01T00:00:00Z,Desktop,United States,Existing
USR02748,improved_results,2026-05-01T00:00:00Z,Mobile,United States,New
USR02749,control,2026-05-01T00:00:00Z,Mobile,United Kingdom,Existing
USR02750,control,2026-05-01T00:00:00Z,Mobile,United States,New
USR02751,control,2026-05-01T00:00:00Z,Mobile,United States,New
USR02752,improved_results,2026-05-01T00:00:00Z,Mobile,United States,New
USR02753,improved_results,2026-05-01T00:00:00Z,Mobile,United Kingdom,Existing
USR02754,control,2026-05-01T00:00:00Z,Desktop,United States,Existing
USR02755,improved_results,2026-05-01T00:00:00Z,Mobile,United States,Existing
USR02756,control,2026-05-01T00:00:00Z,Mobile,United States,New
USR02757,improved_results,2026-05-01T00:00:00Z,Mobile,United States,Existing
USR02758,control,2026-05-01T00:00:00Z,Mobile,United States,New
USR02759,control,2026-05-01T00:00:00Z,Mobile,United States,Existing
USR02760,improved_results,2026-05-01T00:00:00Z,Mobile,Canada,New
USR02761,control,2026-05-01T00:00:00Z,Mobile,United States,Existing
USR02762,improved_results,2026-05-01T00:00:00Z,Mobile,United States,Existing
USR02763,control,2026-05-01T00:00:00Z,Desktop,Other,Existing
USR02764,control,2026-05-01T00:00:00Z,Mobile,United States,Existing
USR02765,control,2026-05-01T00:00:00Z,TV,United States,Existing
USR02766,improved_results,2026-05-01T00:00:00Z,Mobile,United States,Existing
USR02767,control,2026-05-01T00:00:00Z,Mobile,United States,Existing
USR02768,improved_results,2026-05-01T00:00:00Z,Mobile,United States,Existing
USR02769,control,2026-05-01T00:00:00Z,Mobile,United States,Existing
USR02770,control,2026-05-01T00:00:00Z,Mobile,United States,Existing
USR02771,improved_results,2026-05-01T00:00:00Z,Mobile,United States,Existing
USR02772,improved_results,2026-05-01T00:00:00Z,Desktop,United Kingdom,New
USR02773,improved_results,2026-05-01T00:00:00Z,Mobile,United States,Existing
USR02774,control,2026-05-01T00:00:00Z,TV,Other,Existing
USR02775,improved_results,2026-05-01T00:00:00Z,Desktop,Canada,Existing
USR02776,control,2026-05-01T00:00:00Z,Mobile,United States,New
USR02777,control,2026-05-01T00:00:00Z,TV,United States,Existing
USR02778,control,2026-05-01T00:00:00Z,Desktop,United States,Existing
USR02779,improved_results,2026-05-01T00:00:00Z,Mobile,Other,Existing
USR02780,improved_results,2026-05-01T00:00:00Z,Mobile,United States,Existing
USR02781,improved_results,2026-05-01T00:00:00Z,Mobile,United States,Existing
USR02782,control,2026-05-01T00:00:00Z,Mobile,United States,Existing
USR02783,control,2026-05-01T00:00:00Z,Desktop,Canada,New
USR02784,control,2026-05-01T00:00:00Z,Mobile,United States,Existing
USR02785,control,2026-05-01T00:00:00Z,Desktop,Other,Existing
USR02786,control,2026-05-01T00:00:00Z,Desktop,United States,Existing
USR02787,improved_results,2026-05-01T00:00:00Z,Desktop,United States,Existing
USR02788,control,2026-05-01T00:00:00Z,Mobile,Other,Existing
USR02789,control,2026-05-01T00:00:00Z,Mobile,United Kingdom,Existing
USR02790,control,2026-05-01T00:00:00Z,TV,United States,Existing
USR02791,control,2026-05-01T00:00:00Z,TV,United States,New
USR02792,improved_results,2026-05-01T00:00:00Z,TV,United States,Existing
USR02793,improved_results,2026-05-01T00:00:00Z,Mobile,United States,Existing
USR02794,control,2026-05-01T00:00:00Z,Mobile,United States,New
USR02795,control,2026-05-01T00:00:00Z,TV,Canada,Existing
USR02796,improved_results,2026-05-01T00:00:00Z,Mobile,United States,New
USR02797,control,2026-05-01T00:00:00Z,Desktop,United States,Existing
USR02798,control,2026-05-01T00:00:00Z,Mobile,United States,Existing
USR02799,improved_results,2026-05-01T00:00:00Z,Desktop,United States,New
USR02800,improved_results,2026-05-01T00:00:00Z,Mobile,United States,Existing
USR02801,improved_results,2026-05-01T00:00:00Z,Mobile,United States,Existing
USR02802,control,2026-05-01T00:00:00Z,Desktop,Canada,New
USR02803,control,2026-05-01T00:00:00Z,Desktop,United States,Existing
USR02804,control,2026-05-01T00:00:00Z,Mobile,Canada,Existing
USR02805,improved_results,2026-05-01T00:00:00Z,Mobile,United States,Existing
USR02806,improved_results,2026-05-01T00:00:00Z,TV,United States,Existing
USR02807,improved_results,2026-05-01T00:00:00Z,Mobile,United Kingdom,New
USR02808,control,2026-05-01T00:00:00Z,Desktop,United States,New
USR02809,control,2026-05-01T00:00:00Z,Desktop,Other,Existing
USR02810,improved_results,2026-05-01T00:00:00Z,Desktop,United States,Existing
USR02811,improved_results,2026-05-01T00:00:00Z,Mobile,United States,Existing
USR02812,improved_results,2026-05-01T00:00:00Z,Mobile,United States,New
USR02813,control,2026-05-01T00:00:00Z,TV,Other,Existing
USR02814,control,2026-05-01T00:00:00Z,Mobile,Other,Existing
USR02815,improved_results,2026-05-01T00:00:00Z,Mobile,United States,New
USR02816,improved_results,2026-05-01T00:00:00Z,TV,United Kingdom,Existing
USR02817,improved_results,2026-05-01T00:00:00Z,TV,United States,Existing
USR02818,control,2026-05-01T00:00:00Z,Mobile,United Kingdom,New
USR02819,control,2026-05-01T00:00:00Z,TV,United Kingdom,Existing
USR02820,improved_results,2026-05-01T00:00:00Z,Mobile,United States,Existing
USR02821,improved_results,2026-05-01T00:00:00Z,Mobile,Other,Existing
USR02822,control,2026-05-01T00:00:00Z,Mobile,Canada,Existing
USR02823,control,2026-05-01T00:00:00Z,Desktop,Other,Existing
USR02824,improved_results,2026-05-01T00:00:00Z,Mobile,United States,Existing
USR02825,improved_results,2026-05-01T00:00:00Z,TV,United States,Existing
USR02826,control,2026-05-01T00:00:00Z,TV,United Kingdom,New
USR02827,improved_results,2026-05-01T00:00:00Z,Mobile,Canada,New
USR02828,control,2026-05-01T00:00:00Z,Mobile,Other,Existing
USR02829,control,2026-05-01T00:00:00Z,Desktop,United States,Existing
USR02830,control,2026-05-01T00:00:00Z,Mobile,United States,Existing
USR02831,control,2026-05-01T00:00:00Z,Mobile,United States,Existing
USR02832,improved_results,2026-05-01T00:00:00Z,Desktop,United States,Existing
USR02833,improved_results,2026-05-01T00:00:00Z,TV,Other,Existing
USR02834,control,2026-05-01T00:00:00Z,Mobile,United States,Existing
USR02835,control,2026-05-01T00:00:00Z,TV,United States,Existing
USR02836,control,2026-05-01T00:00:00Z,Mobile,United States,Existing
USR02837,control,2026-05-01T00:00:00Z,Mobile,United States,Existing
USR02838,improved_results,2026-05-01T00:00:00Z,TV,United States,Existing
USR02839,control,2026-05-01T00:00:00Z,Mobile,United States,Existing
USR02840,control,2026-05-01T00:00:00Z,Desktop,United States,Existing
USR02841,control,2026-05-01T00:00:00Z,Desktop,United States,New
USR02842,control,2026-05-01T00:00:00Z,Mobile,United Kingdom,Existing
USR02843,control,2026-05-01T00:00:00Z,TV,Other,Existing
USR02844,control,2026-05-01T00:00:00Z,Mobile,United Kingdom,Existing
USR02845,control,2026-05-01T00:00:00Z,Mobile,Other,Existing
USR02846,improved_results,2026-05-01T00:00:00Z,Mobile,United States,Existing
USR02847,improved_results,2026-05-01T00:00:00Z,TV,United Kingdom,New
USR02848,control,2026-05-01T00:00:00Z,Mobile,United States,Existing
USR02849,control,2026-05-01T00:00:00Z,Mobile,United States,Existing
USR02850,improved_results,2026-05-01T00:00:00Z,TV,United States,Existing
USR02851,improved_results,2026-05-01T00:00:00Z,Desktop,United States,Existing
USR02852,improved_results,2026-05-01T00:00:00Z,Mobile,Other,Existing
USR02853,improved_results,2026-05-01T00:00:00Z,Desktop,United States,Existing
USR02854,improved_results,2026-05-01T00:00:00Z,TV,United States,Existing
USR02855,improved_results,2026-05-01T00:00:00Z,TV,United States,Existing
USR02856,improved_results,2026-05-01T00:00:00Z,Mobile,United States,New
USR02857,control,2026-05-01T00:00:00Z,Desktop,United States,Existing
USR02858,improved_results,2026-05-01T00:00:00Z,Mobile,United States,Existing
USR02859,control,2026-05-01T00:00:00Z,Mobile,United States,Existing
USR02860,control,2026-05-01T00:00:00Z,Mobile,United States,Existing
USR02861,improved_results,2026-05-01T00:00:00Z,Mobile,United States,Existing
USR02862,improved_results,2026-05-01T00:00:00Z,Desktop,Canada,Existing
USR02863,improved_results,2026-05-01T00:00:00Z,Mobile,Other,Existing
USR02864,control,2026-05-01T00:00:00Z,Mobile,United States,Existing
USR02865,improved_results,2026-05-01T00:00:00Z,Mobile,Other,Existing
USR02866,control,2026-05-01T00:00:00Z,Mobile,United States,Existing
USR02867,improved_results,2026-05-01T00:00:00Z,Desktop,United States,New
USR02868,improved_results,2026-05-01T00:00:00Z,Desktop,United States,New
USR02869,control,2026-05-01T00:00:00Z,Mobile,United States,Existing
USR02870,control,2026-05-01T00:00:00Z,Mobile,United States,New
USR02871,improved_results,2026-05-01T00:00:00Z,Mobile,United States,Existing
USR02872,improved_results,2026-05-01T00:00:00Z,Desktop,United States,New
USR02873,improved_results,2026-05-01T00:00:00Z,Mobile,Other,New
USR02874,improved_results,2026-05-01T00:00:00Z,Mobile,United States,Existing
USR02875,improved_results,2026-05-01T00:00:00Z,TV,United States,Existing
USR02876,improved_results,2026-05-01T00:00:00Z,Mobile,Canada,New
USR02877,improved_results,2026-05-01T00:00:00Z,TV,United States,New
USR02878,control,2026-05-01T00:00:00Z,Desktop,United States,Existing
USR02879,control,2026-05-01T00:00:00Z,Mobile,United Kingdom,Existing
USR02880,control,2026-05-01T00:00:00Z,TV,United States,Existing
USR02881,improved_results,2026-05-01T00:00:00Z,TV,United States,Existing
USR02882,improved_results,2026-05-01T00:00:00Z,Desktop,United States,Existing
USR02883,control,2026-05-01T00:00:00Z,Desktop,United States,Existing
USR02884,control,2026-05-01T00:00:00Z,Desktop,United States,Existing
USR02885,control,2026-05-01T00:00:00Z,TV,United States,Existing
USR02886,improved_results,2026-05-01T00:00:00Z,Mobile,United States,Existing
USR02887,improved_results,2026-05-01T00:00:00Z,Mobile,United States,Existing
USR02888,improved_results,2026-05-01T00:00:00Z,Desktop,United States,New
USR02889,control,2026-05-01T00:00:00Z,Mobile,United States,New
USR02890,improved_results,2026-05-01T00:00:00Z,Mobile,United States,Existing
USR02891,improved_results,2026-05-01T00:00:00Z,Mobile,United States,Existing
USR02892,control,2026-05-01T00:00:00Z,TV,United Kingdom,Existing
USR02893,control,2026-05-01T00:00:00Z,Mobile,United States,New
USR02894,control,2026-05-01T00:00:00Z,Mobile,United States,Existing
USR02895,improved_results,2026-05-01T00:00:00Z,Mobile,United States,Existing
USR02896,control,2026-05-01T00:00:00Z,TV,Other,New
USR02897,improved_results,2026-05-01T00:00:00Z,Desktop,United States,New
USR02898,improved_results,2026-05-01T00:00:00Z,TV,United Kingdom,Existing
USR02899,improved_results,2026-05-01T00:00:00Z,Mobile,Canada,Existing
USR02900,improved_results,2026-05-01T00:00:00Z,Mobile,United States,Existing
USR02901,control,2026-05-01T00:00:00Z,Desktop,United States,Existing
USR02902,control,2026-05-01T00:00:00Z,Desktop,United States,Existing
USR02903,improved_results,2026-05-01T00:00:00Z,Mobile,United States,Existing
USR02904,control,2026-05-01T00:00:00Z,TV,United States,Existing
USR02905,improved_results,2026-05-01T00:00:00Z,Mobile,United States,Existing
USR02906,control,2026-05-01T00:00:00Z,Desktop,United States,Existing
USR02907,improved_results,2026-05-01T00:00:00Z,Mobile,United Kingdom,New
USR02908,improved_results,2026-05-01T00:00:00Z,Mobile,United States,Existing
USR02909,control,2026-05-01T00:00:00Z,Desktop,United Kingdom,New
USR02910,control,2026-05-01T00:00:00Z,Mobile,United States,Existing
USR02911,improved_results,2026-05-01T00:00:00Z,Mobile,United States,Existing
USR02912,control,2026-05-01T00:00:00Z,Mobile,United Kingdom,New
USR02913,improved_results,2026-05-01T00:00:00Z,Mobile,United Kingdom,New
USR02914,control,2026-05-01T00:00:00Z,Mobile,United States,New
USR02915,control,2026-05-01T00:00:00Z,Desktop,United States,Existing
USR02916,improved_results,2026-05-01T00:00:00Z,TV,United States,Existing
USR02917,control,2026-05-01T00:00:00Z,Mobile,Canada,Existing
USR02918,improved_results,2026-05-01T00:00:00Z,Desktop,United States,Existing
USR02919,improved_results,2026-05-01T00:00:00Z,Mobile,United States,New
USR02920,control,2026-05-01T00:00:00Z,Mobile,Canada,New
USR02921,control,2026-05-01T00:00:00Z,Mobile,United States,New
USR02922,control,2026-05-01T00:00:00Z,Mobile,United Kingdom,Existing
USR02923,improved_results,2026-05-01T00:00:00Z,Mobile,United States,Existing
USR02924,improved_results,2026-05-01T00:00:00Z,Desktop,United States,Existing
USR02925,improved_results,2026-05-01T00:00:00Z,Mobile,United States,Existing
USR02926,control,2026-05-01T00:00:00Z,Mobile,United States,Existing
USR02927,improved_results,2026-05-01T00:00:00Z,Desktop,United States,Existing
USR02928,improved_results,2026-05-01T00:00:00Z,Desktop,United States,New
USR02929,improved_results,2026-05-01T00:00:00Z,Mobile,United States,Existing
USR02930,improved_results,2026-05-01T00:00:00Z,Desktop,Other,Existing
USR02931,control,2026-05-01T00:00:00Z,Desktop,United States,Existing
USR02932,improved_results,2026-05-01T00:00:00Z,Mobile,United States,New
USR02933,control,2026-05-01T00:00:00Z,Desktop,United States,New
USR02934,improved_results,2026-05-01T00:00:00Z,Desktop,Other,Existing
USR02935,improved_results,2026-05-01T00:00:00Z,Desktop,United Kingdom,Existing
USR02936,control,2026-05-01T00:00:00Z,Mobile,Other,Existing
USR02937,control,2026-05-01T00:00:00Z,Desktop,United Kingdom,Existing
USR02938,control,2026-05-01T00:00:00Z,Mobile,United States,New
USR02939,improved_results,2026-05-01T00:00:00Z,Mobile,United Kingdom,New
USR02940,improved_results,2026-05-01T00:00:00Z,Mobile,United States,Existing
USR02941,control,2026-05-01T00:00:00Z,Mobile,United States,Existing
USR02942,improved_results,2026-05-01T00:00:00Z,Desktop,United States,Existing
USR02943,improved_results,2026-05-01T00:00:00Z,Mobile,Other,Existing
USR02944,control,2026-05-01T00:00:00Z,Mobile,United States,Existing
USR02945,improved_results,2026-05-01T00:00:00Z,Mobile,United States,Existing
USR02946,control,2026-05-01T00:00:00Z,Desktop,Canada,Existing
USR02947,control,2026-05-01T00:00:00Z,Mobile,Other,New
USR02948,improved_results,2026-05-01T00:00:00Z,Mobile,United States,Existing
USR02949,improved_results,2026-05-01T00:00:00Z,Mobile,United States,Existing
USR02950,control,2026-05-01T00:00:00Z,Desktop,Canada,Existing
USR02951,improved_results,2026-05-01T00:00:00Z,Mobile,United States,New
USR02952,improved_results,2026-05-01T00:00:00Z,Mobile,United States,Existing
USR02953,improved_results,2026-05-01T00:00:00Z,Desktop,United States,New
USR02954,control,2026-05-01T00:00:00Z,Mobile,Other,New
USR02955,improved_results,2026-05-01T00:00:00Z,Mobile,Other,Existing
USR02956,improved_results,2026-05-01T00:00:00Z,Mobile,United States,Existing
USR02957,control,2026-05-01T00:00:00Z,Mobile,United States,Existing
USR02958,control,2026-05-01T00:00:00Z,Desktop,Other,New
USR02959,improved_results,2026-05-01T00:00:00Z,Mobile,United States,Existing
USR02960,improved_results,2026-05-01T00:00:00Z,Mobile,Other,Existing
USR02961,improved_results,2026-05-01T00:00:00Z,Desktop,United States,Existing
USR02962,improved_results,2026-05-01T00:00:00Z,Mobile,United States,New
USR02963,control,2026-05-01T00:00:00Z,TV,United States,New
USR02964,improved_results,2026-05-01T00:00:00Z,Desktop,United States,Existing
USR02965,control,2026-05-01T00:00:00Z,Mobile,Other,Existing
USR02966,control,2026-05-01T00:00:00Z,Desktop,United States,New
USR02967,control,2026-05-01T00:00:00Z,TV,Other,Existing
USR02968,control,2026-05-01T00:00:00Z,Desktop,Canada,New
USR02969,improved_results,2026-05-01T00:00:00Z,Mobile,United States,Existing
USR02970,control,2026-05-01T00:00:00Z,Mobile,United States,Existing
USR02971,control,2026-05-01T00:00:00Z,Desktop,United States,Existing
USR02972,control,2026-05-01T00:00:00Z,Desktop,Canada,New
USR02973,control,2026-05-01T00:00:00Z,Mobile,United States,Existing
USR02974,improved_results,2026-05-01T00:00:00Z,Mobile,United States,Existing
USR02975,control,2026-05-01T00:00:00Z,Mobile,Canada,New
USR02976,control,2026-05-01T00:00:00Z,Mobile,Canada,Existing
USR02977,improved_results,2026-05-01T00:00:00Z,Mobile,United States,Existing
USR02978,improved_results,2026-05-01T00:00:00Z,Desktop,Canada,Existing
USR02979,control,2026-05-01T00:00:00Z,Desktop,United States,Existing
USR02980,improved_results,2026-05-01T00:00:00Z,Mobile,United States,Existing
USR02981,improved_results,2026-05-01T00:00:00Z,TV,United States,Existing
USR02982,control,2026-05-01T00:00:00Z,Mobile,United States,Existing
USR02983,control,2026-05-01T00:00:00Z,Mobile,United States,Existing
USR02984,control,2026-05-01T00:00:00Z,Desktop,Canada,Existing
USR02985,control,2026-05-01T00:00:00Z,Desktop,Other,New
USR02986,control,2026-05-01T00:00:00Z,Desktop,Canada,Existing
USR02987,improved_results,2026-05-01T00:00:00Z,Mobile,United States,Existing
USR02988,improved_results,2026-05-01T00:00:00Z,Mobile,United States,Existing
USR02989,improved_results,2026-05-01T00:00:00Z,Desktop,United States,New
USR02990,control,2026-05-01T00:00:00Z,Mobile,Other,Existing
USR02991,control,2026-05-01T00:00:00Z,Desktop,Canada,New
USR02992,improved_results,2026-05-01T00:00:00Z,TV,Canada,Existing
USR02993,improved_results,2026-05-01T00:00:00Z,TV,United States,New
USR02994,improved_results,2026-05-01T00:00:00Z,Mobile,United States,Existing
USR02995,improved_results,2026-05-01T00:00:00Z,Mobile,United States,New
USR02996,control,2026-05-01T00:00:00Z,Mobile,Canada,Existing
USR02997,improved_results,2026-05-01T00:00:00Z,TV,United Kingdom,Existing
USR02998,control,2026-05-01T00:00:00Z,Desktop,United States,Existing
USR02999,control,2026-05-01T00:00:00Z,Mobile,Canada,Existing
USR03000,control,2026-05-01T00:00:00Z,Mobile,United States,Existing
USR03001,improved_results,2026-05-01T00:00:00Z,TV,Canada,Existing
USR03002,improved_results,2026-05-01T00:00:00Z,Mobile,Canada,New
USR03003,control,2026-05-01T00:00:00Z,Desktop,United States,Existing
USR03004,control,2026-05-01T00:00:00Z,TV,Canada,Existing
USR03005,control,2026-05-01T00:00:00Z,Mobile,United States,Existing
USR03006,control,2026-05-01T00:00:00Z,Desktop,Other,New
USR03007,control,2026-05-01T00:00:00Z,Mobile,Other,Existing
USR03008,improved_results,2026-05-01T00:00:00Z,Desktop,United Kingdom,Existing
USR03009,control,2026-05-01T00:00:00Z,TV,United Kingdom,New
USR03010,improved_results,2026-05-01T00:00:00Z,Mobile,Other,New
USR03011,control,2026-05-01T00:00:00Z,Mobile,United States,Existing
USR03012,improved_results,2026-05-01T00:00:00Z,Mobile,United States,New
USR03013,control,2026-05-01T00:00:00Z,TV,Other,Existing
USR03014,control,2026-05-01T00:00:00Z,Mobile,Other,Existing
USR03015,control,2026-05-01T00:00:00Z,Mobile,Other,Existing
USR03016,improved_results,2026-05-01T00:00:00Z,Mobile,United States,New
USR03017,control,2026-05-01T00:00:00Z,Mobile,United States,Existing
USR03018,control,2026-05-01T00:00:00Z,Mobile,Other,Existing
USR03019,improved_results,2026-05-01T00:00:00Z,Desktop,United States,Existing
USR03020,control,2026-05-01T00:00:00Z,Mobile,United States,Existing
USR03021,control,2026-05-01T00:00:00Z,Desktop,Canada,Existing
USR03022,improved_results,2026-05-01T00:00:00Z,TV,United States,Existing
USR03023,control,2026-05-01T00:00:00Z,Mobile,United States,Existing
USR03024,improved_results,2026-05-01T00:00:00Z,Desktop,United Kingdom,Existing
USR03025,improved_results,2026-05-01T00:00:00Z,Mobile,United States,Existing
USR03026,improved_results,2026-05-01T00:00:00Z,Mobile,United States,Existing
USR03027,control,2026-05-01T00:00:00Z,Desktop,United States,Existing
USR03028,control,2026-05-01T00:00:00Z,Mobile,Canada,New
USR03029,control,2026-05-01T00:00:00Z,Desktop,Canada,Existing
USR03030,control,2026-05-01T00:00:00Z,Desktop,United States,Existing
USR03031,control,2026-05-01T00:00:00Z,TV,Canada,New
USR03032,control,2026-05-01T00:00:00Z,Desktop,United Kingdom,Existing
USR03033,control,2026-05-01T00:00:00Z,TV,United Kingdom,New
USR03034,improved_results,2026-05-01T00:00:00Z,TV,United States,Existing
USR03035,improved_results,2026-05-01T00:00:00Z,Mobile,Other,Existing
USR03036,improved_results,2026-05-01T00:00:00Z,Desktop,Canada,Existing
USR03037,control,2026-05-01T00:00:00Z,Mobile,Canada,Existing
USR03038,control,2026-05-01T00:00:00Z,Mobile,United States,Existing
USR03039,control,2026-05-01T00:00:00Z,Desktop,Other,New
USR03040,control,2026-05-01T00:00:00Z,Mobile,United States,Existing
USR03041,improved_results,2026-05-01T00:00:00Z,Mobile,Other,Existing
USR03042,improved_results,2026-05-01T00:00:00Z,Mobile,Other,Existing
USR03043,improved_results,2026-05-01T00:00:00Z,Mobile,Other,Existing
USR03044,improved_results,2026-05-01T00:00:00Z,Mobile,Canada,Existing
USR03045,control,2026-05-01T00:00:00Z,TV,United States,Existing
USR03046,improved_results,2026-05-01T00:00:00Z,Desktop,Other,Existing
USR03047,improved_results,2026-05-01T00:00:00Z,Mobile,United States,Existing
USR03048,improved_results,2026-05-01T00:00:00Z,Mobile,United States,Existing
USR03049,improved_results,2026-05-01T00:00:00Z,Mobile,United States,New
USR03050,improved_results,2026-05-01T00:00:00Z,Mobile,United States,Existing
USR03051,control,2026-05-01T00:00:00Z,Mobile,United States,New
USR03052,control,2026-05-01T00:00:00Z,Mobile,United States,Existing
USR03053,control,2026-05-01T00:00:00Z,Mobile,United States,Existing
USR03054,improved_results,2026-05-01T00:00:00Z,Desktop,United States,Existing
USR03055,control,2026-05-01T00:00:00Z,Desktop,United States,Existing
USR03056,control,2026-05-01T00:00:00Z,Desktop,United States,Existing
USR03057,improved_results,2026-05-01T00:00:00Z,Mobile,United States,Existing
USR03058,control,2026-05-01T00:00:00Z,Mobile,United States,Existing
USR03059,control,2026-05-01T00:00:00Z,Desktop,Other,New
USR03060,control,2026-05-01T00:00:00Z,Desktop,United States,Existing
USR03061,improved_results,2026-05-01T00:00:00Z,Desktop,United States,Existing
USR03062,improved_results,2026-05-01T00:00:00Z,Mobile,Canada,Existing
USR03063,control,2026-05-01T00:00:00Z,Desktop,United States,Existing
USR03064,control,2026-05-01T00:00:00Z,Desktop,Canada,Existing
USR03065,control,2026-05-01T00:00:00Z,Desktop,United States,New
USR03066,control,2026-05-01T00:00:00Z,Desktop,Canada,Existing
USR03067,control,2026-05-01T00:00:00Z,Desktop,United States,Existing
USR03068,improved_results,2026-05-01T00:00:00Z,Desktop,United States,Existing
USR03069,control,2026-05-01T00:00:00Z,Desktop,Canada,Existing
USR03070,control,2026-05-01T00:00:00Z,Mobile,United Kingdom,Existing
USR03071,control,2026-05-01T00:00:00Z,Desktop,United Kingdom,Existing
USR03072,control,2026-05-01T00:00:00Z,Mobile,United Kingdom,Existing
USR03073,control,2026-05-01T00:00:00Z,Mobile,Other,Existing
USR03074,control,2026-05-01T00:00:00Z,Mobile,Canada,Existing
USR03075,control,2026-05-01T00:00:00Z,Mobile,United States,New
USR03076,control,2026-05-01T00:00:00Z,Desktop,Other,Existing
USR03077,improved_results,2026-05-01T00:00:00Z,Mobile,United States,Existing
USR03078,improved_results,2026-05-01T00:00:00Z,Mobile,United States,New
USR03079,improved_results,2026-05-01T00:00:00Z,Mobile,Canada,New
USR03080,control,2026-05-01T00:00:00Z,Mobile,Canada,New
USR03081,improved_results,2026-05-01T00:00:00Z,TV,Canada,Existing
USR03082,improved_results,2026-05-01T00:00:00Z,Mobile,United States,Existing
USR03083,control,2026-05-01T00:00:00Z,Desktop,United States,Existing
USR03084,control,2026-05-01T00:00:00Z,Desktop,United States,New
USR03085,improved_results,2026-05-01T00:00:00Z,Desktop,Canada,New
USR03086,control,2026-05-01T00:00:00Z,Desktop,United States,Existing
USR03087,control,2026-05-01T00:00:00Z,Desktop,United Kingdom,Existing
USR03088,improved_results,2026-05-01T00:00:00Z,TV,United States,Existing
USR03089,control,2026-05-01T00:00:00Z,TV,United States,Existing
USR03090,improved_results,2026-05-01T00:00:00Z,Mobile,United States,New
USR03091,improved_results,2026-05-01T00:00:00Z,Desktop,United States,New
USR03092,improved_results,2026-05-01T00:00:00Z,Mobile,United States,New
USR03093,control,2026-05-01T00:00:00Z,Desktop,United States,Existing
USR03094,control,2026-05-01T00:00:00Z,Mobile,United States,Existing
USR03095,control,2026-05-01T00:00:00Z,Mobile,Other,Existing
USR03096,control,2026-05-01T00:00:00Z,Mobile,United States,New
USR03097,control,2026-05-01T00:00:00Z,Mobile,Canada,Existing
USR03098,improved_results,2026-05-01T00:00:00Z,Desktop,United States,Existing
USR03099,control,2026-05-01T00:00:00Z,Mobile,United States,Existing
USR03100,improved_results,2026-05-01T00:00:00Z,TV,Other,Existing
USR03101,control,2026-05-01T00:00:00Z,Mobile,Canada,Existing
USR03102,improved_results,2026-05-01T00:00:00Z,TV,United Kingdom,New
USR03103,improved_results,2026-05-01T00:00:00Z,Mobile,Other,Existing
USR03104,control,2026-05-01T00:00:00Z,Mobile,United States,Existing
USR03105,improved_results,2026-05-01T00:00:00Z,Mobile,Canada,Existing
USR03106,control,2026-05-01T00:00:00Z,Mobile,Other,New
USR03107,improved_results,2026-05-01T00:00:00Z,Desktop,Other,Existing
USR03108,control,2026-05-01T00:00:00Z,Mobile,United Kingdom,New
USR03109,control,2026-05-01T00:00:00Z,Desktop,Canada,New
USR03110,improved_results,2026-05-01T00:00:00Z,Mobile,United States,New
USR03111,control,2026-05-01T00:00:00Z,TV,Other,New
USR03112,improved_results,2026-05-01T00:00:00Z,TV,Other,Existing
USR03113,control,2026-05-01T00:00:00Z,Mobile,United States,Existing
USR03114,improved_results,2026-05-01T00:00:00Z,Mobile,United States,Existing
USR03115,control,2026-05-01T00:00:00Z,Desktop,United States,New
USR03116,improved_results,2026-05-01T00:00:00Z,TV,United States,New
USR03117,control,2026-05-01T00:00:00Z,Mobile,United States,Existing
USR03118,control,2026-05-01T00:00:00Z,Mobile,United States,New
USR03119,improved_results,2026-05-01T00:00:00Z,Mobile,Other,Existing
USR03120,improved_results,2026-05-01T00:00:00Z,Mobile,United States,Existing
USR03121,improved_results,2026-05-01T00:00:00Z,Mobile,Other,Existing
USR03122,control,2026-05-01T00:00:00Z,TV,United States,Existing
USR03123,control,2026-05-01T00:00:00Z,Mobile,United States,New
USR03124,improved_results,2026-05-01T00:00:00Z,TV,Other,Existing
USR03125,improved_results,2026-05-01T00:00:00Z,Desktop,Other,New
USR03126,control,2026-05-01T00:00:00Z,Mobile,United States,Existing
USR03127,control,2026-05-01T00:00:00Z,TV,Other,New
USR03128,control,2026-05-01T00:00:00Z,Mobile,United States,Existing
USR03129,control,2026-05-01T00:00:00Z,Mobile,United States,New
USR03130,control,2026-05-01T00:00:00Z,TV,United States,Existing
USR03131,control,2026-05-01T00:00:00Z,Mobile,United States,New
USR03132,improved_results,2026-05-01T00:00:00Z,Mobile,United States,Existing
USR03133,control,2026-05-01T00:00:00Z,Mobile,Other,Existing
USR03134,improved_results,2026-05-01T00:00:00Z,TV,United Kingdom,Existing
USR03135,improved_results,2026-05-01T00:00:00Z,Mobile,United States,Existing
USR03136,improved_results,2026-05-01T00:00:00Z,Mobile,Canada,Existing
USR03137,improved_results,2026-05-01T00:00:00Z,Mobile,United States,Existing
USR03138,control,2026-05-01T00:00:00Z,Mobile,Canada,Existing
USR03139,control,2026-05-01T00:00:00Z,Mobile,Canada,Existing
USR03140,improved_results,2026-05-01T00:00:00Z,Mobile,Canada,Existing
USR03141,improved_results,2026-05-01T00:00:00Z,TV,United States,Existing
USR03142,control,2026-05-01T00:00:00Z,Mobile,Canada,New
USR03143,control,2026-05-01T00:00:00Z,Desktop,Other,New
USR03144,improved_results,2026-05-01T00:00:00Z,Mobile,United States,Existing
USR03145,control,2026-05-01T00:00:00Z,Desktop,Other,New
USR03146,control,2026-05-01T00:00:00Z,Desktop,United Kingdom,Existing
USR03147,control,2026-05-01T00:00:00Z,Desktop,Other,Existing
USR03148,control,2026-05-01T00:00:00Z,Mobile,United Kingdom,Existing
USR03149,improved_results,2026-05-01T00:00:00Z,Mobile,United States,Existing
USR03150,control,2026-05-01T00:00:00Z,TV,Other,Existing
USR03151,control,2026-05-01T00:00:00Z,Mobile,United Kingdom,New
USR03152,improved_results,2026-05-01T00:00:00Z,Mobile,Canada,Existing
USR03153,control,2026-05-01T00:00:00Z,TV,United States,Existing
USR03154,control,2026-05-01T00:00:00Z,TV,United States,Existing
USR03155,control,2026-05-01T00:00:00Z,Mobile,United States,Existing
USR03156,control,2026-05-01T00:00:00Z,Mobile,Canada,Existing
USR03157,control,2026-05-01T00:00:00Z,Desktop,United States,Existing
USR03158,improved_results,2026-05-01T00:00:00Z,Mobile,United States,Existing
USR03159,control,2026-05-01T00:00:00Z,TV,United States,Existing
USR03160,control,2026-05-01T00:00:00Z,Desktop,Other,New
USR03161,control,2026-05-01T00:00:00Z,Mobile,Other,New
USR03162,improved_results,2026-05-01T00:00:00Z,Desktop,Canada,New
USR03163,control,2026-05-01T00:00:00Z,Mobile,United States,Existing
USR03164,control,2026-05-01T00:00:00Z,TV,Canada,Existing
USR03165,improved_results,2026-05-01T00:00:00Z,Mobile,United States,Existing
USR03166,control,2026-05-01T00:00:00Z,Mobile,United States,Existing
USR03167,control,2026-05-01T00:00:00Z,Mobile,United Kingdom,New
USR03168,improved_results,2026-05-01T00:00:00Z,Desktop,United States,New
USR03169,improved_results,2026-05-01T00:00:00Z,Mobile,United States,New
USR03170,control,2026-05-01T00:00:00Z,Mobile,Canada,Existing
USR03171,control,2026-05-01T00:00:00Z,Desktop,United States,New
USR03172,improved_results,2026-05-01T00:00:00Z,Desktop,United States,Existing
USR03173,improved_results,2026-05-01T00:00:00Z,Mobile,Other,Existing
USR03174,control,2026-05-01T00:00:00Z,Desktop,United States,New
USR03175,control,2026-05-01T00:00:00Z,Mobile,United States,Existing
USR03176,improved_results,2026-05-01T00:00:00Z,Mobile,United States,New
USR03177,control,2026-05-01T00:00:00Z,Desktop,United States,Existing
USR03178,control,2026-05-01T00:00:00Z,TV,United States,Existing
USR03179,control,2026-05-01T00:00:00Z,Mobile,Canada,Existing
USR03180,improved_results,2026-05-01T00:00:00Z,Mobile,United States,Existing
USR03181,control,2026-05-01T00:00:00Z,Desktop,United States,Existing
USR03182,improved_results,2026-05-01T00:00:00Z,Desktop,United States,New
USR03183,control,2026-05-01T00:00:00Z,TV,United States,Existing
USR03184,control,2026-05-01T00:00:00Z,Mobile,Canada,Existing
USR03185,control,2026-05-01T00:00:00Z,TV,United States,Existing
USR03186,control,2026-05-01T00:00:00Z,Mobile,Canada,Existing
USR03187,control,2026-05-01T00:00:00Z,Desktop,Canada,Existing
USR03188,control,2026-05-01T00:00:00Z,Mobile,United States,Existing
USR03189,control,2026-05-01T00:00:00Z,Desktop,United States,New
USR03190,control,2026-05-01T00:00:00Z,Mobile,United States,New
USR03191,control,2026-05-01T00:00:00Z,Mobile,United States,Existing
USR03192,improved_results,2026-05-01T00:00:00Z,TV,United States,Existing
USR03193,improved_results,2026-05-01T00:00:00Z,Mobile,Canada,Existing
USR03194,control,2026-05-01T00:00:00Z,Desktop,United States,Existing
USR03195,control,2026-05-01T00:00:00Z,Mobile,Canada,Existing
USR03196,improved_results,2026-05-01T00:00:00Z,Mobile,Canada,Existing
USR03197,improved_results,2026-05-01T00:00:00Z,TV,United States,Existing
USR03198,improved_results,2026-05-01T00:00:00Z,Desktop,United States,Existing
USR03199,control,2026-05-01T00:00:00Z,Mobile,United States,Existing
USR03200,control,2026-05-01T00:00:00Z,Desktop,United Kingdom,Existing
USR03201,control,2026-05-01T00:00:00Z,Desktop,United Kingdom,Existing
USR03202,control,2026-05-01T00:00:00Z,TV,United States,Existing
USR03203,improved_results,2026-05-01T00:00:00Z,TV,United States,Existing
USR03204,control,2026-05-01T00:00:00Z,Desktop,United States,Existing
USR03205,improved_results,2026-05-01T00:00:00Z,Desktop,United States,Existing
USR03206,improved_results,2026-05-01T00:00:00Z,Desktop,Other,Existing
USR03207,control,2026-05-01T00:00:00Z,Mobile,Other,New
USR03208,control,2026-05-01T00:00:00Z,TV,United States,New
USR03209,improved_results,2026-05-01T00:00:00Z,Mobile,Canada,Existing
USR03210,control,2026-05-01T00:00:00Z,Mobile,United States,New
USR03211,improved_results,2026-05-01T00:00:00Z,Mobile,United States,New
USR03212,improved_results,2026-05-01T00:00:00Z,Mobile,United States,New
USR03213,improved_results,2026-05-01T00:00:00Z,Mobile,United States,Existing
USR03214,control,2026-05-01T00:00:00Z,Mobile,United States,Existing
USR03215,control,2026-05-01T00:00:00Z,Mobile,United States,Existing
USR03216,improved_results,2026-05-01T00:00:00Z,Mobile,United Kingdom,Existing
USR03217,control,2026-05-01T00:00:00Z,Mobile,United Kingdom,New
USR03218,improved_results,2026-05-01T00:00:00Z,Mobile,United States,Existing
USR03219,control,2026-05-01T00:00:00Z,Mobile,United States,Existing
USR03220,control,2026-05-01T00:00:00Z,Mobile,United States,New
USR03221,control,2026-05-01T00:00:00Z,Mobile,United States,New
USR03222,improved_results,2026-05-01T00:00:00Z,Mobile,United Kingdom,New
USR03223,control,2026-05-01T00:00:00Z,Desktop,United States,Existing
USR03224,control,2026-05-01T00:00:00Z,Mobile,Other,Existing
USR03225,improved_results,2026-05-01T00:00:00Z,Mobile,United Kingdom,Existing
USR03226,improved_results,2026-05-01T00:00:00Z,Mobile,United Kingdom,New
USR03227,control,2026-05-01T00:00:00Z,Mobile,United States,Existing
USR03228,improved_results,2026-05-01T00:00:00Z,Mobile,United States,Existing
USR03229,control,2026-05-01T00:00:00Z,Desktop,United Kingdom,Existing
USR03230,improved_results,2026-05-01T00:00:00Z,Mobile,Other,New
USR03231,improved_results,2026-05-01T00:00:00Z,Mobile,United Kingdom,Existing
USR03232,improved_results,2026-05-01T00:00:00Z,Mobile,United States,Existing
USR03233,control,2026-05-01T00:00:00Z,Mobile,United States,Existing
USR03234,improved_results,2026-05-01T00:00:00Z,TV,United States,Existing
USR03235,control,2026-05-01T00:00:00Z,Mobile,Canada,New
USR03236,improved_results,2026-05-01T00:00:00Z,Desktop,United States,Existing
USR03237,improved_results,2026-05-01T00:00:00Z,Desktop,Other,Existing
USR03238,control,2026-05-01T00:00:00Z,Mobile,United States,Existing
USR03239,improved_results,2026-05-01T00:00:00Z,Desktop,United States,Existing
USR03240,control,2026-05-01T00:00:00Z,TV,United States,Existing
USR03241,improved_results,2026-05-01T00:00:00Z,Mobile,United States,New
USR03242,improved_results,2026-05-01T00:00:00Z,Mobile,United States,Existing
USR03243,improved_results,2026-05-01T00:00:00Z,Desktop,Other,New
USR03244,control,2026-05-01T00:00:00Z,TV,United States,Existing
USR03245,control,2026-05-01T00:00:00Z,Desktop,United States,Existing
USR03246,control,2026-05-01T00:00:00Z,Mobile,United States,New
USR03247,control,2026-05-01T00:00:00Z,Mobile,Canada,New
USR03248,control,2026-05-01T00:00:00Z,Mobile,Other,New
USR03249,control,2026-05-01T00:00:00Z,Desktop,United States,Existing
USR03250,control,2026-05-01T00:00:00Z,Mobile,United States,New
USR03251,control,2026-05-01T00:00:00Z,Mobile,Other,Existing
USR03252,control,2026-05-01T00:00:00Z,TV,Canada,Existing
USR03253,improved_results,2026-05-01T00:00:00Z,Mobile,United States,Existing
USR03254,improved_results,2026-05-01T00:00:00Z,Desktop,United States,New
USR03255,control,2026-05-01T00:00:00Z,Desktop,Canada,Existing
USR03256,improved_results,2026-05-01T00:00:00Z,Mobile,United States,New
USR03257,control,2026-05-01T00:00:00Z,TV,United States,Existing
USR03258,control,2026-05-01T00:00:00Z,Mobile,United States,Existing
USR03259,improved_results,2026-05-01T00:00:00Z,Mobile,Canada,Existing
USR03260,improved_results,2026-05-01T00:00:00Z,Desktop,United Kingdom,Existing
USR03261,improved_results,2026-05-01T00:00:00Z,Mobile,United States,Existing
USR03262,improved_results,2026-05-01T00:00:00Z,Mobile,United States,New
USR03263,improved_results,2026-05-01T00:00:00Z,Desktop,United States,Existing
USR03264,improved_results,2026-05-01T00:00:00Z,Mobile,United States,Existing
USR03265,control,2026-05-01T00:00:00Z,Mobile,United States,Existing
USR03266,control,2026-05-01T00:00:00Z,Mobile,United States,Existing
USR03267,improved_results,2026-05-01T00:00:00Z,Mobile,United States,New
USR03268,improved_results,2026-05-01T00:00:00Z,TV,United States,Existing
USR03269,improved_results,2026-05-01T00:00:00Z,TV,United States,New
USR03270,improved_results,2026-05-01T00:00:00Z,Mobile,United States,Existing
USR03271,improved_results,2026-05-01T00:00:00Z,TV,United States,Existing
USR03272,control,2026-05-01T00:00:00Z,Mobile,United States,New
USR03273,control,2026-05-01T00:00:00Z,Mobile,United States,Existing
USR03274,control,2026-05-01T00:00:00Z,Desktop,United States,Existing
USR03275,improved_results,2026-05-01T00:00:00Z,Mobile,United States,Existing
USR03276,improved_results,2026-05-01T00:00:00Z,Mobile,United States,New
USR03277,improved_results,2026-05-01T00:00:00Z,Mobile,Canada,Existing
USR03278,improved_results,2026-05-01T00:00:00Z,TV,United States,New
USR03279,improved_results,2026-05-01T00:00:00Z,Desktop,United States,Existing
USR03280,improved_results,2026-05-01T00:00:00Z,Mobile,Canada,Existing
USR03281,control,2026-05-01T00:00:00Z,Mobile,United States,Existing
USR03282,improved_results,2026-05-01T00:00:00Z,Mobile,United States,Existing
USR03283,control,2026-05-01T00:00:00Z,TV,Canada,Existing
USR03284,control,2026-05-01T00:00:00Z,Desktop,United States,Existing
USR03285,control,2026-05-01T00:00:00Z,Mobile,United Kingdom,New
USR03286,improved_results,2026-05-01T00:00:00Z,TV,United States,Existing
USR03287,control,2026-05-01T00:00:00Z,Mobile,United States,Existing
USR03288,improved_results,2026-05-01T00:00:00Z,Desktop,United States,New
USR03289,improved_results,2026-05-01T00:00:00Z,Mobile,United Kingdom,Existing
USR03290,improved_results,2026-05-01T00:00:00Z,Mobile,Other,Existing
USR03291,improved_results,2026-05-01T00:00:00Z,Desktop,United States,Existing
USR03292,control,2026-05-01T00:00:00Z,Desktop,Other,Existing
USR03293,control,2026-05-01T00:00:00Z,Desktop,United States,Existing
USR03294,control,2026-05-01T00:00:00Z,Mobile,Canada,Existing
USR03295,control,2026-05-01T00:00:00Z,Desktop,Other,Existing
USR03296,improved_results,2026-05-01T00:00:00Z,Desktop,Canada,Existing
USR03297,control,2026-05-01T00:00:00Z,Desktop,United States,Existing
USR03298,improved_results,2026-05-01T00:00:00Z,Mobile,Canada,New
USR03299,improved_results,2026-05-01T00:00:00Z,Desktop,United States,Existing
USR03300,improved_results,2026-05-01T00:00:00Z,Mobile,Other,Existing
USR03301,improved_results,2026-05-01T00:00:00Z,Mobile,United States,Existing
USR03302,improved_results,2026-05-01T00:00:00Z,Desktop,United States,New
USR03303,improved_results,2026-05-01T00:00:00Z,Mobile,United States,Existing
USR03304,control,2026-05-01T00:00:00Z,Mobile,United Kingdom,Existing
USR03305,control,2026-05-01T00:00:00Z,Mobile,United States,New
USR03306,control,2026-05-01T00:00:00Z,Mobile,Canada,Existing
USR03307,improved_results,2026-05-01T00:00:00Z,Mobile,United States,Existing
USR03308,improved_results,2026-05-01T00:00:00Z,Mobile,Other,Existing
USR03309,improved_results,2026-05-01T00:00:00Z,Mobile,Canada,Existing
USR03310,control,2026-05-01T00:00:00Z,Desktop,Other,Existing
USR03311,control,2026-05-01T00:00:00Z,Mobile,United States,Existing
USR03312,control,2026-05-01T00:00:00Z,Mobile,United States,Existing
USR03313,improved_results,2026-05-01T00:00:00Z,Mobile,United States,Existing
USR03314,improved_results,2026-05-01T00:00:00Z,TV,United States,Existing
USR03315,control,2026-05-01T00:00:00Z,Mobile,United States,Existing
USR03316,improved_results,2026-05-01T00:00:00Z,Mobile,Other,Existing
USR03317,improved_results,2026-05-01T00:00:00Z,Mobile,United States,New
USR03318,control,2026-05-01T00:00:00Z,Desktop,Other,Existing
USR03319,control,2026-05-01T00:00:00Z,TV,Other,Existing
USR03320,improved_results,2026-05-01T00:00:00Z,Desktop,Canada,New
USR03321,improved_results,2026-05-01T00:00:00Z,Desktop,United Kingdom,Existing
USR03322,control,2026-05-01T00:00:00Z,Mobile,United States,Existing
USR03323,improved_results,2026-05-01T00:00:00Z,Mobile,Other,Existing
USR03324,improved_results,2026-05-01T00:00:00Z,TV,United States,Existing
USR03325,control,2026-05-01T00:00:00Z,Mobile,United States,Existing
USR03326,improved_results,2026-05-01T00:00:00Z,TV,United States,Existing
USR03327,control,2026-05-01T00:00:00Z,Mobile,United Kingdom,Existing
USR03328,control,2026-05-01T00:00:00Z,Desktop,United States,New
USR03329,control,2026-05-01T00:00:00Z,Mobile,United States,Existing
USR03330,improved_results,2026-05-01T00:00:00Z,Mobile,Other,Existing
USR03331,control,2026-05-01T00:00:00Z,Mobile,United States,New
USR03332,improved_results,2026-05-01T00:00:00Z,Mobile,United States,New
USR03333,improved_results,2026-05-01T00:00:00Z,Mobile,United States,Existing
USR03334,control,2026-05-01T00:00:00Z,Mobile,Other,Existing
USR03335,control,2026-05-01T00:00:00Z,Mobile,Other,New
USR03336,improved_results,2026-05-01T00:00:00Z,Mobile,Other,New
USR03337,improved_results,2026-05-01T00:00:00Z,Desktop,Other,Existing
USR03338,control,2026-05-01T00:00:00Z,Desktop,United States,Existing
USR03339,improved_results,2026-05-01T00:00:00Z,Mobile,United States,Existing
USR03340,improved_results,2026-05-01T00:00:00Z,Desktop,United Kingdom,Existing
USR03341,improved_results,2026-05-01T00:00:00Z,Desktop,Canada,Existing
USR03342,control,2026-05-01T00:00:00Z,Mobile,United States,Existing
USR03343,control,2026-05-01T00:00:00Z,Mobile,United States,Existing
USR03344,control,2026-05-01T00:00:00Z,Mobile,United States,Existing
USR03345,improved_results,2026-05-01T00:00:00Z,Mobile,United Kingdom,Existing
USR03346,control,2026-05-01T00:00:00Z,Mobile,United Kingdom,Existing
USR03347,improved_results,2026-05-01T00:00:00Z,Mobile,United States,Existing
USR03348,control,2026-05-01T00:00:00Z,Mobile,United States,Existing
USR03349,control,2026-05-01T00:00:00Z,Desktop,Other,Existing
USR03350,improved_results,2026-05-01T00:00:00Z,Mobile,United States,Existing
USR03351,control,2026-05-01T00:00:00Z,Mobile,United States,Existing
USR03352,control,2026-05-01T00:00:00Z,Mobile,Canada,New
USR03353,control,2026-05-01T00:00:00Z,Mobile,Other,Existing
USR03354,control,2026-05-01T00:00:00Z,Mobile,United States,Existing
USR03355,improved_results,2026-05-01T00:00:00Z,TV,Other,Existing
USR03356,control,2026-05-01T00:00:00Z,Desktop,United Kingdom,Existing
USR03357,improved_results,2026-05-01T00:00:00Z,Desktop,United States,New
USR03358,control,2026-05-01T00:00:00Z,Desktop,Other,Existing
USR03359,control,2026-05-01T00:00:00Z,Mobile,United States,Existing
USR03360,control,2026-05-01T00:00:00Z,Desktop,Other,Existing
USR03361,control,2026-05-01T00:00:00Z,Mobile,United States,Existing
USR03362,control,2026-05-01T00:00:00Z,TV,Canada,Existing
USR03363,control,2026-05-01T00:00:00Z,Mobile,Other,Existing
USR03364,improved_results,2026-05-01T00:00:00Z,Mobile,United States,Existing
USR03365,improved_results,2026-05-01T00:00:00Z,Mobile,Other,Existing
USR03366,control,2026-05-01T00:00:00Z,Mobile,Canada,Existing
USR03367,control,2026-05-01T00:00:00Z,TV,United States,Existing
USR03368,improved_results,2026-05-01T00:00:00Z,Mobile,United States,Existing
USR03369,improved_results,2026-05-01T00:00:00Z,Mobile,Other,Existing
USR03370,control,2026-05-01T00:00:00Z,Mobile,United States,Existing
USR03371,improved_results,2026-05-01T00:00:00Z,Mobile,United States,Existing
USR03372,improved_results,2026-05-01T00:00:00Z,Desktop,United States,New
USR03373,improved_results,2026-05-01T00:00:00Z,Mobile,United States,New
USR03374,improved_results,2026-05-01T00:00:00Z,Mobile,Canada,Existing
USR03375,improved_results,2026-05-01T00:00:00Z,Mobile,United States,Existing
USR03376,improved_results,2026-05-01T00:00:00Z,Mobile,United States,Existing
USR03377,improved_results,2026-05-01T00:00:00Z,Desktop,Canada,Existing
USR03378,control,2026-05-01T00:00:00Z,Mobile,Canada,Existing
USR03379,improved_results,2026-05-01T00:00:00Z,Mobile,Canada,New
USR03380,control,2026-05-01T00:00:00Z,Mobile,United Kingdom,Existing
USR03381,improved_results,2026-05-01T00:00:00Z,TV,United States,Existing
USR03382,control,2026-05-01T00:00:00Z,Mobile,United States,Existing
USR03383,control,2026-05-01T00:00:00Z,Mobile,Other,New
USR03384,control,2026-05-01T00:00:00Z,Mobile,United States,Existing
USR03385,improved_results,2026-05-01T00:00:00Z,Desktop,United States,New
USR03386,improved_results,2026-05-01T00:00:00Z,Mobile,United States,Existing
USR03387,control,2026-05-01T00:00:00Z,Mobile,United States,Existing
USR03388,improved_results,2026-05-01T00:00:00Z,Desktop,United States,Existing
USR03389,control,2026-05-01T00:00:00Z,Mobile,United States,Existing
USR03390,improved_results,2026-05-01T00:00:00Z,Mobile,Other,Existing
USR03391,control,2026-05-01T00:00:00Z,Mobile,Canada,New
USR03392,improved_results,2026-05-01T00:00:00Z,TV,United States,New
USR03393,improved_results,2026-05-01T00:00:00Z,Desktop,United States,Existing
USR03394,control,2026-05-01T00:00:00Z,Mobile,United States,Existing
USR03395,control,2026-05-01T00:00:00Z,Desktop,United States,Existing
USR03396,control,2026-05-01T00:00:00Z,Mobile,Other,Existing
USR03397,control,2026-05-01T00:00:00Z,TV,Other,New
USR03398,improved_results,2026-05-01T00:00:00Z,Desktop,United States,Existing
USR03399,improved_results,2026-05-01T00:00:00Z,TV,United States,Existing
USR03400,control,2026-05-01T00:00:00Z,Mobile,Canada,Existing
USR03401,control,2026-05-01T00:00:00Z,Mobile,United States,Existing
USR03402,control,2026-05-01T00:00:00Z,Desktop,Other,Existing
USR03403,improved_results,2026-05-01T00:00:00Z,Mobile,United States,Existing
USR03404,improved_results,2026-05-01T00:00:00Z,Mobile,United States,Existing
USR03405,control,2026-05-01T00:00:00Z,Desktop,Other,Existing
USR03406,improved_results,2026-05-01T00:00:00Z,Desktop,Canada,Existing
USR03407,control,2026-05-01T00:00:00Z,Mobile,United States,Existing
USR03408,improved_results,2026-05-01T00:00:00Z,Mobile,United States,Existing
USR03409,control,2026-05-01T00:00:00Z,TV,United States,Existing
USR03410,control,2026-05-01T00:00:00Z,Desktop,United States,Existing
USR03411,control,2026-05-01T00:00:00Z,Desktop,Canada,Existing
USR03412,improved_results,2026-05-01T00:00:00Z,Mobile,United States,New
USR03413,control,2026-05-01T00:00:00Z,TV,United States,Existing
USR03414,improved_results,2026-05-01T00:00:00Z,Mobile,United States,Existing
USR03415,improved_results,2026-05-01T00:00:00Z,Mobile,United States,Existing
USR03416,improved_results,2026-05-01T00:00:00Z,TV,United States,Existing
USR03417,control,2026-05-01T00:00:00Z,Desktop,United States,Existing
USR03418,control,2026-05-01T00:00:00Z,Desktop,United States,Existing
USR03419,control,2026-05-01T00:00:00Z,Desktop,United States,Existing
USR03420,control,2026-05-01T00:00:00Z,Mobile,Canada,New
USR03421,control,2026-05-01T00:00:00Z,Desktop,United States,Existing
USR03422,control,2026-05-01T00:00:00Z,Desktop,United Kingdom,Existing
USR03423,control,2026-05-01T00:00:00Z,Mobile,United States,Existing
USR03424,control,2026-05-01T00:00:00Z,Mobile,United Kingdom,Existing
USR03425,improved_results,2026-05-01T00:00:00Z,TV,Other,Existing
USR03426,control,2026-05-01T00:00:00Z,Mobile,United States,Existing
USR03427,improved_results,2026-05-01T00:00:00Z,Mobile,United States,New
USR03428,improved_results,2026-05-01T00:00:00Z,Mobile,Canada,Existing
USR03429,improved_results,2026-05-01T00:00:00Z,Mobile,United States,Existing
USR03430,improved_results,2026-05-01T00:00:00Z,Mobile,United States,New
USR03431,improved_results,2026-05-01T00:00:00Z,Desktop,United Kingdom,Existing
USR03432,improved_results,2026-05-01T00:00:00Z,Mobile,United States,New
USR03433,improved_results,2026-05-01T00:00:00Z,Mobile,United States,Existing
USR03434,control,2026-05-01T00:00:00Z,Desktop,Other,Existing
USR03435,control,2026-05-01T00:00:00Z,Mobile,Canada,Existing
USR03436,control,2026-05-01T00:00:00Z,TV,United Kingdom,Existing
USR03437,control,2026-05-01T00:00:00Z,Desktop,United States,New
USR03438,control,2026-05-01T00:00:00Z,Mobile,Other,Existing
USR03439,improved_results,2026-05-01T00:00:00Z,Desktop,United States,Existing
USR03440,improved_results,2026-05-01T00:00:00Z,Desktop,United States,Existing
USR03441,control,2026-05-01T00:00:00Z,Mobile,United States,New
USR03442,improved_results,2026-05-01T00:00:00Z,TV,United States,New
USR03443,improved_results,2026-05-01T00:00:00Z,Desktop,Canada,Existing
USR03444,improved_results,2026-05-01T00:00:00Z,TV,United States,Existing
USR03445,control,2026-05-01T00:00:00Z,Desktop,United States,Existing
USR03446,improved_results,2026-05-01T00:00:00Z,Mobile,United Kingdom,Existing
USR03447,control,2026-05-01T00:00:00Z,Mobile,United States,Existing
USR03448,improved_results,2026-05-01T00:00:00Z,TV,Canada,New
USR03449,improved_results,2026-05-01T00:00:00Z,Mobile,United Kingdom,New
USR03450,control,2026-05-01T00:00:00Z,Mobile,Other,Existing
USR03451,control,2026-05-01T00:00:00Z,TV,United States,Existing
USR03452,improved_results,2026-05-01T00:00:00Z,TV,United States,Existing
USR03453,improved_results,2026-05-01T00:00:00Z,TV,United States,New
USR03454,improved_results,2026-05-01T00:00:00Z,Desktop,United States,New
USR03455,control,2026-05-01T00:00:00Z,Mobile,United States,Existing
USR03456,improved_results,2026-05-01T00:00:00Z,Mobile,United Kingdom,Existing
USR03457,control,2026-05-01T00:00:00Z,Mobile,Other,Existing
USR03458,improved_results,2026-05-01T00:00:00Z,Mobile,Other,Existing
USR03459,improved_results,2026-05-01T00:00:00Z,Mobile,United States,Existing
USR03460,improved_results,2026-05-01T00:00:00Z,Desktop,United States,New
USR03461,control,2026-05-01T00:00:00Z,Desktop,Other,Existing
USR03462,improved_results,2026-05-01T00:00:00Z,Desktop,United Kingdom,Existing
USR03463,control,2026-05-01T00:00:00Z,Mobile,United States,Existing
USR03464,control,2026-05-01T00:00:00Z,TV,United States,Existing
USR03465,control,2026-05-01T00:00:00Z,TV,Canada,New
USR03466,improved_results,2026-05-01T00:00:00Z,Mobile,United States,New
USR03467,improved_results,2026-05-01T00:00:00Z,Mobile,Other,Existing
USR03468,improved_results,2026-05-01T00:00:00Z,Mobile,United Kingdom,New
USR03469,control,2026-05-01T00:00:00Z,Desktop,United Kingdom,Existing
USR03470,improved_results,2026-05-01T00:00:00Z,Desktop,United States,Existing
USR03471,control,2026-05-01T00:00:00Z,Mobile,United States,Existing
USR03472,improved_results,2026-05-01T00:00:00Z,TV,United States,New
USR03473,control,2026-05-01T00:00:00Z,Desktop,Canada,Existing
USR03474,improved_results,2026-05-01T00:00:00Z,Mobile,United States,Existing
USR03475,control,2026-05-01T00:00:00Z,Mobile,United States,Existing
USR03476,improved_results,2026-05-01T00:00:00Z,Mobile,Other,Existing
USR03477,control,2026-05-01T00:00:00Z,Desktop,United States,Existing
USR03478,improved_results,2026-05-01T00:00:00Z,Desktop,United States,Existing
USR03479,improved_results,2026-05-01T00:00:00Z,Mobile,United States,Existing
USR03480,control,2026-05-01T00:00:00Z,Mobile,United States,New
USR03481,improved_results,2026-05-01T00:00:00Z,TV,United States,Existing
USR03482,improved_results,2026-05-01T00:00:00Z,Mobile,United States,Existing
USR03483,control,2026-05-01T00:00:00Z,Mobile,United States,Existing
USR03484,control,2026-05-01T00:00:00Z,Mobile,United Kingdom,Existing
USR03485,improved_results,2026-05-01T00:00:00Z,Mobile,United States,Existing
USR03486,control,2026-05-01T00:00:00Z,Mobile,United States,Existing
USR03487,improved_results,2026-05-01T00:00:00Z,TV,United States,Existing
USR03488,improved_results,2026-05-01T00:00:00Z,Mobile,Other,Existing
USR03489,control,2026-05-01T00:00:00Z,Desktop,Canada,Existing
USR03490,improved_results,2026-05-01T00:00:00Z,Mobile,Other,Existing
USR03491,improved_results,2026-05-01T00:00:00Z,Mobile,United States,New
USR03492,control,2026-05-01T00:00:00Z,Mobile,United States,Existing
USR03493,improved_results,2026-05-01T00:00:00Z,Desktop,United States,Existing
USR03494,improved_results,2026-05-01T00:00:00Z,Mobile,United States,Existing
USR03495,improved_results,2026-05-01T00:00:00Z,TV,United States,Existing
USR03496,control,2026-05-01T00:00:00Z,TV,United Kingdom,Existing
USR03497,control,2026-05-01T00:00:00Z,Mobile,Canada,Existing
USR03498,improved_results,2026-05-01T00:00:00Z,TV,Other,New
USR03499,improved_results,2026-05-01T00:00:00Z,Mobile,United States,Existing
USR03500,improved_results,2026-05-01T00:00:00Z,TV,Canada,New
USR03501,control,2026-05-01T00:00:00Z,TV,United States,Existing
USR03502,improved_results,2026-05-01T00:00:00Z,Mobile,United States,Existing
USR03503,improved_results,2026-05-01T00:00:00Z,Mobile,United States,New
USR03504,improved_results,2026-05-01T00:00:00Z,Desktop,United Kingdom,New
USR03505,control,2026-05-01T00:00:00Z,Desktop,United States,New
USR03506,improved_results,2026-05-01T00:00:00Z,TV,United States,New
USR03507,improved_results,2026-05-01T00:00:00Z,Desktop,United States,Existing
USR03508,improved_results,2026-05-01T00:00:00Z,Mobile,Other,Existing
USR03509,improved_results,2026-05-01T00:00:00Z,Desktop,United Kingdom,Existing
USR03510,improved_results,2026-05-01T00:00:00Z,Mobile,Other,Existing
USR03511,control,2026-05-01T00:00:00Z,Mobile,United States,Existing
USR03512,control,2026-05-01T00:00:00Z,Desktop,United States,Existing
USR03513,control,2026-05-01T00:00:00Z,Mobile,United States,Existing
USR03514,control,2026-05-01T00:00:00Z,Desktop,Other,Existing
USR03515,improved_results,2026-05-01T00:00:00Z,Desktop,United States,Existing
USR03516,improved_results,2026-05-01T00:00:00Z,Desktop,United Kingdom,New
USR03517,improved_results,2026-05-01T00:00:00Z,Desktop,United States,New
USR03518,control,2026-05-01T00:00:00Z,Desktop,United Kingdom,Existing
USR03519,improved_results,2026-05-01T00:00:00Z,Desktop,United Kingdom,Existing
USR03520,improved_results,2026-05-01T00:00:00Z,Desktop,United States,Existing
USR03521,control,2026-05-01T00:00:00Z,Desktop,United States,New
USR03522,control,2026-05-01T00:00:00Z,TV,United States,Existing
USR03523,improved_results,2026-05-01T00:00:00Z,Desktop,United States,New
USR03524,control,2026-05-01T00:00:00Z,Desktop,United States,Existing
USR03525,improved_results,2026-05-01T00:00:00Z,Mobile,United Kingdom,Existing
USR03526,improved_results,2026-05-01T00:00:00Z,Desktop,United States,Existing
USR03527,improved_results,2026-05-01T00:00:00Z,Mobile,Other,New
USR03528,improved_results,2026-05-01T00:00:00Z,Mobile,United Kingdom,New
USR03529,improved_results,2026-05-01T00:00:00Z,Desktop,Other,Existing
USR03530,improved_results,2026-05-01T00:00:00Z,Desktop,United States,New
USR03531,control,2026-05-01T00:00:00Z,TV,United States,Existing
USR03532,improved_results,2026-05-01T00:00:00Z,Desktop,United Kingdom,New
USR03533,control,2026-05-01T00:00:00Z,TV,United States,New
USR03534,improved_results,2026-05-01T00:00:00Z,Mobile,United Kingdom,Existing
USR03535,control,2026-05-01T00:00:00Z,Mobile,Canada,Existing
USR03536,improved_results,2026-05-01T00:00:00Z,TV,United States,Existing
USR03537,improved_results,2026-05-01T00:00:00Z,Desktop,United Kingdom,Existing
USR03538,control,2026-05-01T00:00:00Z,Desktop,United States,New
USR03539,control,2026-05-01T00:00:00Z,Mobile,Other,Existing
USR03540,control,2026-05-01T00:00:00Z,Mobile,United States,Existing
USR03541,control,2026-05-01T00:00:00Z,TV,United States,Existing
USR03542,improved_results,2026-05-01T00:00:00Z,Mobile,Other,New
USR03543,improved_results,2026-05-01T00:00:00Z,Mobile,United Kingdom,Existing
USR03544,control,2026-05-01T00:00:00Z,Desktop,United States,Existing
USR03545,control,2026-05-01T00:00:00Z,Mobile,United States,New
USR03546,control,2026-05-01T00:00:00Z,Desktop,Other,New
USR03547,control,2026-05-01T00:00:00Z,Mobile,United States,Existing
USR03548,control,2026-05-01T00:00:00Z,Desktop,United States,Existing
USR03549,control,2026-05-01T00:00:00Z,Mobile,United States,Existing
USR03550,control,2026-05-01T00:00:00Z,Desktop,United States,Existing
USR03551,control,2026-05-01T00:00:00Z,Desktop,United Kingdom,Existing
USR03552,improved_results,2026-05-01T00:00:00Z,TV,Other,Existing
USR03553,improved_results,2026-05-01T00:00:00Z,Mobile,United States,New
USR03554,control,2026-05-01T00:00:00Z,Mobile,United States,Existing
USR03555,improved_results,2026-05-01T00:00:00Z,Desktop,Other,Existing
USR03556,control,2026-05-01T00:00:00Z,Mobile,Canada,Existing
USR03557,control,2026-05-01T00:00:00Z,Desktop,United States,Existing
USR03558,control,2026-05-01T00:00:00Z,Desktop,United States,New
USR03559,improved_results,2026-05-01T00:00:00Z,Desktop,United States,Existing
USR03560,improved_results,2026-05-01T00:00:00Z,TV,United States,Existing
USR03561,control,2026-05-01T00:00:00Z,Desktop,United States,Existing
USR03562,improved_results,2026-05-01T00:00:00Z,Mobile,United States,Existing
USR03563,control,2026-05-01T00:00:00Z,Mobile,United States,Existing
USR03564,improved_results,2026-05-01T00:00:00Z,Desktop,United States,Existing
USR03565,improved_results,2026-05-01T00:00:00Z,TV,Other,New
USR03566,control,2026-05-01T00:00:00Z,Mobile,United States,Existing
USR03567,improved_results,2026-05-01T00:00:00Z,Mobile,United States,New
USR03568,improved_results,2026-05-01T00:00:00Z,TV,United States,Existing
USR03569,control,2026-05-01T00:00:00Z,Desktop,United States,Existing
USR03570,improved_results,2026-05-01T00:00:00Z,Mobile,United States,Existing
USR03571,improved_results,2026-05-01T00:00:00Z,Mobile,United States,Existing
USR03572,improved_results,2026-05-01T00:00:00Z,Mobile,Other,Existing
USR03573,control,2026-05-01T00:00:00Z,Desktop,United States,New
USR03574,improved_results,2026-05-01T00:00:00Z,Desktop,Other,New
USR03575,improved_results,2026-05-01T00:00:00Z,Mobile,Other,New
USR03576,improved_results,2026-05-01T00:00:00Z,Mobile,United States,Existing
USR03577,control,2026-05-01T00:00:00Z,Desktop,Other,Existing
USR03578,control,2026-05-01T00:00:00Z,Mobile,United States,Existing
USR03579,control,2026-05-01T00:00:00Z,Mobile,Other,New
USR03580,improved_results,2026-05-01T00:00:00Z,Desktop,United States,Existing
USR03581,improved_results,2026-05-01T00:00:00Z,TV,United States,Existing
USR03582,improved_results,2026-05-01T00:00:00Z,Mobile,United States,Existing
USR03583,control,2026-05-01T00:00:00Z,TV,United States,Existing
USR03584,improved_results,2026-05-01T00:00:00Z,Mobile,Other,Existing
USR03585,improved_results,2026-05-01T00:00:00Z,Desktop,United States,Existing
USR03586,control,2026-05-01T00:00:00Z,TV,United States,Existing
USR03587,control,2026-05-01T00:00:00Z,Mobile,United States,Existing
USR03588,control,2026-05-01T00:00:00Z,Mobile,United States,Existing
USR03589,control,2026-05-01T00:00:00Z,Mobile,United States,Existing
USR03590,improved_results,2026-05-01T00:00:00Z,Desktop,Other,Existing
USR03591,improved_results,2026-05-01T00:00:00Z,Desktop,United States,Existing
USR03592,improved_results,2026-05-01T00:00:00Z,Desktop,United Kingdom,Existing
USR03593,control,2026-05-01T00:00:00Z,Desktop,United States,New
USR03594,improved_results,2026-05-01T00:00:00Z,Mobile,Canada,New
USR03595,control,2026-05-01T00:00:00Z,Desktop,United Kingdom,Existing
USR03596,improved_results,2026-05-01T00:00:00Z,Mobile,United Kingdom,Existing
USR03597,control,2026-05-01T00:00:00Z,Mobile,United States,Existing
USR03598,improved_results,2026-05-01T00:00:00Z,Mobile,United States,Existing
USR03599,control,2026-05-01T00:00:00Z,TV,United States,Existing
USR03600,improved_results,2026-05-01T00:00:00Z,TV,United States,Existing
USR03601,control,2026-05-01T00:00:00Z,TV,Canada,Existing
USR03602,control,2026-05-01T00:00:00Z,Desktop,United States,Existing
USR03603,control,2026-05-01T00:00:00Z,Mobile,Canada,New
USR03604,control,2026-05-01T00:00:00Z,Desktop,Canada,Existing
USR03605,control,2026-05-01T00:00:00Z,Desktop,United States,New
USR03606,control,2026-05-01T00:00:00Z,Mobile,United States,New
USR03607,improved_results,2026-05-01T00:00:00Z,Desktop,United States,Existing
USR03608,improved_results,2026-05-01T00:00:00Z,Desktop,United States,New
USR03609,improved_results,2026-05-01T00:00:00Z,Mobile,United States,Existing
USR03610,improved_results,2026-05-01T00:00:00Z,Desktop,United States,Existing
USR03611,improved_results,2026-05-01T00:00:00Z,Mobile,United States,Existing
USR03612,improved_results,2026-05-01T00:00:00Z,Desktop,United States,Existing
USR03613,improved_results,2026-05-01T00:00:00Z,TV,Other,Existing
USR03614,improved_results,2026-05-01T00:00:00Z,Mobile,United States,New
USR03615,control,2026-05-01T00:00:00Z,Mobile,United States,Existing
USR03616,control,2026-05-01T00:00:00Z,Desktop,Canada,Existing
USR03617,control,2026-05-01T00:00:00Z,Mobile,Canada,Existing
USR03618,improved_results,2026-05-01T00:00:00Z,Mobile,Other,Existing
USR03619,improved_results,2026-05-01T00:00:00Z,Mobile,United States,Existing
USR03620,improved_results,2026-05-01T00:00:00Z,TV,United States,New
USR03621,improved_results,2026-05-01T00:00:00Z,Desktop,United States,Existing
USR03622,improved_results,2026-05-01T00:00:00Z,Desktop,United States,New
USR03623,control,2026-05-01T00:00:00Z,Mobile,United Kingdom,Existing
USR03624,improved_results,2026-05-01T00:00:00Z,Mobile,United States,Existing
USR03625,control,2026-05-01T00:00:00Z,Mobile,Other,New
USR03626,control,2026-05-01T00:00:00Z,Mobile,United States,Existing
USR03627,improved_results,2026-05-01T00:00:00Z,Mobile,United States,New
USR03628,improved_results,2026-05-01T00:00:00Z,Desktop,United States,New
USR03629,improved_results,2026-05-01T00:00:00Z,Mobile,United States,Existing
USR03630,improved_results,2026-05-01T00:00:00Z,TV,United States,Existing
USR03631,control,2026-05-01T00:00:00Z,Mobile,United Kingdom,Existing
USR03632,improved_results,2026-05-01T00:00:00Z,Desktop,United States,Existing
USR03633,control,2026-05-01T00:00:00Z,Desktop,United States,Existing
USR03634,control,2026-05-01T00:00:00Z,Desktop,United Kingdom,Existing
USR03635,control,2026-05-01T00:00:00Z,Mobile,Other,Existing
USR03636,control,2026-05-01T00:00:00Z,Desktop,United States,Existing
USR03637,control,2026-05-01T00:00:00Z,Mobile,United States,Existing
USR03638,improved_results,2026-05-01T00:00:00Z,Mobile,United States,New
USR03639,improved_results,2026-05-01T00:00:00Z,Mobile,Other,New
USR03640,improved_results,2026-05-01T00:00:00Z,Mobile,United States,Existing
USR03641,improved_results,2026-05-01T00:00:00Z,Mobile,Other,Existing
USR03642,control,2026-05-01T00:00:00Z,Desktop,United States,Existing
USR03643,control,2026-05-01T00:00:00Z,Mobile,Other,Existing
USR03644,control,2026-05-01T00:00:00Z,Desktop,Other,Existing
USR03645,control,2026-05-01T00:00:00Z,Desktop,Other,New
USR03646,improved_results,2026-05-01T00:00:00Z,Mobile,United States,Existing
USR03647,improved_results,2026-05-01T00:00:00Z,Mobile,United States,Existing
USR03648,improved_results,2026-05-01T00:00:00Z,TV,Canada,Existing
USR03649,control,2026-05-01T00:00:00Z,Desktop,United States,Existing
USR03650,improved_results,2026-05-01T00:00:00Z,Desktop,United States,New
USR03651,control,2026-05-01T00:00:00Z,TV,United States,Existing
USR03652,control,2026-05-01T00:00:00Z,Mobile,Other,Existing
USR03653,improved_results,2026-05-01T00:00:00Z,Mobile,United States,Existing
USR03654,control,2026-05-01T00:00:00Z,Mobile,Other,Existing
USR03655,improved_results,2026-05-01T00:00:00Z,Desktop,United Kingdom,Existing
USR03656,control,2026-05-01T00:00:00Z,Mobile,United States,Existing
USR03657,improved_results,2026-05-01T00:00:00Z,Mobile,United States,Existing
USR03658,control,2026-05-01T00:00:00Z,Mobile,United States,Existing
USR03659,control,2026-05-01T00:00:00Z,TV,United States,Existing
USR03660,improved_results,2026-05-01T00:00:00Z,Mobile,United States,Existing
USR03661,improved_results,2026-05-01T00:00:00Z,Desktop,Other,New
USR03662,improved_results,2026-05-01T00:00:00Z,Mobile,Canada,Existing
USR03663,control,2026-05-01T00:00:00Z,Desktop,United States,Existing
USR03664,improved_results,2026-05-01T00:00:00Z,Mobile,Canada,Existing
USR03665,improved_results,2026-05-01T00:00:00Z,TV,United States,New
USR03666,improved_results,2026-05-01T00:00:00Z,TV,United States,Existing
USR03667,improved_results,2026-05-01T00:00:00Z,Desktop,Other,Existing
USR03668,improved_results,2026-05-01T00:00:00Z,Mobile,United States,Existing
USR03669,control,2026-05-01T00:00:00Z,Mobile,United States,New
USR03670,improved_results,2026-05-01T00:00:00Z,Mobile,United Kingdom,Existing
USR03671,control,2026-05-01T00:00:00Z,TV,United States,Existing
USR03672,control,2026-05-01T00:00:00Z,Mobile,United States,New
USR03673,improved_results,2026-05-01T00:00:00Z,Mobile,United States,New
USR03674,improved_results,2026-05-01T00:00:00Z,Desktop,United States,Existing
USR03675,improved_results,2026-05-01T00:00:00Z,Mobile,United States,Existing
USR03676,control,2026-05-01T00:00:00Z,Mobile,United States,Existing
USR03677,control,2026-05-01T00:00:00Z,Mobile,Other,New
USR03678,control,2026-05-01T00:00:00Z,Mobile,United States,Existing
USR03679,control,2026-05-01T00:00:00Z,Mobile,United States,New
USR03680,improved_results,2026-05-01T00:00:00Z,TV,United Kingdom,Existing
USR03681,improved_results,2026-05-01T00:00:00Z,TV,United States,Existing
USR03682,control,2026-05-01T00:00:00Z,Mobile,Other,Existing
USR03683,improved_results,2026-05-01T00:00:00Z,TV,United Kingdom,Existing
USR03684,control,2026-05-01T00:00:00Z,Desktop,United Kingdom,New
USR03685,improved_results,2026-05-01T00:00:00Z,Mobile,Canada,Existing
USR03686,control,2026-05-01T00:00:00Z,Mobile,United States,New
USR03687,improved_results,2026-05-01T00:00:00Z,Desktop,United States,Existing
USR03688,improved_results,2026-05-01T00:00:00Z,TV,United Kingdom,Existing
USR03689,control,2026-05-01T00:00:00Z,Desktop,United Kingdom,New
USR03690,control,2026-05-01T00:00:00Z,Mobile,United States,Existing
USR03691,improved_results,2026-05-01T00:00:00Z,Desktop,United States,Existing
USR03692,control,2026-05-01T00:00:00Z,Mobile,United States,New
USR03693,control,2026-05-01T00:00:00Z,TV,Other,Existing
USR03694,improved_results,2026-05-01T00:00:00Z,Mobile,United States,Existing
USR03695,improved_results,2026-05-01T00:00:00Z,Mobile,United States,Existing
USR03696,control,2026-05-01T00:00:00Z,Mobile,United States,New
USR03697,control,2026-05-01T00:00:00Z,Desktop,Other,Existing
USR03698,improved_results,2026-05-01T00:00:00Z,Desktop,United States,Existing
USR03699,improved_results,2026-05-01T00:00:00Z,Mobile,United States,Existing
USR03700,control,2026-05-01T00:00:00Z,TV,United States,Existing
USR03701,control,2026-05-01T00:00:00Z,Mobile,United States,Existing
USR03702,control,2026-05-01T00:00:00Z,Mobile,United States,New
USR03703,improved_results,2026-05-01T00:00:00Z,Desktop,United States,Existing
USR03704,control,2026-05-01T00:00:00Z,Mobile,United States,Existing
USR03705,improved_results,2026-05-01T00:00:00Z,Mobile,United States,Existing
USR03706,improved_results,2026-05-01T00:00:00Z,Desktop,United States,New
USR03707,control,2026-05-01T00:00:00Z,Desktop,United States,Existing
USR03708,improved_results,2026-05-01T00:00:00Z,Desktop,United States,Existing
USR03709,control,2026-05-01T00:00:00Z,Mobile,Other,Existing
USR03710,control,2026-05-01T00:00:00Z,TV,United States,Existing
USR03711,control,2026-05-01T00:00:00Z,Desktop,United States,New
USR03712,improved_results,2026-05-01T00:00:00Z,TV,United States,Existing
USR03713,control,2026-05-01T00:00:00Z,Mobile,Other,Existing
USR03714,improved_results,2026-05-01T00:00:00Z,Desktop,Other,New
USR03715,control,2026-05-01T00:00:00Z,Desktop,Other,Existing
USR03716,control,2026-05-01T00:00:00Z,Mobile,United States,Existing
USR03717,control,2026-05-01T00:00:00Z,Desktop,United States,Existing
USR03718,improved_results,2026-05-01T00:00:00Z,Mobile,United States,New
USR03719,control,2026-05-01T00:00:00Z,Mobile,United States,Existing
USR03720,improved_results,2026-05-01T00:00:00Z,Mobile,Other,New
USR03721,improved_results,2026-05-01T00:00:00Z,TV,United Kingdom,Existing
USR03722,improved_results,2026-05-01T00:00:00Z,Mobile,United States,Existing
USR03723,control,2026-05-01T00:00:00Z,Desktop,United States,Existing
USR03724,control,2026-05-01T00:00:00Z,Desktop,United States,Existing
USR03725,improved_results,2026-05-01T00:00:00Z,Desktop,Other,New
USR03726,improved_results,2026-05-01T00:00:00Z,TV,Other,Existing
USR03727,improved_results,2026-05-01T00:00:00Z,TV,United States,Existing
USR03728,improved_results,2026-05-01T00:00:00Z,Mobile,Canada,Existing
USR03729,control,2026-05-01T00:00:00Z,Desktop,United States,New
USR03730,control,2026-05-01T00:00:00Z,Desktop,Other,Existing
USR03731,improved_results,2026-05-01T00:00:00Z,Mobile,United States,Existing
USR03732,control,2026-05-01T00:00:00Z,Desktop,United States,Existing
USR03733,control,2026-05-01T00:00:00Z,Mobile,Canada,Existing
USR03734,improved_results,2026-05-01T00:00:00Z,TV,United Kingdom,Existing
USR03735,control,2026-05-01T00:00:00Z,Mobile,United States,New
USR03736,control,2026-05-01T00:00:00Z,Desktop,Other,Existing
USR03737,improved_results,2026-05-01T00:00:00Z,Mobile,United States,Existing
USR03738,improved_results,2026-05-01T00:00:00Z,Mobile,United States,New
USR03739,control,2026-05-01T00:00:00Z,Mobile,Other,New
USR03740,improved_results,2026-05-01T00:00:00Z,Mobile,United States,Existing
USR03741,control,2026-05-01T00:00:00Z,Desktop,United States,Existing
USR03742,improved_results,2026-05-01T00:00:00Z,Mobile,United States,New
USR03743,improved_results,2026-05-01T00:00:00Z,Desktop,United States,Existing
USR03744,improved_results,2026-05-01T00:00:00Z,Mobile,United States,Existing
USR03745,control,2026-05-01T00:00:00Z,Desktop,United States,Existing
USR03746,control,2026-05-01T00:00:00Z,Desktop,United States,Existing
USR03747,control,2026-05-01T00:00:00Z,TV,United States,Existing
USR03748,improved_results,2026-05-01T00:00:00Z,Mobile,United States,New
USR03749,improved_results,2026-05-01T00:00:00Z,Mobile,United States,New
USR03750,control,2026-05-01T00:00:00Z,TV,United States,New
USR03751,improved_results,2026-05-01T00:00:00Z,Mobile,Other,Existing
USR03752,control,2026-05-01T00:00:00Z,Mobile,United States,Existing
USR03753,control,2026-05-01T00:00:00Z,Mobile,Other,Existing
USR03754,improved_results,2026-05-01T00:00:00Z,Mobile,United States,New
USR03755,improved_results,2026-05-01T00:00:00Z,Mobile,United States,Existing
USR03756,control,2026-05-01T00:00:00Z,Mobile,United States,Existing
USR03757,control,2026-05-01T00:00:00Z,Desktop,United States,Existing
USR03758,improved_results,2026-05-01T00:00:00Z,Mobile,United States,Existing
USR03759,control,2026-05-01T00:00:00Z,Mobile,United Kingdom,New
USR03760,control,2026-05-01T00:00:00Z,Mobile,United States,New
USR03761,improved_results,2026-05-01T00:00:00Z,Desktop,United States,New
USR03762,improved_results,2026-05-01T00:00:00Z,Mobile,United States,Existing
USR03763,control,2026-05-01T00:00:00Z,Desktop,United States,New
USR03764,improved_results,2026-05-01T00:00:00Z,Desktop,Canada,Existing
USR03765,improved_results,2026-05-01T00:00:00Z,Desktop,United States,Existing
USR03766,improved_results,2026-05-01T00:00:00Z,Desktop,United States,New
USR03767,improved_results,2026-05-01T00:00:00Z,TV,United States,Existing
USR03768,control,2026-05-01T00:00:00Z,Mobile,United States,New
USR03769,control,2026-05-01T00:00:00Z,Mobile,United States,Existing
USR03770,control,2026-05-01T00:00:00Z,Desktop,United States,Existing
USR03771,control,2026-05-01T00:00:00Z,Mobile,Other,Existing
USR03772,control,2026-05-01T00:00:00Z,TV,Canada,Existing
USR03773,improved_results,2026-05-01T00:00:00Z,Mobile,United States,New
USR03774,improved_results,2026-05-01T00:00:00Z,Desktop,United States,Existing
USR03775,control,2026-05-01T00:00:00Z,Mobile,United States,Existing
USR03776,improved_results,2026-05-01T00:00:00Z,Mobile,Canada,Existing
USR03777,improved_results,2026-05-01T00:00:00Z,Mobile,United States,Existing
USR03778,improved_results,2026-05-01T00:00:00Z,Mobile,United States,Existing
USR03779,control,2026-05-01T00:00:00Z,Desktop,United States,Existing
USR03780,improved_results,2026-05-01T00:00:00Z,TV,United States,New
USR03781,control,2026-05-01T00:00:00Z,Desktop,United States,New
USR03782,improved_results,2026-05-01T00:00:00Z,Mobile,Canada,Existing
USR03783,improved_results,2026-05-01T00:00:00Z,Mobile,United States,Existing
USR03784,control,2026-05-01T00:00:00Z,Mobile,United Kingdom,New
USR03785,improved_results,2026-05-01T00:00:00Z,Mobile,Canada,New
USR03786,improved_results,2026-05-01T00:00:00Z,Desktop,United States,New
USR03787,improved_results,2026-05-01T00:00:00Z,TV,United Kingdom,New
USR03788,improved_results,2026-05-01T00:00:00Z,TV,United States,New
USR03789,control,2026-05-01T00:00:00Z,Mobile,United States,Existing
USR03790,improved_results,2026-05-01T00:00:00Z,Mobile,United States,Existing
USR03791,improved_results,2026-05-01T00:00:00Z,Mobile,Canada,Existing
USR03792,control,2026-05-01T00:00:00Z,Desktop,United States,Existing
USR03793,control,2026-05-01T00:00:00Z,Mobile,United Kingdom,Existing
USR03794,control,2026-05-01T00:00:00Z,Desktop,United Kingdom,Existing
USR03795,control,2026-05-01T00:00:00Z,Mobile,United States,New
USR03796,improved_results,2026-05-01T00:00:00Z,Desktop,United States,New
USR03797,improved_results,2026-05-01T00:00:00Z,Mobile,Other,Existing
USR03798,improved_results,2026-05-01T00:00:00Z,Mobile,United States,Existing
USR03799,control,2026-05-01T00:00:00Z,Mobile,Other,New
USR03800,improved_results,2026-05-01T00:00:00Z,Desktop,Canada,Existing
USR03801,control,2026-05-01T00:00:00Z,Desktop,Canada,Existing
USR03802,control,2026-05-01T00:00:00Z,TV,United States,Existing
USR03803,control,2026-05-01T00:00:00Z,Mobile,Canada,Existing
USR03804,control,2026-05-01T00:00:00Z,Desktop,United States,Existing
USR03805,control,2026-05-01T00:00:00Z,Mobile,United States,Existing
USR03806,improved_results,2026-05-01T00:00:00Z,TV,United States,Existing
USR03807,improved_results,2026-05-01T00:00:00Z,TV,Other,New
USR03808,improved_results,2026-05-01T00:00:00Z,Mobile,United States,Existing
USR03809,improved_results,2026-05-01T00:00:00Z,Mobile,United States,New
USR03810,control,2026-05-01T00:00:00Z,Desktop,United States,Existing
USR03811,control,2026-05-01T00:00:00Z,Desktop,United States,Existing
USR03812,control,2026-05-01T00:00:00Z,Desktop,Canada,Existing
USR03813,improved_results,2026-05-01T00:00:00Z,TV,Other,New
USR03814,improved_results,2026-05-01T00:00:00Z,Desktop,United States,Existing
USR03815,control,2026-05-01T00:00:00Z,Mobile,United States,New
USR03816,control,2026-05-01T00:00:00Z,TV,Other,Existing
USR03817,improved_results,2026-05-01T00:00:00Z,Mobile,United Kingdom,Existing
USR03818,control,2026-05-01T00:00:00Z,Mobile,United States,Existing
USR03819,control,2026-05-01T00:00:00Z,Mobile,United States,Existing
USR03820,control,2026-05-01T00:00:00Z,Mobile,Canada,Existing
USR03821,control,2026-05-01T00:00:00Z,Mobile,Canada,Existing
USR03822,control,2026-05-01T00:00:00Z,Mobile,United States,Existing
USR03823,control,2026-05-01T00:00:00Z,Mobile,United States,Existing
USR03824,control,2026-05-01T00:00:00Z,Mobile,United States,Existing
USR03825,improved_results,2026-05-01T00:00:00Z,Mobile,United States,Existing
USR03826,improved_results,2026-05-01T00:00:00Z,Desktop,United States,Existing
USR03827,improved_results,2026-05-01T00:00:00Z,Mobile,United States,Existing
USR03828,control,2026-05-01T00:00:00Z,TV,Other,Existing
USR03829,improved_results,2026-05-01T00:00:00Z,Desktop,United States,Existing
USR03830,control,2026-05-01T00:00:00Z,Mobile,Other,Existing
USR03831,control,2026-05-01T00:00:00Z,Mobile,United Kingdom,Existing
USR03832,control,2026-05-01T00:00:00Z,Mobile,United States,Existing
USR03833,control,2026-05-01T00:00:00Z,TV,Other,Existing
USR03834,improved_results,2026-05-01T00:00:00Z,Mobile,Other,Existing
USR03835,control,2026-05-01T00:00:00Z,Mobile,United Kingdom,New
USR03836,improved_results,2026-05-01T00:00:00Z,Desktop,Other,Existing
USR03837,improved_results,2026-05-01T00:00:00Z,Mobile,United States,Existing
USR03838,improved_results,2026-05-01T00:00:00Z,Mobile,Canada,Existing
USR03839,improved_results,2026-05-01T00:00:00Z,Mobile,United States,Existing
USR03840,control,2026-05-01T00:00:00Z,Mobile,United States,Existing
USR03841,improved_results,2026-05-01T00:00:00Z,Mobile,Other,Existing
USR03842,improved_results,2026-05-01T00:00:00Z,Mobile,United States,Existing
USR03843,control,2026-05-01T00:00:00Z,TV,United States,Existing
USR03844,control,2026-05-01T00:00:00Z,Mobile,Other,New
USR03845,control,2026-05-01T00:00:00Z,Mobile,United Kingdom,Existing
USR03846,improved_results,2026-05-01T00:00:00Z,Mobile,Canada,Existing
USR03847,control,2026-05-01T00:00:00Z,Mobile,Canada,Existing
USR03848,improved_results,2026-05-01T00:00:00Z,Desktop,United States,New
USR03849,control,2026-05-01T00:00:00Z,Mobile,United States,Existing
USR03850,improved_results,2026-05-01T00:00:00Z,Desktop,United States,New
USR03851,control,2026-05-01T00:00:00Z,Mobile,United States,Existing
USR03852,control,2026-05-01T00:00:00Z,Mobile,United States,Existing
USR03853,control,2026-05-01T00:00:00Z,Mobile,United States,Existing
USR03854,control,2026-05-01T00:00:00Z,TV,United States,Existing
USR03855,improved_results,2026-05-01T00:00:00Z,Desktop,Other,New
USR03856,control,2026-05-01T00:00:00Z,Desktop,United States,New
USR03857,improved_results,2026-05-01T00:00:00Z,Mobile,United States,Existing
USR03858,control,2026-05-01T00:00:00Z,Desktop,United States,Existing
USR03859,control,2026-05-01T00:00:00Z,Mobile,United States,Existing
USR03860,control,2026-05-01T00:00:00Z,TV,Other,Existing
USR03861,improved_results,2026-05-01T00:00:00Z,Mobile,United States,New
USR03862,control,2026-05-01T00:00:00Z,Desktop,United States,Existing
USR03863,control,2026-05-01T00:00:00Z,TV,United States,Existing
USR03864,control,2026-05-01T00:00:00Z,Mobile,United States,Existing
USR03865,improved_results,2026-05-01T00:00:00Z,Mobile,United States,New
USR03866,control,2026-05-01T00:00:00Z,Mobile,United States,Existing
USR03867,control,2026-05-01T00:00:00Z,Mobile,Canada,New
USR03868,improved_results,2026-05-01T00:00:00Z,Mobile,Other,New
USR03869,control,2026-05-01T00:00:00Z,TV,Canada,Existing
USR03870,improved_results,2026-05-01T00:00:00Z,Desktop,United States,New
USR03871,control,2026-05-01T00:00:00Z,Mobile,United States,Existing
USR03872,control,2026-05-01T00:00:00Z,Desktop,United States,New
USR03873,improved_results,2026-05-01T00:00:00Z,Mobile,United States,Existing
USR03874,control,2026-05-01T00:00:00Z,Mobile,Canada,New
USR03875,control,2026-05-01T00:00:00Z,Mobile,Other,New
USR03876,improved_results,2026-05-01T00:00:00Z,Mobile,United Kingdom,Existing
USR03877,improved_results,2026-05-01T00:00:00Z,Mobile,United States,New
USR03878,improved_results,2026-05-01T00:00:00Z,Desktop,United States,Existing
USR03879,improved_results,2026-05-01T00:00:00Z,TV,United States,New
USR03880,improved_results,2026-05-01T00:00:00Z,Mobile,United States,New
USR03881,improved_results,2026-05-01T00:00:00Z,TV,United States,Existing
USR03882,improved_results,2026-05-01T00:00:00Z,Desktop,United States,Existing
USR03883,improved_results,2026-05-01T00:00:00Z,Mobile,United States,Existing
USR03884,control,2026-05-01T00:00:00Z,Desktop,United States,New
USR03885,improved_results,2026-05-01T00:00:00Z,TV,Other,Existing
USR03886,improved_results,2026-05-01T00:00:00Z,Desktop,United States,Existing
USR03887,control,2026-05-01T00:00:00Z,Mobile,Other,Existing
USR03888,control,2026-05-01T00:00:00Z,Desktop,United States,New
USR03889,control,2026-05-01T00:00:00Z,Mobile,United States,Existing
USR03890,control,2026-05-01T00:00:00Z,Desktop,United States,Existing
USR03891,improved_results,2026-05-01T00:00:00Z,Mobile,United States,New
USR03892,improved_results,2026-05-01T00:00:00Z,Mobile,United States,New
USR03893,control,2026-05-01T00:00:00Z,Mobile,United States,Existing
USR03894,control,2026-05-01T00:00:00Z,TV,United States,New
USR03895,improved_results,2026-05-01T00:00:00Z,TV,Canada,Existing
USR03896,improved_results,2026-05-01T00:00:00Z,Mobile,United States,New
USR03897,improved_results,2026-05-01T00:00:00Z,TV,United Kingdom,Existing
USR03898,control,2026-05-01T00:00:00Z,Mobile,Other,New
USR03899,control,2026-05-01T00:00:00Z,Mobile,Other,Existing
USR03900,control,2026-05-01T00:00:00Z,Mobile,United States,Existing
USR03901,control,2026-05-01T00:00:00Z,Mobile,Other,Existing
USR03902,control,2026-05-01T00:00:00Z,Mobile,United States,New
USR03903,improved_results,2026-05-01T00:00:00Z,TV,United States,Existing
USR03904,control,2026-05-01T00:00:00Z,Desktop,United States,Existing
USR03905,control,2026-05-01T00:00:00Z,Desktop,United States,Existing
USR03906,control,2026-05-01T00:00:00Z,Mobile,United States,New
USR03907,improved_results,2026-05-01T00:00:00Z,Mobile,United States,Existing
USR03908,control,2026-05-01T00:00:00Z,Mobile,United States,Existing
USR03909,improved_results,2026-05-01T00:00:00Z,Desktop,Canada,Existing
USR03910,improved_results,2026-05-01T00:00:00Z,Mobile,Canada,Existing
USR03911,improved_results,2026-05-01T00:00:00Z,Mobile,Canada,Existing
USR03912,improved_results,2026-05-01T00:00:00Z,TV,United Kingdom,Existing
USR03913,control,2026-05-01T00:00:00Z,Mobile,Other,New
USR03914,improved_results,2026-05-01T00:00:00Z,TV,United Kingdom,Existing
USR03915,control,2026-05-01T00:00:00Z,Mobile,United States,Existing
USR03916,improved_results,2026-05-01T00:00:00Z,Mobile,United States,Existing
USR03917,control,2026-05-01T00:00:00Z,Desktop,United States,Existing
USR03918,improved_results,2026-05-01T00:00:00Z,Mobile,United States,Existing
USR03919,improved_results,2026-05-01T00:00:00Z,Mobile,Other,Existing
USR03920,improved_results,2026-05-01T00:00:00Z,Desktop,United States,Existing
USR03921,control,2026-05-01T00:00:00Z,Desktop,United States,Existing
USR03922,improved_results,2026-05-01T00:00:00Z,Mobile,United Kingdom,New
USR03923,improved_results,2026-05-01T00:00:00Z,Mobile,United States,New
USR03924,improved_results,2026-05-01T00:00:00Z,Mobile,United States,New
USR03925,control,2026-05-01T00:00:00Z,Desktop,United States,New
USR03926,improved_results,2026-05-01T00:00:00Z,Mobile,United States,Existing
USR03927,control,2026-05-01T00:00:00Z,Mobile,United States,Existing
USR03928,improved_results,2026-05-01T00:00:00Z,Desktop,United States,Existing
USR03929,control,2026-05-01T00:00:00Z,Mobile,United States,Existing
USR03930,improved_results,2026-05-01T00:00:00Z,TV,United States,New
USR03931,improved_results,2026-05-01T00:00:00Z,Mobile,United States,New
USR03932,control,2026-05-01T00:00:00Z,Mobile,United States,New
USR03933,control,2026-05-01T00:00:00Z,TV,United States,New
USR03934,improved_results,2026-05-01T00:00:00Z,Mobile,United States,Existing
USR03935,control,2026-05-01T00:00:00Z,Desktop,United States,Existing
USR03936,improved_results,2026-05-01T00:00:00Z,TV,United States,Existing
USR03937,control,2026-05-01T00:00:00Z,Mobile,United States,Existing
USR03938,control,2026-05-01T00:00:00Z,TV,United States,New
USR03939,improved_results,2026-05-01T00:00:00Z,Mobile,United States,Existing
USR03940,control,2026-05-01T00:00:00Z,Mobile,United States,Existing
USR03941,control,2026-05-01T00:00:00Z,TV,United States,Existing
USR03942,improved_results,2026-05-01T00:00:00Z,Mobile,United States,Existing
USR03943,control,2026-05-01T00:00:00Z,TV,United States,Existing
USR03944,control,2026-05-01T00:00:00Z,Desktop,United States,Existing
USR03945,control,2026-05-01T00:00:00Z,Desktop,United States,Existing
USR03946,control,2026-05-01T00:00:00Z,Desktop,Canada,Existing
USR03947,control,2026-05-01T00:00:00Z,Desktop,Other,Existing
USR03948,control,2026-05-01T00:00:00Z,TV,Canada,Existing
USR03949,control,2026-05-01T00:00:00Z,Mobile,United Kingdom,Existing
USR03950,control,2026-05-01T00:00:00Z,Mobile,United States,Existing
USR03951,improved_results,2026-05-01T00:00:00Z,TV,Canada,Existing
USR03952,control,2026-05-01T00:00:00Z,Desktop,United States,Existing
USR03953,control,2026-05-01T00:00:00Z,Mobile,United States,Existing
USR03954,control,2026-05-01T00:00:00Z,TV,United States,Existing
USR03955,control,2026-05-01T00:00:00Z,Mobile,Canada,Existing
USR03956,control,2026-05-01T00:00:00Z,Mobile,Other,New
USR03957,control,2026-05-01T00:00:00Z,Mobile,United States,Existing
USR03958,improved_results,2026-05-01T00:00:00Z,Desktop,Other,Existing
USR03959,control,2026-05-01T00:00:00Z,Mobile,United States,Existing
USR03960,control,2026-05-01T00:00:00Z,Desktop,Other,Existing
USR03961,control,2026-05-01T00:00:00Z,Mobile,United States,New
USR03962,improved_results,2026-05-01T00:00:00Z,Mobile,United States,Existing
USR03963,improved_results,2026-05-01T00:00:00Z,Mobile,United States,New
USR03964,improved_results,2026-05-01T00:00:00Z,Mobile,United States,Existing
USR03965,improved_results,2026-05-01T00:00:00Z,Desktop,Canada,Existing
USR03966,improved_results,2026-05-01T00:00:00Z,Mobile,United States,Existing
USR03967,improved_results,2026-05-01T00:00:00Z,TV,United States,Existing
USR03968,control,2026-05-01T00:00:00Z,Mobile,United Kingdom,Existing
USR03969,improved_results,2026-05-01T00:00:00Z,Mobile,Other,Existing
USR03970,improved_results,2026-05-01T00:00:00Z,Mobile,United Kingdom,New
USR03971,control,2026-05-01T00:00:00Z,Mobile,Other,Existing
USR03972,control,2026-05-01T00:00:00Z,Mobile,United States,Existing
USR03973,control,2026-05-01T00:00:00Z,Desktop,United States,New
USR03974,improved_results,2026-05-01T00:00:00Z,Mobile,United States,Existing
USR03975,improved_results,2026-05-01T00:00:00Z,Mobile,United States,Existing
USR03976,improved_results,2026-05-01T00:00:00Z,Mobile,Other,Existing
USR03977,improved_results,2026-05-01T00:00:00Z,Mobile,Other,Existing
USR03978,control,2026-05-01T00:00:00Z,Mobile,United States,New
USR03979,improved_results,2026-05-01T00:00:00Z,Mobile,Other,New
USR03980,control,2026-05-01T00:00:00Z,TV,United States,Existing
USR03981,improved_results,2026-05-01T00:00:00Z,Mobile,United States,Existing
USR03982,improved_results,2026-05-01T00:00:00Z,Desktop,United States,Existing
USR03983,control,2026-05-01T00:00:00Z,Desktop,United States,Existing
USR03984,improved_results,2026-05-01T00:00:00Z,Desktop,Canada,New
USR03985,control,2026-05-01T00:00:00Z,Desktop,United Kingdom,Existing
USR03986,improved_results,2026-05-01T00:00:00Z,TV,Canada,New
USR03987,control,2026-05-01T00:00:00Z,Mobile,United States,Existing
USR03988,control,2026-05-01T00:00:00Z,Mobile,United States,Existing
USR03989,improved_results,2026-05-01T00:00:00Z,Mobile,United States,Existing
USR03990,control,2026-05-01T00:00:00Z,Desktop,United States,Existing
USR03991,improved_results,2026-05-01T00:00:00Z,TV,United Kingdom,Existing
USR03992,control,2026-05-01T00:00:00Z,Mobile,United States,Existing
USR03993,improved_results,2026-05-01T00:00:00Z,Mobile,United States,Existing
USR03994,improved_results,2026-05-01T00:00:00Z,Mobile,United States,Existing
USR03995,control,2026-05-01T00:00:00Z,TV,United States,New
USR03996,improved_results,2026-05-01T00:00:00Z,Desktop,Canada,New
USR03997,control,2026-05-01T00:00:00Z,TV,United States,Existing
USR03998,improved_results,2026-05-01T00:00:00Z,TV,United Kingdom,Existing
USR03999,control,2026-05-01T00:00:00Z,Desktop,United States,New
USR04000,control,2026-05-01T00:00:00Z,Desktop,United States,Existing
USR04001,improved_results,2026-05-01T00:00:00Z,Mobile,United Kingdom,New
USR04002,improved_results,2026-05-01T00:00:00Z,Desktop,Canada,Existing
USR04003,improved_results,2026-05-01T00:00:00Z,Desktop,Other,Existing
USR04004,improved_results,2026-05-01T00:00:00Z,Mobile,Other,Existing
USR04005,improved_results,2026-05-01T00:00:00Z,TV,United States,Existing
USR04006,improved_results,2026-05-01T00:00:00Z,Mobile,United States,Existing
USR04007,control,2026-05-01T00:00:00Z,TV,United States,New
USR04008,control,2026-05-01T00:00:00Z,Mobile,Canada,Existing
USR04009,improved_results,2026-05-01T00:00:00Z,Mobile,United States,Existing
USR04010,control,2026-05-01T00:00:00Z,TV,United States,Existing
USR04011,improved_results,2026-05-01T00:00:00Z,Mobile,Other,Existing
USR04012,improved_results,2026-05-01T00:00:00Z,Desktop,United Kingdom,Existing
USR04013,control,2026-05-01T00:00:00Z,Mobile,United States,Existing
USR04014,control,2026-05-01T00:00:00Z,Mobile,Canada,Existing
USR04015,improved_results,2026-05-01T00:00:00Z,Mobile,Other,Existing
USR04016,improved_results,2026-05-01T00:00:00Z,TV,United States,Existing
USR04017,improved_results,2026-05-01T00:00:00Z,Desktop,United States,Existing
USR04018,improved_results,2026-05-01T00:00:00Z,Mobile,United States,Existing
USR04019,control,2026-05-01T00:00:00Z,Mobile,Other,Existing
USR04020,improved_results,2026-05-01T00:00:00Z,Mobile,United States,Existing
USR04021,improved_results,2026-05-01T00:00:00Z,Mobile,Other,New
USR04022,control,2026-05-01T00:00:00Z,Mobile,United Kingdom,Existing
USR04023,control,2026-05-01T00:00:00Z,Mobile,United States,New
USR04024,improved_results,2026-05-01T00:00:00Z,Desktop,United Kingdom,Existing
USR04025,improved_results,2026-05-01T00:00:00Z,Mobile,United States,Existing
USR04026,control,2026-05-01T00:00:00Z,Mobile,United States,Existing
USR04027,improved_results,2026-05-01T00:00:00Z,Mobile,United States,Existing
USR04028,improved_results,2026-05-01T00:00:00Z,Desktop,United States,Existing
USR04029,control,2026-05-01T00:00:00Z,Desktop,Canada,Existing
USR04030,improved_results,2026-05-01T00:00:00Z,Desktop,United States,New
USR04031,improved_results,2026-05-01T00:00:00Z,TV,Canada,Existing
USR04032,control,2026-05-01T00:00:00Z,Desktop,United States,New
USR04033,control,2026-05-01T00:00:00Z,Mobile,United States,Existing
USR04034,improved_results,2026-05-01T00:00:00Z,Desktop,United Kingdom,Existing
USR04035,control,2026-05-01T00:00:00Z,Mobile,Other,Existing
USR04036,improved_results,2026-05-01T00:00:00Z,Mobile,Other,New
USR04037,control,2026-05-01T00:00:00Z,Mobile,Canada,Existing
USR04038,control,2026-05-01T00:00:00Z,Mobile,United States,Existing
USR04039,control,2026-05-01T00:00:00Z,Mobile,United States,Existing
USR04040,control,2026-05-01T00:00:00Z,Mobile,United States,Existing
USR04041,improved_results,2026-05-01T00:00:00Z,Mobile,United States,Existing
USR04042,control,2026-05-01T00:00:00Z,Desktop,United States,Existing
USR04043,improved_results,2026-05-01T00:00:00Z,Desktop,United States,New
USR04044,control,2026-05-01T00:00:00Z,Mobile,United States,Existing
USR04045,control,2026-05-01T00:00:00Z,Mobile,United States,Existing
USR04046,control,2026-05-01T00:00:00Z,Mobile,Canada,New
USR04047,control,2026-05-01T00:00:00Z,Desktop,United States,Existing
USR04048,improved_results,2026-05-01T00:00:00Z,Desktop,Canada,New
USR04049,improved_results,2026-05-01T00:00:00Z,Desktop,Other,Existing
USR04050,improved_results,2026-05-01T00:00:00Z,Mobile,United States,Existing
USR04051,improved_results,2026-05-01T00:00:00Z,Mobile,United States,Existing
USR04052,control,2026-05-01T00:00:00Z,Desktop,United States,Existing
USR04053,improved_results,2026-05-01T00:00:00Z,Mobile,United States,Existing
USR04054,improved_results,2026-05-01T00:00:00Z,TV,United States,Existing
USR04055,improved_results,2026-05-01T00:00:00Z,Desktop,Canada,Existing
USR04056,improved_results,2026-05-01T00:00:00Z,Mobile,United States,New
USR04057,improved_results,2026-05-01T00:00:00Z,TV,Other,Existing
USR04058,control,2026-05-01T00:00:00Z,TV,United States,New
USR04059,improved_results,2026-05-01T00:00:00Z,Mobile,Canada,Existing
USR04060,control,2026-05-01T00:00:00Z,Mobile,United States,New
USR04061,control,2026-05-01T00:00:00Z,TV,Canada,Existing
USR04062,improved_results,2026-05-01T00:00:00Z,Desktop,Canada,Existing
USR04063,control,2026-05-01T00:00:00Z,Desktop,United States,New
USR04064,improved_results,2026-05-01T00:00:00Z,Mobile,United States,Existing
USR04065,improved_results,2026-05-01T00:00:00Z,TV,Other,Existing
USR04066,control,2026-05-01T00:00:00Z,Mobile,United States,Existing
USR04067,control,2026-05-01T00:00:00Z,Desktop,United States,Existing
USR04068,control,2026-05-01T00:00:00Z,TV,United Kingdom,Existing
USR04069,improved_results,2026-05-01T00:00:00Z,Mobile,Canada,Existing
USR04070,improved_results,2026-05-01T00:00:00Z,Mobile,Other,Existing
USR04071,improved_results,2026-05-01T00:00:00Z,Mobile,Canada,New
USR04072,improved_results,2026-05-01T00:00:00Z,Mobile,United Kingdom,Existing
USR04073,control,2026-05-01T00:00:00Z,Mobile,United States,Existing
USR04074,control,2026-05-01T00:00:00Z,TV,United States,Existing
USR04075,control,2026-05-01T00:00:00Z,Mobile,United States,Existing
USR04076,control,2026-05-01T00:00:00Z,Mobile,United States,Existing
USR04077,improved_results,2026-05-01T00:00:00Z,TV,United States,Existing
USR04078,control,2026-05-01T00:00:00Z,Mobile,United States,Existing
USR04079,improved_results,2026-05-01T00:00:00Z,Mobile,United States,Existing
USR04080,improved_results,2026-05-01T00:00:00Z,Mobile,United States,New
USR04081,improved_results,2026-05-01T00:00:00Z,Mobile,United States,New
USR04082,improved_results,2026-05-01T00:00:00Z,Mobile,United States,Existing
USR04083,control,2026-05-01T00:00:00Z,Desktop,United States,Existing
USR04084,control,2026-05-01T00:00:00Z,Mobile,United States,Existing
USR04085,control,2026-05-01T00:00:00Z,TV,Other,Existing
USR04086,improved_results,2026-05-01T00:00:00Z,Desktop,United States,New
USR04087,control,2026-05-01T00:00:00Z,Mobile,United States,Existing
USR04088,improved_results,2026-05-01T00:00:00Z,Desktop,United States,New
USR04089,control,2026-05-01T00:00:00Z,Mobile,Other,Existing
USR04090,control,2026-05-01T00:00:00Z,Mobile,United States,New
USR04091,control,2026-05-01T00:00:00Z,Mobile,United Kingdom,Existing
USR04092,improved_results,2026-05-01T00:00:00Z,Mobile,United States,Existing
USR04093,control,2026-05-01T00:00:00Z,TV,United States,Existing
USR04094,improved_results,2026-05-01T00:00:00Z,Mobile,United States,Existing
USR04095,control,2026-05-01T00:00:00Z,Desktop,United Kingdom,Existing
USR04096,improved_results,2026-05-01T00:00:00Z,Mobile,Canada,Existing
USR04097,improved_results,2026-05-01T00:00:00Z,Mobile,United States,Existing
USR04098,control,2026-05-01T00:00:00Z,Desktop,United States,Existing
USR04099,control,2026-05-01T00:00:00Z,Mobile,United States,Existing
USR04100,improved_results,2026-05-01T00:00:00Z,Mobile,United Kingdom,Existing
USR04101,control,2026-05-01T00:00:00Z,TV,United Kingdom,Existing
USR04102,control,2026-05-01T00:00:00Z,Mobile,United States,Existing
USR04103,improved_results,2026-05-01T00:00:00Z,Mobile,United States,New
USR04104,improved_results,2026-05-01T00:00:00Z,Desktop,United States,Existing
USR04105,improved_results,2026-05-01T00:00:00Z,Mobile,Other,Existing
USR04106,improved_results,2026-05-01T00:00:00Z,Desktop,United States,Existing
USR04107,control,2026-05-01T00:00:00Z,Mobile,United States,Existing
USR04108,control,2026-05-01T00:00:00Z,Mobile,Other,Existing
USR04109,improved_results,2026-05-01T00:00:00Z,TV,United States,Existing
USR04110,improved_results,2026-05-01T00:00:00Z,Mobile,Canada,Existing
USR04111,control,2026-05-01T00:00:00Z,Desktop,United States,New
USR04112,improved_results,2026-05-01T00:00:00Z,Desktop,United States,Existing
USR04113,improved_results,2026-05-01T00:00:00Z,Desktop,Other,Existing
USR04114,control,2026-05-01T00:00:00Z,Mobile,United Kingdom,Existing
USR04115,control,2026-05-01T00:00:00Z,Mobile,United States,Existing
USR04116,control,2026-05-01T00:00:00Z,Desktop,United States,Existing
USR04117,improved_results,2026-05-01T00:00:00Z,Mobile,United States,Existing
USR04118,control,2026-05-01T00:00:00Z,Desktop,United States,New
USR04119,control,2026-05-01T00:00:00Z,TV,Other,Existing
USR04120,improved_results,2026-05-01T00:00:00Z,Mobile,United States,Existing
USR04121,control,2026-05-01T00:00:00Z,Mobile,United Kingdom,Existing
USR04122,control,2026-05-01T00:00:00Z,TV,United States,New
USR04123,improved_results,2026-05-01T00:00:00Z,Desktop,United States,Existing
USR04124,improved_results,2026-05-01T00:00:00Z,Mobile,United States,New
USR04125,improved_results,2026-05-01T00:00:00Z,Mobile,United States,Existing
USR04126,control,2026-05-01T00:00:00Z,Desktop,United States,Existing
USR04127,improved_results,2026-05-01T00:00:00Z,Desktop,Other,Existing
USR04128,control,2026-05-01T00:00:00Z,Mobile,United Kingdom,New
USR04129,control,2026-05-01T00:00:00Z,Mobile,United States,Existing
USR04130,control,2026-05-01T00:00:00Z,Desktop,United Kingdom,Existing
USR04131,control,2026-05-01T00:00:00Z,Desktop,United States,Existing
USR04132,improved_results,2026-05-01T00:00:00Z,Mobile,United States,Existing
USR04133,control,2026-05-01T00:00:00Z,Mobile,Other,Existing
USR04134,improved_results,2026-05-01T00:00:00Z,Desktop,Canada,Existing
USR04135,improved_results,2026-05-01T00:00:00Z,Mobile,United States,Existing
USR04136,improved_results,2026-05-01T00:00:00Z,Mobile,United States,Existing
USR04137,improved_results,2026-05-01T00:00:00Z,Mobile,United States,Existing
USR04138,improved_results,2026-05-01T00:00:00Z,Desktop,United States,Existing
USR04139,control,2026-05-01T00:00:00Z,Mobile,Canada,Existing
USR04140,control,2026-05-01T00:00:00Z,Desktop,Other,Existing
USR04141,improved_results,2026-05-01T00:00:00Z,Mobile,United States,New
USR04142,improved_results,2026-05-01T00:00:00Z,Mobile,Canada,New
USR04143,control,2026-05-01T00:00:00Z,Mobile,United States,Existing
USR04144,control,2026-05-01T00:00:00Z,Mobile,Canada,Existing
USR04145,improved_results,2026-05-01T00:00:00Z,Mobile,United States,Existing
USR04146,control,2026-05-01T00:00:00Z,Mobile,United States,New
USR04147,improved_results,2026-05-01T00:00:00Z,Mobile,Other,Existing
USR04148,control,2026-05-01T00:00:00Z,Mobile,United States,Existing
USR04149,improved_results,2026-05-01T00:00:00Z,Desktop,United States,Existing
USR04150,control,2026-05-01T00:00:00Z,Mobile,United Kingdom,New
USR04151,control,2026-05-01T00:00:00Z,TV,Canada,Existing
USR04152,control,2026-05-01T00:00:00Z,Desktop,Canada,Existing
USR04153,improved_results,2026-05-01T00:00:00Z,TV,Other,Existing
USR04154,improved_results,2026-05-01T00:00:00Z,Mobile,United States,Existing
USR04155,control,2026-05-01T00:00:00Z,Mobile,United States,New
USR04156,control,2026-05-01T00:00:00Z,Mobile,United Kingdom,New
USR04157,control,2026-05-01T00:00:00Z,TV,Other,Existing
USR04158,control,2026-05-01T00:00:00Z,TV,United States,Existing
USR04159,improved_results,2026-05-01T00:00:00Z,Desktop,United States,Existing
USR04160,improved_results,2026-05-01T00:00:00Z,TV,United States,Existing
USR04161,improved_results,2026-05-01T00:00:00Z,Mobile,Other,New
USR04162,improved_results,2026-05-01T00:00:00Z,TV,United States,Existing
USR04163,control,2026-05-01T00:00:00Z,Mobile,United States,Existing
USR04164,improved_results,2026-05-01T00:00:00Z,Mobile,United States,Existing
USR04165,improved_results,2026-05-01T00:00:00Z,Mobile,United States,Existing
USR04166,improved_results,2026-05-01T00:00:00Z,Desktop,United States,New
USR04167,control,2026-05-01T00:00:00Z,Desktop,United States,Existing
USR04168,control,2026-05-01T00:00:00Z,Mobile,Other,New
USR04169,improved_results,2026-05-01T00:00:00Z,Mobile,United States,New
USR04170,improved_results,2026-05-01T00:00:00Z,Desktop,Other,Existing
USR04171,improved_results,2026-05-01T00:00:00Z,Desktop,Other,Existing
USR04172,control,2026-05-01T00:00:00Z,TV,United States,Existing
USR04173,improved_results,2026-05-01T00:00:00Z,Desktop,United States,Existing
USR04174,improved_results,2026-05-01T00:00:00Z,Mobile,United States,Existing
USR04175,control,2026-05-01T00:00:00Z,Desktop,United States,Existing
USR04176,improved_results,2026-05-01T00:00:00Z,Mobile,United Kingdom,Existing
USR04177,control,2026-05-01T00:00:00Z,Mobile,United States,Existing
USR04178,improved_results,2026-05-01T00:00:00Z,TV,Other,Existing
USR04179,control,2026-05-01T00:00:00Z,Desktop,United States,New
USR04180,control,2026-05-01T00:00:00Z,Mobile,United States,New
USR04181,control,2026-05-01T00:00:00Z,TV,United States,Existing
USR04182,improved_results,2026-05-01T00:00:00Z,TV,Other,New
USR04183,control,2026-05-01T00:00:00Z,Mobile,United States,New
USR04184,improved_results,2026-05-01T00:00:00Z,Desktop,United States,Existing
USR04185,improved_results,2026-05-01T00:00:00Z,Mobile,Other,New
USR04186,improved_results,2026-05-01T00:00:00Z,Mobile,United States,Existing
USR04187,improved_results,2026-05-01T00:00:00Z,Desktop,Canada,New
USR04188,improved_results,2026-05-01T00:00:00Z,Desktop,United States,Existing
USR04189,control,2026-05-01T00:00:00Z,TV,United Kingdom,Existing
USR04190,control,2026-05-01T00:00:00Z,Mobile,Canada,Existing
USR04191,control,2026-05-01T00:00:00Z,Mobile,Other,Existing
USR04192,control,2026-05-01T00:00:00Z,Mobile,United Kingdom,Existing
USR04193,control,2026-05-01T00:00:00Z,Mobile,United States,Existing
USR04194,control,2026-05-01T00:00:00Z,Mobile,United States,Existing
USR04195,control,2026-05-01T00:00:00Z,Mobile,United Kingdom,New
USR04196,control,2026-05-01T00:00:00Z,Desktop,United States,Existing
USR04197,control,2026-05-01T00:00:00Z,Desktop,United States,New
USR04198,improved_results,2026-05-01T00:00:00Z,Mobile,United States,Existing
USR04199,control,2026-05-01T00:00:00Z,TV,United Kingdom,Existing
USR04200,control,2026-05-01T00:00:00Z,Mobile,United States,Existing
USR04201,improved_results,2026-05-01T00:00:00Z,Mobile,United States,Existing
USR04202,improved_results,2026-05-01T00:00:00Z,Desktop,United States,Existing
USR04203,improved_results,2026-05-01T00:00:00Z,TV,United States,Existing
USR04204,improved_results,2026-05-01T00:00:00Z,Mobile,United States,Existing
USR04205,control,2026-05-01T00:00:00Z,Mobile,Other,New
USR04206,control,2026-05-01T00:00:00Z,TV,Other,Existing
USR04207,control,2026-05-01T00:00:00Z,Desktop,Canada,Existing
USR04208,improved_results,2026-05-01T00:00:00Z,Mobile,United States,Existing
USR04209,control,2026-05-01T00:00:00Z,TV,United States,Existing
USR04210,improved_results,2026-05-01T00:00:00Z,Desktop,Canada,Existing
USR04211,control,2026-05-01T00:00:00Z,Mobile,United States,Existing
USR04212,improved_results,2026-05-01T00:00:00Z,Mobile,United States,New
USR04213,control,2026-05-01T00:00:00Z,Desktop,United States,Existing
USR04214,improved_results,2026-05-01T00:00:00Z,Mobile,United States,New
USR04215,control,2026-05-01T00:00:00Z,Mobile,United States,Existing
USR04216,improved_results,2026-05-01T00:00:00Z,Mobile,United States,Existing
USR04217,improved_results,2026-05-01T00:00:00Z,Desktop,United Kingdom,New
USR04218,improved_results,2026-05-01T00:00:00Z,Desktop,United States,Existing
USR04219,control,2026-05-01T00:00:00Z,Mobile,United States,New
USR04220,control,2026-05-01T00:00:00Z,Desktop,Canada,Existing
USR04221,improved_results,2026-05-01T00:00:00Z,Mobile,United States,Existing
USR04222,improved_results,2026-05-01T00:00:00Z,Desktop,Other,Existing
USR04223,improved_results,2026-05-01T00:00:00Z,Mobile,United Kingdom,Existing
USR04224,improved_results,2026-05-01T00:00:00Z,Mobile,Other,Existing
USR04225,control,2026-05-01T00:00:00Z,Mobile,United States,Existing
USR04226,improved_results,2026-05-01T00:00:00Z,Desktop,Canada,Existing
USR04227,control,2026-05-01T00:00:00Z,Mobile,Other,Existing
USR04228,improved_results,2026-05-01T00:00:00Z,Mobile,Canada,New
USR04229,control,2026-05-01T00:00:00Z,Desktop,United States,Existing
USR04230,improved_results,2026-05-01T00:00:00Z,TV,Other,Existing
USR04231,improved_results,2026-05-01T00:00:00Z,Desktop,Other,New
USR04232,control,2026-05-01T00:00:00Z,TV,United States,Existing
USR04233,control,2026-05-01T00:00:00Z,TV,United States,Existing
USR04234,improved_results,2026-05-01T00:00:00Z,Mobile,United States,Existing
USR04235,control,2026-05-01T00:00:00Z,Mobile,United States,Existing
USR04236,control,2026-05-01T00:00:00Z,Mobile,United States,Existing
USR04237,improved_results,2026-05-01T00:00:00Z,Mobile,United States,Existing
USR04238,improved_results,2026-05-01T00:00:00Z,Mobile,United States,Existing
USR04239,improved_results,2026-05-01T00:00:00Z,Desktop,United States,Existing
USR04240,improved_results,2026-05-01T00:00:00Z,Desktop,United States,New
USR04241,control,2026-05-01T00:00:00Z,TV,Other,Existing
USR04242,control,2026-05-01T00:00:00Z,Desktop,United States,Existing
USR04243,improved_results,2026-05-01T00:00:00Z,TV,United States,New
USR04244,control,2026-05-01T00:00:00Z,TV,United States,New
USR04245,control,2026-05-01T00:00:00Z,Mobile,United States,New
USR04246,control,2026-05-01T00:00:00Z,Mobile,United States,Existing
USR04247,improved_results,2026-05-01T00:00:00Z,Mobile,United Kingdom,New
USR04248,improved_results,2026-05-01T00:00:00Z,Desktop,United States,Existing
USR04249,control,2026-05-01T00:00:00Z,Mobile,Other,Existing
USR04250,control,2026-05-01T00:00:00Z,Desktop,Other,Existing
USR04251,control,2026-05-01T00:00:00Z,Mobile,United States,Existing
USR04252,control,2026-05-01T00:00:00Z,Desktop,United States,Existing
USR04253,improved_results,2026-05-01T00:00:00Z,Mobile,United States,Existing
USR04254,improved_results,2026-05-01T00:00:00Z,TV,United States,New
USR04255,improved_results,2026-05-01T00:00:00Z,TV,Canada,Existing
USR04256,improved_results,2026-05-01T00:00:00Z,Desktop,Other,New
USR04257,improved_results,2026-05-01T00:00:00Z,Mobile,United States,New
USR04258,control,2026-05-01T00:00:00Z,Desktop,Canada,Existing
USR04259,control,2026-05-01T00:00:00Z,Mobile,United States,Existing
USR04260,control,2026-05-01T00:00:00Z,Mobile,United States,Existing
USR04261,control,2026-05-01T00:00:00Z,Mobile,United States,Existing
USR04262,improved_results,2026-05-01T00:00:00Z,Mobile,United Kingdom,Existing
USR04263,control,2026-05-01T00:00:00Z,Mobile,Canada,Existing
USR04264,control,2026-05-01T00:00:00Z,Mobile,Canada,New
USR04265,control,2026-05-01T00:00:00Z,Mobile,United Kingdom,Existing
USR04266,control,2026-05-01T00:00:00Z,Desktop,Other,Existing
USR04267,improved_results,2026-05-01T00:00:00Z,Mobile,United States,Existing
USR04268,control,2026-05-01T00:00:00Z,Mobile,Other,Existing
USR04269,improved_results,2026-05-01T00:00:00Z,Desktop,United States,Existing
USR04270,control,2026-05-01T00:00:00Z,Desktop,United States,Existing
USR04271,control,2026-05-01T00:00:00Z,Mobile,Other,Existing
USR04272,control,2026-05-01T00:00:00Z,Mobile,Other,Existing
USR04273,control,2026-05-01T00:00:00Z,Desktop,United States,New
USR04274,control,2026-05-01T00:00:00Z,Mobile,United States,New
USR04275,control,2026-05-01T00:00:00Z,Mobile,United States,Existing
USR04276,control,2026-05-01T00:00:00Z,Mobile,Canada,Existing
USR04277,improved_results,2026-05-01T00:00:00Z,Mobile,United States,Existing
USR04278,control,2026-05-01T00:00:00Z,Mobile,United States,Existing
USR04279,control,2026-05-01T00:00:00Z,Desktop,United States,Existing
USR04280,control,2026-05-01T00:00:00Z,Mobile,United States,New
USR04281,improved_results,2026-05-01T00:00:00Z,TV,United States,Existing
USR04282,control,2026-05-01T00:00:00Z,Mobile,United States,Existing
USR04283,control,2026-05-01T00:00:00Z,Desktop,United States,Existing
USR04284,improved_results,2026-05-01T00:00:00Z,Mobile,United States,Existing
USR04285,improved_results,2026-05-01T00:00:00Z,Mobile,United States,Existing
USR04286,control,2026-05-01T00:00:00Z,Mobile,United States,Existing
USR04287,improved_results,2026-05-01T00:00:00Z,Mobile,United Kingdom,Existing
USR04288,control,2026-05-01T00:00:00Z,Mobile,United States,Existing
USR04289,improved_results,2026-05-01T00:00:00Z,Mobile,Other,Existing
USR04290,control,2026-05-01T00:00:00Z,TV,United States,Existing
USR04291,control,2026-05-01T00:00:00Z,Mobile,United States,Existing
USR04292,improved_results,2026-05-01T00:00:00Z,Mobile,Other,Existing
USR04293,improved_results,2026-05-01T00:00:00Z,Mobile,United States,Existing
USR04294,control,2026-05-01T00:00:00Z,Mobile,Other,Existing
USR04295,control,2026-05-01T00:00:00Z,Mobile,United States,Existing
USR04296,improved_results,2026-05-01T00:00:00Z,Desktop,United States,Existing
USR04297,improved_results,2026-05-01T00:00:00Z,TV,United States,Existing
USR04298,control,2026-05-01T00:00:00Z,Mobile,United States,Existing
USR04299,improved_results,2026-05-01T00:00:00Z,Mobile,United States,New
USR04300,control,2026-05-01T00:00:00Z,Mobile,Other,Existing
USR04301,control,2026-05-01T00:00:00Z,Mobile,United States,Existing
USR04302,improved_results,2026-05-01T00:00:00Z,Desktop,United States,Existing
USR04303,control,2026-05-01T00:00:00Z,Mobile,United States,Existing
USR04304,control,2026-05-01T00:00:00Z,Desktop,United Kingdom,Existing
USR04305,improved_results,2026-05-01T00:00:00Z,Mobile,Canada,Existing
USR04306,control,2026-05-01T00:00:00Z,Desktop,United States,Existing
USR04307,control,2026-05-01T00:00:00Z,Mobile,United States,Existing
USR04308,improved_results,2026-05-01T00:00:00Z,Desktop,United Kingdom,New
USR04309,control,2026-05-01T00:00:00Z,Mobile,United States,New
USR04310,improved_results,2026-05-01T00:00:00Z,Desktop,United States,New
USR04311,control,2026-05-01T00:00:00Z,TV,Canada,New
USR04312,improved_results,2026-05-01T00:00:00Z,Desktop,United States,Existing
USR04313,improved_results,2026-05-01T00:00:00Z,Mobile,Canada,New
USR04314,improved_results,2026-05-01T00:00:00Z,Mobile,Other,Existing
USR04315,control,2026-05-01T00:00:00Z,Mobile,United Kingdom,Existing
USR04316,improved_results,2026-05-01T00:00:00Z,Mobile,United States,New
USR04317,control,2026-05-01T00:00:00Z,Desktop,United States,New
USR04318,improved_results,2026-05-01T00:00:00Z,Desktop,Other,Existing
USR04319,improved_results,2026-05-01T00:00:00Z,Mobile,United States,New
USR04320,improved_results,2026-05-01T00:00:00Z,Mobile,United Kingdom,Existing
USR04321,control,2026-05-01T00:00:00Z,Mobile,Canada,New
USR04322,improved_results,2026-05-01T00:00:00Z,Mobile,United States,Existing
USR04323,control,2026-05-01T00:00:00Z,Mobile,United States,Existing
USR04324,control,2026-05-01T00:00:00Z,Mobile,United States,New
USR04325,control,2026-05-01T00:00:00Z,Mobile,United States,New
USR04326,improved_results,2026-05-01T00:00:00Z,TV,United States,Existing
USR04327,improved_results,2026-05-01T00:00:00Z,Mobile,United States,New
USR04328,improved_results,2026-05-01T00:00:00Z,Mobile,United States,Existing
USR04329,improved_results,2026-05-01T00:00:00Z,TV,Other,Existing
USR04330,improved_results,2026-05-01T00:00:00Z,Desktop,United States,Existing
USR04331,improved_results,2026-05-01T00:00:00Z,TV,United Kingdom,Existing
USR04332,improved_results,2026-05-01T00:00:00Z,Desktop,United States,Existing
USR04333,control,2026-05-01T00:00:00Z,Desktop,Other,Existing
USR04334,improved_results,2026-05-01T00:00:00Z,TV,United States,New
USR04335,control,2026-05-01T00:00:00Z,Mobile,Other,Existing
USR04336,improved_results,2026-05-01T00:00:00Z,Desktop,Canada,Existing
USR04337,control,2026-05-01T00:00:00Z,Mobile,United States,Existing
USR04338,improved_results,2026-05-01T00:00:00Z,Desktop,Canada,Existing
USR04339,control,2026-05-01T00:00:00Z,Mobile,United States,Existing
USR04340,improved_results,2026-05-01T00:00:00Z,Desktop,Other,Existing
USR04341,improved_results,2026-05-01T00:00:00Z,Desktop,United States,New
USR04342,control,2026-05-01T00:00:00Z,Desktop,United States,Existing
USR04343,control,2026-05-01T00:00:00Z,Mobile,United States,Existing
USR04344,improved_results,2026-05-01T00:00:00Z,Desktop,United States,New
USR04345,control,2026-05-01T00:00:00Z,Mobile,Other,New
USR04346,control,2026-05-01T00:00:00Z,Desktop,Other,Existing
USR04347,control,2026-05-01T00:00:00Z,Mobile,Other,New
USR04348,control,2026-05-01T00:00:00Z,Mobile,Other,New
USR04349,improved_results,2026-05-01T00:00:00Z,TV,Other,Existing
USR04350,control,2026-05-01T00:00:00Z,Mobile,Other,New
USR04351,control,2026-05-01T00:00:00Z,Mobile,United States,New
USR04352,control,2026-05-01T00:00:00Z,Mobile,Other,Existing
USR04353,improved_results,2026-05-01T00:00:00Z,Mobile,United States,Existing
USR04354,control,2026-05-01T00:00:00Z,Mobile,United States,Existing
USR04355,improved_results,2026-05-01T00:00:00Z,Desktop,United States,New
USR04356,control,2026-05-01T00:00:00Z,Desktop,United States,New
USR04357,control,2026-05-01T00:00:00Z,Mobile,United States,Existing
USR04358,improved_results,2026-05-01T00:00:00Z,Mobile,United States,Existing
USR04359,control,2026-05-01T00:00:00Z,Mobile,United States,Existing
USR04360,control,2026-05-01T00:00:00Z,Mobile,United States,Existing
USR04361,control,2026-05-01T00:00:00Z,Mobile,United States,Existing
USR04362,control,2026-05-01T00:00:00Z,Mobile,United States,New
USR04363,control,2026-05-01T00:00:00Z,Mobile,United States,Existing
USR04364,control,2026-05-01T00:00:00Z,Mobile,United Kingdom,Existing
USR04365,control,2026-05-01T00:00:00Z,Mobile,United States,Existing
USR04366,improved_results,2026-05-01T00:00:00Z,Mobile,United States,Existing
USR04367,improved_results,2026-05-01T00:00:00Z,TV,United States,Existing
USR04368,improved_results,2026-05-01T00:00:00Z,Desktop,United States,Existing
USR04369,control,2026-05-01T00:00:00Z,Mobile,United States,Existing
USR04370,control,2026-05-01T00:00:00Z,Mobile,United States,New
USR04371,control,2026-05-01T00:00:00Z,Desktop,United Kingdom,Existing
USR04372,improved_results,2026-05-01T00:00:00Z,Desktop,United States,Existing
USR04373,control,2026-05-01T00:00:00Z,Mobile,United States,Existing
USR04374,control,2026-05-01T00:00:00Z,Mobile,United States,New
USR04375,control,2026-05-01T00:00:00Z,Desktop,Canada,Existing
USR04376,improved_results,2026-05-01T00:00:00Z,Mobile,United States,Existing
USR04377,control,2026-05-01T00:00:00Z,Mobile,United States,New
USR04378,improved_results,2026-05-01T00:00:00Z,Mobile,United States,Existing
USR04379,improved_results,2026-05-01T00:00:00Z,Mobile,Other,Existing
USR04380,improved_results,2026-05-01T00:00:00Z,Mobile,United States,Existing
USR04381,improved_results,2026-05-01T00:00:00Z,Mobile,United States,Existing
USR04382,control,2026-05-01T00:00:00Z,Mobile,United States,Existing
USR04383,improved_results,2026-05-01T00:00:00Z,Mobile,United Kingdom,New
USR04384,control,2026-05-01T00:00:00Z,TV,United States,New
USR04385,improved_results,2026-05-01T00:00:00Z,Desktop,United States,Existing
USR04386,improved_results,2026-05-01T00:00:00Z,Mobile,Canada,Existing
USR04387,improved_results,2026-05-01T00:00:00Z,Mobile,United States,Existing
USR04388,improved_results,2026-05-01T00:00:00Z,Mobile,Other,Existing
USR04389,improved_results,2026-05-01T00:00:00Z,TV,United States,Existing
USR04390,control,2026-05-01T00:00:00Z,Mobile,United States,Existing
USR04391,improved_results,2026-05-01T00:00:00Z,TV,United Kingdom,Existing
USR04392,control,2026-05-01T00:00:00Z,Mobile,United Kingdom,Existing
USR04393,improved_results,2026-05-01T00:00:00Z,Mobile,United States,Existing
USR04394,improved_results,2026-05-01T00:00:00Z,Mobile,United States,New
USR04395,control,2026-05-01T00:00:00Z,Mobile,United States,Existing
USR04396,control,2026-05-01T00:00:00Z,Mobile,Canada,Existing
USR04397,control,2026-05-01T00:00:00Z,Mobile,United States,New
USR04398,control,2026-05-01T00:00:00Z,TV,United States,Existing
USR04399,control,2026-05-01T00:00:00Z,Mobile,United States,Existing
USR04400,control,2026-05-01T00:00:00Z,Desktop,United States,New
USR04401,control,2026-05-01T00:00:00Z,Mobile,United States,Existing
USR04402,control,2026-05-01T00:00:00Z,Desktop,United Kingdom,Existing
USR04403,improved_results,2026-05-01T00:00:00Z,Mobile,United States,Existing
USR04404,control,2026-05-01T00:00:00Z,Mobile,Other,Existing
USR04405,control,2026-05-01T00:00:00Z,Desktop,Other,Existing
USR04406,improved_results,2026-05-01T00:00:00Z,Desktop,United States,Existing
USR04407,control,2026-05-01T00:00:00Z,Mobile,Other,Existing
USR04408,control,2026-05-01T00:00:00Z,Mobile,United States,Existing
USR04409,improved_results,2026-05-01T00:00:00Z,Mobile,Canada,New
USR04410,control,2026-05-01T00:00:00Z,Mobile,United Kingdom,Existing
USR04411,improved_results,2026-05-01T00:00:00Z,Desktop,United States,New
USR04412,improved_results,2026-05-01T00:00:00Z,Desktop,United States,New
USR04413,improved_results,2026-05-01T00:00:00Z,Desktop,United States,New
USR04414,improved_results,2026-05-01T00:00:00Z,Mobile,Canada,New
USR04415,improved_results,2026-05-01T00:00:00Z,Mobile,Canada,New
USR04416,control,2026-05-01T00:00:00Z,Desktop,Canada,Existing
USR04417,improved_results,2026-05-01T00:00:00Z,Mobile,Other,Existing
USR04418,control,2026-05-01T00:00:00Z,Mobile,Other,Existing
USR04419,improved_results,2026-05-01T00:00:00Z,Mobile,United States,Existing
USR04420,improved_results,2026-05-01T00:00:00Z,Mobile,United States,Existing
USR04421,improved_results,2026-05-01T00:00:00Z,Mobile,United States,Existing
USR04422,improved_results,2026-05-01T00:00:00Z,Mobile,United States,New
USR04423,improved_results,2026-05-01T00:00:00Z,Mobile,United States,Existing
USR04424,control,2026-05-01T00:00:00Z,Mobile,United States,Existing
USR04425,control,2026-05-01T00:00:00Z,Mobile,United States,Existing
USR04426,control,2026-05-01T00:00:00Z,TV,Other,Existing
USR04427,improved_results,2026-05-01T00:00:00Z,Mobile,United States,Existing
USR04428,improved_results,2026-05-01T00:00:00Z,Desktop,Canada,Existing
USR04429,control,2026-05-01T00:00:00Z,Mobile,United States,Existing
USR04430,control,2026-05-01T00:00:00Z,Mobile,United States,Existing
USR04431,control,2026-05-01T00:00:00Z,Mobile,United States,Existing
USR04432,control,2026-05-01T00:00:00Z,Mobile,Other,New
USR04433,control,2026-05-01T00:00:00Z,Desktop,United States,Existing
USR04434,improved_results,2026-05-01T00:00:00Z,TV,United States,Existing
USR04435,improved_results,2026-05-01T00:00:00Z,Mobile,United Kingdom,Existing
USR04436,control,2026-05-01T00:00:00Z,Mobile,United Kingdom,New
USR04437,control,2026-05-01T00:00:00Z,Mobile,United States,Existing
USR04438,improved_results,2026-05-01T00:00:00Z,Desktop,United States,New
USR04439,improved_results,2026-05-01T00:00:00Z,Mobile,United States,Existing
USR04440,control,2026-05-01T00:00:00Z,Mobile,Other,Existing
USR04441,improved_results,2026-05-01T00:00:00Z,TV,United States,Existing
USR04442,control,2026-05-01T00:00:00Z,Desktop,Other,Existing
USR04443,control,2026-05-01T00:00:00Z,Mobile,United States,Existing
USR04444,control,2026-05-01T00:00:00Z,Mobile,United States,Existing
USR04445,improved_results,2026-05-01T00:00:00Z,Mobile,United States,Existing
USR04446,control,2026-05-01T00:00:00Z,Desktop,Other,New
USR04447,improved_results,2026-05-01T00:00:00Z,Desktop,Other,Existing
USR04448,improved_results,2026-05-01T00:00:00Z,Mobile,United States,New
USR04449,control,2026-05-01T00:00:00Z,TV,United States,Existing
USR04450,improved_results,2026-05-01T00:00:00Z,Desktop,United States,Existing
USR04451,improved_results,2026-05-01T00:00:00Z,Mobile,United States,Existing
USR04452,improved_results,2026-05-01T00:00:00Z,Mobile,Canada,Existing
USR04453,improved_results,2026-05-01T00:00:00Z,Mobile,United States,Existing
USR04454,control,2026-05-01T00:00:00Z,TV,United Kingdom,New
USR04455,control,2026-05-01T00:00:00Z,TV,United States,New
USR04456,control,2026-05-01T00:00:00Z,Mobile,Other,New
USR04457,improved_results,2026-05-01T00:00:00Z,Mobile,Other,New
USR04458,control,2026-05-01T00:00:00Z,Mobile,United States,Existing
USR04459,control,2026-05-01T00:00:00Z,Mobile,United Kingdom,Existing
USR04460,improved_results,2026-05-01T00:00:00Z,Mobile,United Kingdom,New
USR04461,control,2026-05-01T00:00:00Z,TV,United States,Existing
USR04462,control,2026-05-01T00:00:00Z,TV,United States,Existing
USR04463,control,2026-05-01T00:00:00Z,Mobile,United States,Existing
USR04464,control,2026-05-01T00:00:00Z,Mobile,United States,Existing
USR04465,improved_results,2026-05-01T00:00:00Z,Mobile,United States,Existing
USR04466,improved_results,2026-05-01T00:00:00Z,Desktop,United States,Existing
USR04467,control,2026-05-01T00:00:00Z,TV,United Kingdom,Existing
USR04468,improved_results,2026-05-01T00:00:00Z,Desktop,Other,New
USR04469,improved_results,2026-05-01T00:00:00Z,Mobile,United States,Existing
USR04470,control,2026-05-01T00:00:00Z,TV,United States,Existing
USR04471,control,2026-05-01T00:00:00Z,Mobile,United States,Existing
USR04472,control,2026-05-01T00:00:00Z,Mobile,Other,New
USR04473,improved_results,2026-05-01T00:00:00Z,Mobile,United States,Existing
USR04474,control,2026-05-01T00:00:00Z,Desktop,Other,Existing
USR04475,control,2026-05-01T00:00:00Z,Mobile,United States,Existing
USR04476,control,2026-05-01T00:00:00Z,Desktop,United States,Existing
USR04477,control,2026-05-01T00:00:00Z,Mobile,United States,Existing
USR04478,control,2026-05-01T00:00:00Z,Desktop,Canada,Existing
USR04479,control,2026-05-01T00:00:00Z,Desktop,United States,New
USR04480,improved_results,2026-05-01T00:00:00Z,Desktop,United Kingdom,Existing
USR04481,control,2026-05-01T00:00:00Z,Mobile,Other,Existing
USR04482,control,2026-05-01T00:00:00Z,Desktop,United States,Existing
USR04483,control,2026-05-01T00:00:00Z,Mobile,United States,Existing
USR04484,control,2026-05-01T00:00:00Z,Mobile,United States,Existing
USR04485,control,2026-05-01T00:00:00Z,Mobile,United States,Existing
USR04486,improved_results,2026-05-01T00:00:00Z,Desktop,Canada,New
USR04487,improved_results,2026-05-01T00:00:00Z,Mobile,United States,Existing
USR04488,control,2026-05-01T00:00:00Z,TV,United Kingdom,Existing
USR04489,improved_results,2026-05-01T00:00:00Z,Mobile,United Kingdom,Existing
USR04490,control,2026-05-01T00:00:00Z,Mobile,United States,Existing
USR04491,improved_results,2026-05-01T00:00:00Z,Desktop,United States,New
USR04492,control,2026-05-01T00:00:00Z,Mobile,United States,New
USR04493,improved_results,2026-05-01T00:00:00Z,Desktop,Other,Existing
USR04494,improved_results,2026-05-01T00:00:00Z,Mobile,Other,Existing
USR04495,improved_results,2026-05-01T00:00:00Z,Desktop,United States,Existing
USR04496,improved_results,2026-05-01T00:00:00Z,Mobile,United States,Existing
USR04497,control,2026-05-01T00:00:00Z,Desktop,United States,Existing
USR04498,control,2026-05-01T00:00:00Z,Desktop,United Kingdom,Existing
USR04499,control,2026-05-01T00:00:00Z,Mobile,United States,Existing
USR04500,control,2026-05-01T00:00:00Z,Mobile,United States,Existing
USR04501,improved_results,2026-05-01T00:00:00Z,Mobile,Other,Existing
USR04502,control,2026-05-01T00:00:00Z,Desktop,United States,New
USR04503,control,2026-05-01T00:00:00Z,Mobile,United States,Existing
USR04504,control,2026-05-01T00:00:00Z,Mobile,United Kingdom,Existing
USR04505,control,2026-05-01T00:00:00Z,Mobile,United States,Existing
USR04506,control,2026-05-01T00:00:00Z,Desktop,United States,Existing
USR04507,improved_results,2026-05-01T00:00:00Z,Mobile,United States,New
USR04508,control,2026-05-01T00:00:00Z,Mobile,United Kingdom,Existing
USR04509,control,2026-05-01T00:00:00Z,TV,Canada,New
USR04510,control,2026-05-01T00:00:00Z,Mobile,United Kingdom,New
USR04511,control,2026-05-01T00:00:00Z,Desktop,United States,New
USR04512,control,2026-05-01T00:00:00Z,Desktop,United States,Existing
USR04513,control,2026-05-01T00:00:00Z,TV,United States,Existing
USR04514,improved_results,2026-05-01T00:00:00Z,Mobile,United States,Existing
USR04515,control,2026-05-01T00:00:00Z,Mobile,United Kingdom,Existing
USR04516,improved_results,2026-05-01T00:00:00Z,Mobile,United States,Existing
USR04517,improved_results,2026-05-01T00:00:00Z,Mobile,United States,New
USR04518,improved_results,2026-05-01T00:00:00Z,Mobile,United States,New
USR04519,control,2026-05-01T00:00:00Z,Mobile,United States,New
USR04520,improved_results,2026-05-01T00:00:00Z,Desktop,United States,Existing
USR04521,improved_results,2026-05-01T00:00:00Z,Desktop,United States,Existing
USR04522,control,2026-05-01T00:00:00Z,Mobile,United States,Existing
USR04523,control,2026-05-01T00:00:00Z,Mobile,United States,New
USR04524,control,2026-05-01T00:00:00Z,Desktop,Other,Existing
USR04525,control,2026-05-01T00:00:00Z,TV,United States,Existing
USR04526,improved_results,2026-05-01T00:00:00Z,Desktop,Canada,Existing
USR04527,improved_results,2026-05-01T00:00:00Z,Mobile,Other,Existing
USR04528,improved_results,2026-05-01T00:00:00Z,Desktop,United States,New
USR04529,control,2026-05-01T00:00:00Z,Mobile,United States,Existing
USR04530,improved_results,2026-05-01T00:00:00Z,Desktop,United States,Existing
USR04531,control,2026-05-01T00:00:00Z,Mobile,United States,Existing
USR04532,control,2026-05-01T00:00:00Z,TV,United Kingdom,New
USR04533,control,2026-05-01T00:00:00Z,Mobile,United States,New
USR04534,improved_results,2026-05-01T00:00:00Z,TV,Canada,Existing
USR04535,improved_results,2026-05-01T00:00:00Z,Mobile,Canada,Existing
USR04536,improved_results,2026-05-01T00:00:00Z,Mobile,United States,New
USR04537,improved_results,2026-05-01T00:00:00Z,Mobile,Other,Existing
USR04538,control,2026-05-01T00:00:00Z,Desktop,United Kingdom,New
USR04539,improved_results,2026-05-01T00:00:00Z,TV,Canada,Existing
USR04540,control,2026-05-01T00:00:00Z,Desktop,United States,Existing
USR04541,control,2026-05-01T00:00:00Z,TV,United States,Existing
USR04542,improved_results,2026-05-01T00:00:00Z,Desktop,Canada,New
USR04543,improved_results,2026-05-01T00:00:00Z,Mobile,Canada,Existing
USR04544,control,2026-05-01T00:00:00Z,Mobile,Canada,Existing
USR04545,improved_results,2026-05-01T00:00:00Z,Mobile,United States,Existing
USR04546,improved_results,2026-05-01T00:00:00Z,Desktop,United States,Existing
USR04547,improved_results,2026-05-01T00:00:00Z,TV,United States,Existing
USR04548,improved_results,2026-05-01T00:00:00Z,Mobile,United States,Existing
USR04549,control,2026-05-01T00:00:00Z,Desktop,United States,Existing
USR04550,improved_results,2026-05-01T00:00:00Z,Desktop,United States,New
USR04551,improved_results,2026-05-01T00:00:00Z,Desktop,Other,Existing
USR04552,improved_results,2026-05-01T00:00:00Z,Mobile,Other,New
USR04553,improved_results,2026-05-01T00:00:00Z,Mobile,Other,Existing
USR04554,control,2026-05-01T00:00:00Z,Mobile,United States,Existing
USR04555,improved_results,2026-05-01T00:00:00Z,TV,Canada,Existing
USR04556,improved_results,2026-05-01T00:00:00Z,Mobile,United States,New
USR04557,control,2026-05-01T00:00:00Z,Mobile,United Kingdom,Existing
USR04558,control,2026-05-01T00:00:00Z,Mobile,United States,Existing
USR04559,control,2026-05-01T00:00:00Z,Desktop,United States,New
USR04560,control,2026-05-01T00:00:00Z,Desktop,Canada,Existing
USR04561,control,2026-05-01T00:00:00Z,TV,United States,Existing
USR04562,control,2026-05-01T00:00:00Z,Mobile,Other,Existing
USR04563,control,2026-05-01T00:00:00Z,Mobile,United States,Existing
USR04564,improved_results,2026-05-01T00:00:00Z,Mobile,United States,Existing
USR04565,improved_results,2026-05-01T00:00:00Z,Mobile,Other,New
USR04566,control,2026-05-01T00:00:00Z,Desktop,Other,Existing
USR04567,control,2026-05-01T00:00:00Z,Desktop,United States,Existing
USR04568,improved_results,2026-05-01T00:00:00Z,Mobile,United States,Existing
USR04569,control,2026-05-01T00:00:00Z,Mobile,Other,Existing
USR04570,control,2026-05-01T00:00:00Z,Mobile,Other,Existing
USR04571,improved_results,2026-05-01T00:00:00Z,Mobile,United States,Existing
USR04572,control,2026-05-01T00:00:00Z,Mobile,United States,Existing
USR04573,control,2026-05-01T00:00:00Z,Mobile,United States,New
USR04574,control,2026-05-01T00:00:00Z,TV,Canada,Existing
USR04575,control,2026-05-01T00:00:00Z,Desktop,United States,Existing
USR04576,control,2026-05-01T00:00:00Z,Desktop,United States,Existing
USR04577,control,2026-05-01T00:00:00Z,TV,Canada,Existing
USR04578,improved_results,2026-05-01T00:00:00Z,Desktop,United States,Existing
USR04579,control,2026-05-01T00:00:00Z,Mobile,United States,Existing
USR04580,improved_results,2026-05-01T00:00:00Z,Mobile,United States,Existing
USR04581,control,2026-05-01T00:00:00Z,Mobile,Canada,Existing
USR04582,improved_results,2026-05-01T00:00:00Z,Mobile,United States,Existing
USR04583,improved_results,2026-05-01T00:00:00Z,Mobile,United States,Existing
USR04584,improved_results,2026-05-01T00:00:00Z,Desktop,Canada,Existing
USR04585,improved_results,2026-05-01T00:00:00Z,TV,United States,New
USR04586,control,2026-05-01T00:00:00Z,Mobile,Other,Existing
USR04587,improved_results,2026-05-01T00:00:00Z,Desktop,United States,Existing
USR04588,improved_results,2026-05-01T00:00:00Z,Desktop,United States,Existing
USR04589,control,2026-05-01T00:00:00Z,Mobile,Canada,Existing
USR04590,improved_results,2026-05-01T00:00:00Z,Mobile,Other,Existing
USR04591,control,2026-05-01T00:00:00Z,Desktop,United States,Existing
USR04592,improved_results,2026-05-01T00:00:00Z,Mobile,Other,Existing
USR04593,improved_results,2026-05-01T00:00:00Z,Mobile,United States,Existing
USR04594,improved_results,2026-05-01T00:00:00Z,Mobile,United States,Existing
USR04595,control,2026-05-01T00:00:00Z,Mobile,United Kingdom,Existing
USR04596,improved_results,2026-05-01T00:00:00Z,Mobile,United Kingdom,Existing
USR04597,improved_results,2026-05-01T00:00:00Z,Mobile,Canada,New
USR04598,control,2026-05-01T00:00:00Z,Mobile,United States,Existing
USR04599,control,2026-05-01T00:00:00Z,Mobile,Other,New
USR04600,control,2026-05-01T00:00:00Z,TV,United States,New
USR04601,improved_results,2026-05-01T00:00:00Z,Mobile,Canada,Existing
USR04602,control,2026-05-01T00:00:00Z,Mobile,United States,New
USR04603,control,2026-05-01T00:00:00Z,TV,United Kingdom,Existing
USR04604,control,2026-05-01T00:00:00Z,Mobile,United States,Existing
USR04605,improved_results,2026-05-01T00:00:00Z,Mobile,United States,Existing
USR04606,improved_results,2026-05-01T00:00:00Z,Desktop,United States,Existing
USR04607,improved_results,2026-05-01T00:00:00Z,Mobile,United Kingdom,New
USR04608,improved_results,2026-05-01T00:00:00Z,TV,United States,Existing
USR04609,improved_results,2026-05-01T00:00:00Z,Mobile,United States,Existing
USR04610,control,2026-05-01T00:00:00Z,Mobile,United States,New
USR04611,control,2026-05-01T00:00:00Z,TV,United States,Existing
USR04612,control,2026-05-01T00:00:00Z,Desktop,Canada,Existing
USR04613,improved_results,2026-05-01T00:00:00Z,Mobile,United Kingdom,Existing
USR04614,improved_results,2026-05-01T00:00:00Z,Desktop,Canada,New
USR04615,control,2026-05-01T00:00:00Z,Mobile,United States,Existing
USR04616,control,2026-05-01T00:00:00Z,Desktop,United States,Existing
USR04617,improved_results,2026-05-01T00:00:00Z,Desktop,United States,Existing
USR04618,improved_results,2026-05-01T00:00:00Z,Desktop,United Kingdom,Existing
USR04619,control,2026-05-01T00:00:00Z,Desktop,United States,Existing
USR04620,improved_results,2026-05-01T00:00:00Z,Mobile,United States,Existing
USR04621,improved_results,2026-05-01T00:00:00Z,Mobile,United States,New
USR04622,control,2026-05-01T00:00:00Z,TV,Other,Existing
USR04623,improved_results,2026-05-01T00:00:00Z,Mobile,United Kingdom,Existing
USR04624,control,2026-05-01T00:00:00Z,Desktop,United States,Existing
USR04625,control,2026-05-01T00:00:00Z,TV,United States,New
USR04626,improved_results,2026-05-01T00:00:00Z,Mobile,Other,New
USR04627,improved_results,2026-05-01T00:00:00Z,Mobile,Other,Existing
USR04628,control,2026-05-01T00:00:00Z,TV,United States,New
USR04629,control,2026-05-01T00:00:00Z,Desktop,United States,Existing
USR04630,control,2026-05-01T00:00:00Z,Mobile,United Kingdom,Existing
USR04631,improved_results,2026-05-01T00:00:00Z,TV,United States,Existing
USR04632,improved_results,2026-05-01T00:00:00Z,Mobile,United States,Existing
USR04633,control,2026-05-01T00:00:00Z,Desktop,United States,Existing
USR04634,improved_results,2026-05-01T00:00:00Z,Mobile,Other,Existing
USR04635,control,2026-05-01T00:00:00Z,Mobile,United States,Existing
USR04636,control,2026-05-01T00:00:00Z,TV,United States,Existing
USR04637,control,2026-05-01T00:00:00Z,Mobile,United Kingdom,Existing
USR04638,control,2026-05-01T00:00:00Z,TV,Other,Existing
USR04639,control,2026-05-01T00:00:00Z,Mobile,United Kingdom,Existing
USR04640,improved_results,2026-05-01T00:00:00Z,Desktop,United States,New
USR04641,improved_results,2026-05-01T00:00:00Z,TV,United States,Existing
USR04642,improved_results,2026-05-01T00:00:00Z,Desktop,United States,Existing
USR04643,improved_results,2026-05-01T00:00:00Z,Mobile,United States,Existing
USR04644,control,2026-05-01T00:00:00Z,TV,United States,Existing
USR04645,improved_results,2026-05-01T00:00:00Z,Mobile,Canada,Existing
USR04646,improved_results,2026-05-01T00:00:00Z,Mobile,Canada,Existing
USR04647,control,2026-05-01T00:00:00Z,Mobile,Other,Existing
USR04648,control,2026-05-01T00:00:00Z,TV,United States,New
USR04649,improved_results,2026-05-01T00:00:00Z,Desktop,Other,Existing
USR04650,improved_results,2026-05-01T00:00:00Z,Mobile,United States,New
USR04651,control,2026-05-01T00:00:00Z,TV,United States,Existing
USR04652,control,2026-05-01T00:00:00Z,Desktop,United States,Existing
USR04653,improved_results,2026-05-01T00:00:00Z,Desktop,United States,Existing
USR04654,control,2026-05-01T00:00:00Z,Mobile,United States,New
USR04655,improved_results,2026-05-01T00:00:00Z,Desktop,United States,New
USR04656,improved_results,2026-05-01T00:00:00Z,Mobile,United Kingdom,Existing
USR04657,improved_results,2026-05-01T00:00:00Z,Mobile,Other,Existing
USR04658,improved_results,2026-05-01T00:00:00Z,Desktop,United States,Existing
USR04659,improved_results,2026-05-01T00:00:00Z,TV,Canada,Existing
USR04660,control,2026-05-01T00:00:00Z,TV,United States,New
USR04661,control,2026-05-01T00:00:00Z,Mobile,Canada,Existing
USR04662,improved_results,2026-05-01T00:00:00Z,Mobile,United States,Existing
USR04663,control,2026-05-01T00:00:00Z,Mobile,United States,New
USR04664,control,2026-05-01T00:00:00Z,Desktop,United States,Existing
USR04665,control,2026-05-01T00:00:00Z,Mobile,United States,Existing
USR04666,control,2026-05-01T00:00:00Z,Mobile,United States,Existing
USR04667,improved_results,2026-05-01T00:00:00Z,Desktop,United States,New
USR04668,improved_results,2026-05-01T00:00:00Z,Desktop,Other,Existing
USR04669,control,2026-05-01T00:00:00Z,Mobile,United States,New
USR04670,improved_results,2026-05-01T00:00:00Z,Desktop,United States,Existing
USR04671,improved_results,2026-05-01T00:00:00Z,Mobile,United States,New
USR04672,improved_results,2026-05-01T00:00:00Z,Mobile,Canada,Existing
USR04673,improved_results,2026-05-01T00:00:00Z,Mobile,United States,Existing
USR04674,improved_results,2026-05-01T00:00:00Z,Mobile,United Kingdom,Existing
USR04675,control,2026-05-01T00:00:00Z,Desktop,United States,Existing
USR04676,improved_results,2026-05-01T00:00:00Z,Desktop,Other,Existing
USR04677,control,2026-05-01T00:00:00Z,Mobile,United States,Existing
USR04678,control,2026-05-01T00:00:00Z,Mobile,Canada,Existing
USR04679,improved_results,2026-05-01T00:00:00Z,Mobile,United States,New
USR04680,control,2026-05-01T00:00:00Z,Mobile,United States,Existing
USR04681,improved_results,2026-05-01T00:00:00Z,Mobile,Canada,Existing
USR04682,control,2026-05-01T00:00:00Z,TV,United Kingdom,New
USR04683,improved_results,2026-05-01T00:00:00Z,TV,Other,New
USR04684,improved_results,2026-05-01T00:00:00Z,Mobile,United States,Existing
USR04685,control,2026-05-01T00:00:00Z,Mobile,Canada,Existing
USR04686,control,2026-05-01T00:00:00Z,TV,United Kingdom,Existing
USR04687,improved_results,2026-05-01T00:00:00Z,Desktop,United States,Existing
USR04688,control,2026-05-01T00:00:00Z,TV,United States,Existing
USR04689,control,2026-05-01T00:00:00Z,Desktop,United States,Existing
USR04690,improved_results,2026-05-01T00:00:00Z,TV,Canada,Existing
USR04691,improved_results,2026-05-01T00:00:00Z,TV,United States,Existing
USR04692,improved_results,2026-05-01T00:00:00Z,Mobile,United States,New
USR04693,control,2026-05-01T00:00:00Z,Mobile,United States,Existing
USR04694,control,2026-05-01T00:00:00Z,TV,United States,New
USR04695,improved_results,2026-05-01T00:00:00Z,Mobile,United States,Existing
USR04696,control,2026-05-01T00:00:00Z,Mobile,United States,Existing
USR04697,control,2026-05-01T00:00:00Z,Mobile,United States,Existing
USR04698,control,2026-05-01T00:00:00Z,Mobile,United States,Existing
USR04699,control,2026-05-01T00:00:00Z,Mobile,United States,Existing
USR04700,improved_results,2026-05-01T00:00:00Z,Desktop,United States,New
USR04701,control,2026-05-01T00:00:00Z,Mobile,United States,New
USR04702,improved_results,2026-05-01T00:00:00Z,Desktop,Canada,Existing
USR04703,control,2026-05-01T00:00:00Z,Mobile,United States,Existing
USR04704,control,2026-05-01T00:00:00Z,Desktop,United States,New
USR04705,control,2026-05-01T00:00:00Z,Mobile,United Kingdom,Existing
USR04706,improved_results,2026-05-01T00:00:00Z,Mobile,Canada,Existing
USR04707,control,2026-05-01T00:00:00Z,Mobile,United States,New
USR04708,improved_results,2026-05-01T00:00:00Z,Desktop,United States,Existing
USR04709,improved_results,2026-05-01T00:00:00Z,Mobile,United Kingdom,Existing
USR04710,improved_results,2026-05-01T00:00:00Z,TV,United States,New
USR04711,improved_results,2026-05-01T00:00:00Z,Mobile,United States,New
USR04712,improved_results,2026-05-01T00:00:00Z,Desktop,Canada,Existing
USR04713,control,2026-05-01T00:00:00Z,Mobile,United States,Existing
USR04714,improved_results,2026-05-01T00:00:00Z,Mobile,United Kingdom,Existing
USR04715,improved_results,2026-05-01T00:00:00Z,Mobile,United States,New
USR04716,improved_results,2026-05-01T00:00:00Z,Mobile,Canada,New
USR04717,control,2026-05-01T00:00:00Z,Mobile,Other,Existing
USR04718,improved_results,2026-05-01T00:00:00Z,Mobile,Other,Existing
USR04719,control,2026-05-01T00:00:00Z,Desktop,Canada,Existing
USR04720,improved_results,2026-05-01T00:00:00Z,TV,United Kingdom,Existing
USR04721,improved_results,2026-05-01T00:00:00Z,Mobile,Other,Existing
USR04722,control,2026-05-01T00:00:00Z,Mobile,Canada,Existing
USR04723,improved_results,2026-05-01T00:00:00Z,TV,United States,Existing
USR04724,improved_results,2026-05-01T00:00:00Z,Desktop,Canada,Existing
USR04725,control,2026-05-01T00:00:00Z,Mobile,United States,Existing
USR04726,control,2026-05-01T00:00:00Z,Desktop,United States,New
USR04727,control,2026-05-01T00:00:00Z,Mobile,United States,Existing
USR04728,control,2026-05-01T00:00:00Z,Mobile,United States,Existing
USR04729,improved_results,2026-05-01T00:00:00Z,Mobile,United States,Existing
USR04730,improved_results,2026-05-01T00:00:00Z,Desktop,United States,New
USR04731,improved_results,2026-05-01T00:00:00Z,Desktop,United States,Existing
USR04732,improved_results,2026-05-01T00:00:00Z,Mobile,United States,Existing
USR04733,control,2026-05-01T00:00:00Z,Mobile,United States,New
USR04734,improved_results,2026-05-01T00:00:00Z,Mobile,United States,New
USR04735,improved_results,2026-05-01T00:00:00Z,Mobile,Canada,New
USR04736,control,2026-05-01T00:00:00Z,Mobile,Other,Existing
USR04737,improved_results,2026-05-01T00:00:00Z,Mobile,United States,Existing
USR04738,control,2026-05-01T00:00:00Z,Desktop,Other,Existing
USR04739,control,2026-05-01T00:00:00Z,Mobile,United States,New
USR04740,improved_results,2026-05-01T00:00:00Z,TV,United States,Existing
USR04741,improved_results,2026-05-01T00:00:00Z,Mobile,United States,New
USR04742,improved_results,2026-05-01T00:00:00Z,Mobile,Other,Existing
USR04743,control,2026-05-01T00:00:00Z,Mobile,Canada,Existing
USR04744,control,2026-05-01T00:00:00Z,Mobile,United States,Existing
USR04745,control,2026-05-01T00:00:00Z,Mobile,United Kingdom,New
USR04746,improved_results,2026-05-01T00:00:00Z,Mobile,United States,New
USR04747,control,2026-05-01T00:00:00Z,Mobile,United Kingdom,Existing
USR04748,control,2026-05-01T00:00:00Z,TV,Canada,New
USR04749,improved_results,2026-05-01T00:00:00Z,Mobile,United States,Existing
USR04750,improved_results,2026-05-01T00:00:00Z,Desktop,Other,Existing
USR04751,improved_results,2026-05-01T00:00:00Z,Mobile,United States,Existing
USR04752,improved_results,2026-05-01T00:00:00Z,TV,Canada,Existing
USR04753,control,2026-05-01T00:00:00Z,Desktop,United Kingdom,Existing
USR04754,improved_results,2026-05-01T00:00:00Z,Mobile,Other,Existing
USR04755,improved_results,2026-05-01T00:00:00Z,Mobile,United States,New
USR04756,control,2026-05-01T00:00:00Z,Desktop,United Kingdom,Existing
USR04757,improved_results,2026-05-01T00:00:00Z,Mobile,United States,Existing
USR04758,control,2026-05-01T00:00:00Z,Mobile,United States,Existing
USR04759,control,2026-05-01T00:00:00Z,Mobile,Other,New
USR04760,control,2026-05-01T00:00:00Z,TV,United Kingdom,Existing
USR04761,control,2026-05-01T00:00:00Z,Mobile,Other,Existing
USR04762,control,2026-05-01T00:00:00Z,Mobile,United States,New
USR04763,control,2026-05-01T00:00:00Z,Desktop,Canada,Existing
USR04764,control,2026-05-01T00:00:00Z,Desktop,United States,Existing
USR04765,control,2026-05-01T00:00:00Z,Mobile,United Kingdom,New
USR04766,improved_results,2026-05-01T00:00:00Z,Desktop,Other,Existing
USR04767,improved_results,2026-05-01T00:00:00Z,TV,United States,New
USR04768,control,2026-05-01T00:00:00Z,Mobile,Canada,Existing
USR04769,control,2026-05-01T00:00:00Z,Mobile,Canada,Existing
USR04770,improved_results,2026-05-01T00:00:00Z,Desktop,United States,New
USR04771,control,2026-05-01T00:00:00Z,Desktop,United States,Existing
USR04772,improved_results,2026-05-01T00:00:00Z,Mobile,United Kingdom,Existing
USR04773,control,2026-05-01T00:00:00Z,Desktop,Other,Existing
USR04774,improved_results,2026-05-01T00:00:00Z,Mobile,United States,New
USR04775,control,2026-05-01T00:00:00Z,Mobile,Other,Existing
USR04776,control,2026-05-01T00:00:00Z,Mobile,United Kingdom,Existing
USR04777,improved_results,2026-05-01T00:00:00Z,Mobile,United States,Existing
USR04778,control,2026-05-01T00:00:00Z,TV,United States,Existing
USR04779,improved_results,2026-05-01T00:00:00Z,Mobile,United States,Existing
USR04780,control,2026-05-01T00:00:00Z,Mobile,United States,Existing
USR04781,control,2026-05-01T00:00:00Z,Mobile,United States,New
USR04782,control,2026-05-01T00:00:00Z,Mobile,United States,New
USR04783,improved_results,2026-05-01T00:00:00Z,Desktop,Canada,Existing
USR04784,control,2026-05-01T00:00:00Z,Mobile,United States,Existing
USR04785,control,2026-05-01T00:00:00Z,Mobile,United States,Existing
USR04786,improved_results,2026-05-01T00:00:00Z,Mobile,Canada,Existing
USR04787,improved_results,2026-05-01T00:00:00Z,Desktop,United States,New
USR04788,improved_results,2026-05-01T00:00:00Z,Desktop,United Kingdom,New
USR04789,control,2026-05-01T00:00:00Z,TV,United States,Existing
USR04790,control,2026-05-01T00:00:00Z,Desktop,United States,Existing
USR04791,improved_results,2026-05-01T00:00:00Z,Mobile,United Kingdom,New
USR04792,control,2026-05-01T00:00:00Z,Desktop,United States,Existing
USR04793,control,2026-05-01T00:00:00Z,Desktop,United States,Existing
USR04794,control,2026-05-01T00:00:00Z,Mobile,Other,Existing
USR04795,improved_results,2026-05-01T00:00:00Z,Desktop,United States,Existing
USR04796,control,2026-05-01T00:00:00Z,Desktop,United Kingdom,Existing
USR04797,improved_results,2026-05-01T00:00:00Z,Desktop,United Kingdom,Existing
USR04798,control,2026-05-01T00:00:00Z,TV,United States,Existing
USR04799,improved_results,2026-05-01T00:00:00Z,Mobile,United States,Existing
USR04800,control,2026-05-01T00:00:00Z,Desktop,United States,Existing
USR04801,improved_results,2026-05-01T00:00:00Z,TV,United States,Existing
USR04802,improved_results,2026-05-01T00:00:00Z,Desktop,United States,Existing
USR04803,control,2026-05-01T00:00:00Z,Mobile,United States,New
USR04804,improved_results,2026-05-01T00:00:00Z,Mobile,Other,Existing
USR04805,control,2026-05-01T00:00:00Z,Mobile,United States,New
USR04806,control,2026-05-01T00:00:00Z,Mobile,United Kingdom,Existing
USR04807,control,2026-05-01T00:00:00Z,Mobile,Canada,Existing
USR04808,control,2026-05-01T00:00:00Z,Mobile,United States,New
USR04809,improved_results,2026-05-01T00:00:00Z,Desktop,United Kingdom,Existing
USR04810,improved_results,2026-05-01T00:00:00Z,Mobile,United Kingdom,Existing
USR04811,improved_results,2026-05-01T00:00:00Z,Mobile,Other,New
USR04812,improved_results,2026-05-01T00:00:00Z,Mobile,United States,Existing
USR04813,control,2026-05-01T00:00:00Z,Mobile,Canada,Existing
USR04814,improved_results,2026-05-01T00:00:00Z,Mobile,United Kingdom,Existing
USR04815,improved_results,2026-05-01T00:00:00Z,Desktop,United States,New
USR04816,control,2026-05-01T00:00:00Z,Mobile,United States,Existing
USR04817,improved_results,2026-05-01T00:00:00Z,Mobile,United States,Existing
USR04818,control,2026-05-01T00:00:00Z,TV,United States,New
USR04819,control,2026-05-01T00:00:00Z,Mobile,Other,Existing
USR04820,control,2026-05-01T00:00:00Z,TV,Canada,Existing
USR04821,control,2026-05-01T00:00:00Z,Desktop,United States,Existing
USR04822,improved_results,2026-05-01T00:00:00Z,TV,United States,Existing
USR04823,improved_results,2026-05-01T00:00:00Z,Mobile,United States,Existing
USR04824,improved_results,2026-05-01T00:00:00Z,Mobile,United States,New
USR04825,improved_results,2026-05-01T00:00:00Z,Desktop,United States,New
USR04826,improved_results,2026-05-01T00:00:00Z,Mobile,United States,Existing
USR04827,control,2026-05-01T00:00:00Z,Mobile,United Kingdom,Existing
USR04828,improved_results,2026-05-01T00:00:00Z,Mobile,United States,Existing
USR04829,improved_results,2026-05-01T00:00:00Z,Mobile,United States,Existing
USR04830,improved_results,2026-05-01T00:00:00Z,Desktop,United States,New
USR04831,control,2026-05-01T00:00:00Z,TV,United States,New
USR04832,improved_results,2026-05-01T00:00:00Z,Desktop,United States,Existing
USR04833,improved_results,2026-05-01T00:00:00Z,Desktop,United States,Existing
USR04834,control,2026-05-01T00:00:00Z,TV,United States,Existing
USR04835,improved_results,2026-05-01T00:00:00Z,Mobile,United Kingdom,Existing
USR04836,control,2026-05-01T00:00:00Z,Mobile,Other,Existing
USR04837,control,2026-05-01T00:00:00Z,TV,United States,Existing
USR04838,improved_results,2026-05-01T00:00:00Z,TV,United States,Existing
USR04839,improved_results,2026-05-01T00:00:00Z,Desktop,United States,New
USR04840,improved_results,2026-05-01T00:00:00Z,Mobile,United States,Existing
USR04841,control,2026-05-01T00:00:00Z,Desktop,United States,Existing
USR04842,improved_results,2026-05-01T00:00:00Z,Desktop,United Kingdom,New
USR04843,control,2026-05-01T00:00:00Z,Desktop,United States,New
USR04844,improved_results,2026-05-01T00:00:00Z,Desktop,Other,Existing
USR04845,control,2026-05-01T00:00:00Z,Mobile,Canada,Existing
USR04846,control,2026-05-01T00:00:00Z,Mobile,United States,Existing
USR04847,improved_results,2026-05-01T00:00:00Z,Mobile,Other,Existing
USR04848,control,2026-05-01T00:00:00Z,Mobile,United States,Existing
USR04849,improved_results,2026-05-01T00:00:00Z,Mobile,United States,Existing
USR04850,improved_results,2026-05-01T00:00:00Z,Mobile,United States,Existing
USR04851,improved_results,2026-05-01T00:00:00Z,Mobile,United States,Existing
USR04852,control,2026-05-01T00:00:00Z,Mobile,United States,Existing
USR04853,improved_results,2026-05-01T00:00:00Z,Mobile,United States,Existing
USR04854,improved_results,2026-05-01T00:00:00Z,Mobile,United States,Existing
USR04855,improved_results,2026-05-01T00:00:00Z,Mobile,United States,Existing
USR04856,improved_results,2026-05-01T00:00:00Z,Desktop,Other,Existing
USR04857,control,2026-05-01T00:00:00Z,Mobile,United States,Existing
USR04858,improved_results,2026-05-01T00:00:00Z,Mobile,United States,New
USR04859,control,2026-05-01T00:00:00Z,Mobile,United States,New
USR04860,control,2026-05-01T00:00:00Z,Mobile,United States,Existing
USR04861,control,2026-05-01T00:00:00Z,Mobile,United States,Existing
USR04862,control,2026-05-01T00:00:00Z,Mobile,United States,Existing
USR04863,control,2026-05-01T00:00:00Z,Mobile,Other,Existing
USR04864,control,2026-05-01T00:00:00Z,Mobile,United States,Existing
USR04865,control,2026-05-01T00:00:00Z,TV,United States,New
USR04866,control,2026-05-01T00:00:00Z,Mobile,Other,New
USR04867,control,2026-05-01T00:00:00Z,Mobile,United Kingdom,New
USR04868,improved_results,2026-05-01T00:00:00Z,Mobile,Canada,Existing
USR04869,control,2026-05-01T00:00:00Z,Desktop,United States,Existing
USR04870,control,2026-05-01T00:00:00Z,Mobile,United States,Existing
USR04871,improved_results,2026-05-01T00:00:00Z,Mobile,United States,New
USR04872,improved_results,2026-05-01T00:00:00Z,Mobile,Other,New
USR04873,control,2026-05-01T00:00:00Z,Mobile,United Kingdom,Existing
USR04874,control,2026-05-01T00:00:00Z,Mobile,United Kingdom,Existing
USR04875,improved_results,2026-05-01T00:00:00Z,Mobile,United States,New
USR04876,improved_results,2026-05-01T00:00:00Z,TV,United States,New
USR04877,control,2026-05-01T00:00:00Z,Desktop,Other,Existing
USR04878,control,2026-05-01T00:00:00Z,Desktop,United States,New
USR04879,control,2026-05-01T00:00:00Z,Desktop,Other,New
USR04880,improved_results,2026-05-01T00:00:00Z,Desktop,United States,New
USR04881,control,2026-05-01T00:00:00Z,Mobile,United States,New
USR04882,improved_results,2026-05-01T00:00:00Z,Mobile,United States,Existing
USR04883,improved_results,2026-05-01T00:00:00Z,Mobile,United States,New
USR04884,control,2026-05-01T00:00:00Z,TV,United States,Existing
USR04885,control,2026-05-01T00:00:00Z,Desktop,United States,Existing
USR04886,control,2026-05-01T00:00:00Z,Mobile,United Kingdom,Existing
USR04887,improved_results,2026-05-01T00:00:00Z,Mobile,Canada,Existing
USR04888,improved_results,2026-05-01T00:00:00Z,Desktop,Other,Existing
USR04889,improved_results,2026-05-01T00:00:00Z,Mobile,United States,New
USR04890,improved_results,2026-05-01T00:00:00Z,Mobile,United Kingdom,Existing
USR04891,improved_results,2026-05-01T00:00:00Z,TV,Other,Existing
USR04892,improved_results,2026-05-01T00:00:00Z,Mobile,United States,Existing
USR04893,control,2026-05-01T00:00:00Z,Desktop,United States,Existing
USR04894,improved_results,2026-05-01T00:00:00Z,TV,United Kingdom,New
USR04895,control,2026-05-01T00:00:00Z,Desktop,United States,Existing
USR04896,control,2026-05-01T00:00:00Z,Mobile,United States,New
USR04897,control,2026-05-01T00:00:00Z,TV,United States,New
USR04898,improved_results,2026-05-01T00:00:00Z,Mobile,Canada,Existing
USR04899,control,2026-05-01T00:00:00Z,Desktop,United States,Existing
USR04900,control,2026-05-01T00:00:00Z,Mobile,Canada,Existing
USR04901,improved_results,2026-05-01T00:00:00Z,Mobile,United States,New
USR04902,control,2026-05-01T00:00:00Z,Mobile,Other,New
USR04903,improved_results,2026-05-01T00:00:00Z,Desktop,United Kingdom,New
USR04904,control,2026-05-01T00:00:00Z,TV,Canada,Existing
USR04905,improved_results,2026-05-01T00:00:00Z,Mobile,United States,Existing
USR04906,improved_results,2026-05-01T00:00:00Z,Mobile,United States,New
USR04907,improved_results,2026-05-01T00:00:00Z,Mobile,Other,New
USR04908,improved_results,2026-05-01T00:00:00Z,Mobile,United States,Existing
USR04909,improved_results,2026-05-01T00:00:00Z,Mobile,United States,Existing
USR04910,control,2026-05-01T00:00:00Z,TV,Other,Existing
USR04911,improved_results,2026-05-01T00:00:00Z,Desktop,Other,Existing
USR04912,improved_results,2026-05-01T00:00:00Z,Mobile,United States,Existing
USR04913,control,2026-05-01T00:00:00Z,Mobile,Other,Existing
USR04914,improved_results,2026-05-01T00:00:00Z,Mobile,United States,New
USR04915,improved_results,2026-05-01T00:00:00Z,TV,United States,Existing
USR04916,control,2026-05-01T00:00:00Z,Desktop,United States,Existing
USR04917,improved_results,2026-05-01T00:00:00Z,TV,United States,Existing
USR04918,improved_results,2026-05-01T00:00:00Z,Mobile,United States,New
USR04919,improved_results,2026-05-01T00:00:00Z,Mobile,United States,New
USR04920,improved_results,2026-05-01T00:00:00Z,Mobile,United States,New
USR04921,control,2026-05-01T00:00:00Z,Desktop,United States,New
USR04922,improved_results,2026-05-01T00:00:00Z,Mobile,United States,Existing
USR04923,control,2026-05-01T00:00:00Z,Desktop,Other,New
USR04924,improved_results,2026-05-01T00:00:00Z,Desktop,United States,Existing
USR04925,improved_results,2026-05-01T00:00:00Z,Mobile,United States,Existing
USR04926,control,2026-05-01T00:00:00Z,Mobile,United States,Existing
USR04927,control,2026-05-01T00:00:00Z,Mobile,United Kingdom,New
USR04928,control,2026-05-01T00:00:00Z,Desktop,United States,Existing
USR04929,control,2026-05-01T00:00:00Z,TV,Canada,Existing
USR04930,improved_results,2026-05-01T00:00:00Z,Mobile,United States,Existing
USR04931,control,2026-05-01T00:00:00Z,Mobile,Other,Existing
USR04932,control,2026-05-01T00:00:00Z,Mobile,United States,New
USR04933,control,2026-05-01T00:00:00Z,Desktop,United States,Existing
USR04934,improved_results,2026-05-01T00:00:00Z,Mobile,United States,New
USR04935,improved_results,2026-05-01T00:00:00Z,Mobile,United Kingdom,Existing
USR04936,improved_results,2026-05-01T00:00:00Z,Mobile,United States,Existing
USR04937,control,2026-05-01T00:00:00Z,Mobile,Canada,Existing
USR04938,control,2026-05-01T00:00:00Z,Desktop,United States,New
USR04939,improved_results,2026-05-01T00:00:00Z,Mobile,United States,New
USR04940,control,2026-05-01T00:00:00Z,Desktop,Canada,Existing
USR04941,control,2026-05-01T00:00:00Z,Mobile,United States,Existing
USR04942,control,2026-05-01T00:00:00Z,Mobile,United States,Existing
USR04943,control,2026-05-01T00:00:00Z,Mobile,United Kingdom,Existing
USR04944,improved_results,2026-05-01T00:00:00Z,Mobile,United States,Existing
USR04945,improved_results,2026-05-01T00:00:00Z,Mobile,United States,Existing
USR04946,improved_results,2026-05-01T00:00:00Z,TV,United States,Existing
USR04947,improved_results,2026-05-01T00:00:00Z,Mobile,United States,New
USR04948,improved_results,2026-05-01T00:00:00Z,Mobile,Other,New
USR04949,improved_results,2026-05-01T00:00:00Z,TV,Canada,Existing
USR04950,improved_results,2026-05-01T00:00:00Z,Mobile,United States,New
USR04951,control,2026-05-01T00:00:00Z,Mobile,United States,New
USR04952,improved_results,2026-05-01T00:00:00Z,Desktop,United States,Existing
USR04953,control,2026-05-01T00:00:00Z,Desktop,United States,Existing
USR04954,improved_results,2026-05-01T00:00:00Z,Desktop,United States,New
USR04955,improved_results,2026-05-01T00:00:00Z,Desktop,Other,New
USR04956,control,2026-05-01T00:00:00Z,Mobile,United States,Existing
USR04957,improved_results,2026-05-01T00:00:00Z,Mobile,Canada,Existing
USR04958,control,2026-05-01T00:00:00Z,Mobile,United States,Existing
USR04959,control,2026-05-01T00:00:00Z,Mobile,Other,Existing
USR04960,control,2026-05-01T00:00:00Z,Mobile,United Kingdom,Existing
USR04961,control,2026-05-01T00:00:00Z,Mobile,United States,New
USR04962,improved_results,2026-05-01T00:00:00Z,Desktop,Canada,New
USR04963,control,2026-05-01T00:00:00Z,Mobile,United States,New
USR04964,improved_results,2026-05-01T00:00:00Z,Desktop,United States,New
USR04965,control,2026-05-01T00:00:00Z,Mobile,United Kingdom,New
USR04966,improved_results,2026-05-01T00:00:00Z,Mobile,United States,New
USR04967,control,2026-05-01T00:00:00Z,Desktop,United States,Existing
USR04968,improved_results,2026-05-01T00:00:00Z,Mobile,United States,New
USR04969,improved_results,2026-05-01T00:00:00Z,Mobile,United States,New
USR04970,improved_results,2026-05-01T00:00:00Z,Desktop,Other,Existing
USR04971,control,2026-05-01T00:00:00Z,Mobile,United States,Existing
USR04972,improved_results,2026-05-01T00:00:00Z,TV,United States,Existing
USR04973,control,2026-05-01T00:00:00Z,Mobile,United Kingdom,Existing
USR04974,control,2026-05-01T00:00:00Z,Mobile,United States,New
USR04975,improved_results,2026-05-01T00:00:00Z,Desktop,Other,Existing
USR04976,improved_results,2026-05-01T00:00:00Z,Desktop,United States,Existing
USR04977,control,2026-05-01T00:00:00Z,TV,United States,Existing
USR04978,improved_results,2026-05-01T00:00:00Z,Mobile,United Kingdom,Existing
USR04979,control,2026-05-01T00:00:00Z,Mobile,United States,New
USR04980,control,2026-05-01T00:00:00Z,Mobile,United States,Existing
USR04981,improved_results,2026-05-01T00:00:00Z,Desktop,United States,New
USR04982,improved_results,2026-05-01T00:00:00Z,Mobile,United States,Existing
USR04983,control,2026-05-01T00:00:00Z,Desktop,United Kingdom,New
USR04984,control,2026-05-01T00:00:00Z,Desktop,United States,Existing
USR04985,control,2026-05-01T00:00:00Z,TV,Canada,Existing
USR04986,control,2026-05-01T00:00:00Z,Mobile,Other,Existing
USR04987,control,2026-05-01T00:00:00Z,Mobile,Other,New
USR04988,improved_results,2026-05-01T00:00:00Z,TV,Other,Existing
USR04989,control,2026-05-01T00:00:00Z,Desktop,United Kingdom,New
USR04990,improved_results,2026-05-01T00:00:00Z,TV,United States,Existing
USR04991,control,2026-05-01T00:00:00Z,Mobile,United States,Existing
USR04992,improved_results,2026-05-01T00:00:00Z,Mobile,Canada,Existing
USR04993,improved_results,2026-05-01T00:00:00Z,Mobile,United States,Existing
USR04994,control,2026-05-01T00:00:00Z,Mobile,United States,New
USR04995,control,2026-05-01T00:00:00Z,Mobile,United States,Existing
USR04996,control,2026-05-01T00:00:00Z,Mobile,United States,New
USR04997,improved_results,2026-05-01T00:00:00Z,Desktop,Canada,Existing
USR04998,control,2026-05-01T00:00:00Z,Desktop,United Kingdom,Existing
USR04999,control,2026-05-01T00:00:00Z,Mobile,Canada,New
USR05000,control,2026-05-01T00:00:00Z,TV,United States,Existing
USR05001,control,2026-05-01T00:00:00Z,Mobile,United States,New
USR05002,improved_results,2026-05-01T00:00:00Z,Mobile,United Kingdom,Existing
USR05003,control,2026-05-01T00:00:00Z,Desktop,United States,Existing
USR05004,improved_results,2026-05-01T00:00:00Z,Desktop,Other,Existing
USR05005,control,2026-05-01T00:00:00Z,Mobile,United States,Existing
USR05006,control,2026-05-01T00:00:00Z,Mobile,Canada,Existing
USR05007,control,2026-05-01T00:00:00Z,TV,United States,New
USR05008,improved_results,2026-05-01T00:00:00Z,TV,United States,Existing
USR05009,control,2026-05-01T00:00:00Z,Mobile,United States,Existing
USR05010,control,2026-05-01T00:00:00Z,Desktop,United States,Existing
USR05011,control,2026-05-01T00:00:00Z,Mobile,United States,Existing
USR05012,control,2026-05-01T00:00:00Z,TV,United States,Existing
USR05013,control,2026-05-01T00:00:00Z,TV,United States,Existing
USR05014,control,2026-05-01T00:00:00Z,Mobile,Canada,Existing
USR05015,control,2026-05-01T00:00:00Z,Desktop,Other,Existing
USR05016,improved_results,2026-05-01T00:00:00Z,Mobile,United States,New
USR05017,improved_results,2026-05-01T00:00:00Z,Mobile,United Kingdom,Existing
USR05018,improved_results,2026-05-01T00:00:00Z,Mobile,United States,New
USR05019,improved_results,2026-05-01T00:00:00Z,Mobile,United States,Existing
USR05020,improved_results,2026-05-01T00:00:00Z,Mobile,United Kingdom,New
USR05021,improved_results,2026-05-01T00:00:00Z,Desktop,Canada,Existing
USR05022,control,2026-05-01T00:00:00Z,Mobile,United Kingdom,Existing
USR05023,improved_results,2026-05-01T00:00:00Z,TV,United States,New
USR05024,improved_results,2026-05-01T00:00:00Z,Mobile,Other,Existing
USR05025,control,2026-05-01T00:00:00Z,Mobile,Other,Existing
USR05026,improved_results,2026-05-01T00:00:00Z,Desktop,Canada,New
USR05027,control,2026-05-01T00:00:00Z,Mobile,Other,Existing
USR05028,improved_results,2026-05-01T00:00:00Z,Desktop,United States,Existing
USR05029,control,2026-05-01T00:00:00Z,Mobile,Other,Existing
USR05030,control,2026-05-01T00:00:00Z,Mobile,Other,New
USR05031,improved_results,2026-05-01T00:00:00Z,Desktop,Canada,New
USR05032,improved_results,2026-05-01T00:00:00Z,Desktop,United States,Existing
USR05033,improved_results,2026-05-01T00:00:00Z,Desktop,United Kingdom,Existing
USR05034,improved_results,2026-05-01T00:00:00Z,Mobile,United States,Existing
USR05035,improved_results,2026-05-01T00:00:00Z,Desktop,United States,Existing
USR05036,control,2026-05-01T00:00:00Z,Desktop,United States,Existing
USR05037,control,2026-05-01T00:00:00Z,TV,United States,Existing
USR05038,control,2026-05-01T00:00:00Z,Desktop,United States,Existing
USR05039,control,2026-05-01T00:00:00Z,Mobile,United States,Existing
USR05040,control,2026-05-01T00:00:00Z,Mobile,Other,New
USR05041,improved_results,2026-05-01T00:00:00Z,TV,United States,Existing
USR05042,improved_results,2026-05-01T00:00:00Z,TV,United States,Existing
USR05043,improved_results,2026-05-01T00:00:00Z,Mobile,United States,Existing
USR05044,improved_results,2026-05-01T00:00:00Z,Desktop,United States,New
USR05045,improved_results,2026-05-01T00:00:00Z,Mobile,United Kingdom,Existing
USR05046,control,2026-05-01T00:00:00Z,Mobile,United States,New
USR05047,improved_results,2026-05-01T00:00:00Z,Mobile,United States,Existing
USR05048,improved_results,2026-05-01T00:00:00Z,Desktop,United States,Existing
USR05049,improved_results,2026-05-01T00:00:00Z,Mobile,United States,New
USR05050,control,2026-05-01T00:00:00Z,Desktop,Other,Existing
USR05051,control,2026-05-01T00:00:00Z,Mobile,United States,Existing
USR05052,control,2026-05-01T00:00:00Z,Mobile,Other,New
USR05053,improved_results,2026-05-01T00:00:00Z,Desktop,United States,Existing
USR05054,improved_results,2026-05-01T00:00:00Z,Mobile,Other,New
USR05055,control,2026-05-01T00:00:00Z,Desktop,Other,Existing
USR05056,control,2026-05-01T00:00:00Z,Mobile,United States,Existing
USR05057,improved_results,2026-05-01T00:00:00Z,Mobile,Canada,New
USR05058,control,2026-05-01T00:00:00Z,Desktop,Other,Existing
USR05059,control,2026-05-01T00:00:00Z,Mobile,Canada,Existing
USR05060,improved_results,2026-05-01T00:00:00Z,Desktop,United States,New
USR05061,control,2026-05-01T00:00:00Z,Mobile,United States,New
USR05062,improved_results,2026-05-01T00:00:00Z,Desktop,Canada,New
USR05063,control,2026-05-01T00:00:00Z,Desktop,United States,Existing
USR05064,improved_results,2026-05-01T00:00:00Z,Mobile,Canada,Existing
USR05065,control,2026-05-01T00:00:00Z,Mobile,United States,New
USR05066,control,2026-05-01T00:00:00Z,TV,Other,Existing
USR05067,control,2026-05-01T00:00:00Z,Mobile,Other,Existing
USR05068,improved_results,2026-05-01T00:00:00Z,Mobile,United States,Existing
USR05069,control,2026-05-01T00:00:00Z,Mobile,United Kingdom,Existing
USR05070,improved_results,2026-05-01T00:00:00Z,Mobile,United States,Existing
USR05071,improved_results,2026-05-01T00:00:00Z,Mobile,United Kingdom,Existing
USR05072,control,2026-05-01T00:00:00Z,Desktop,United States,Existing
USR05073,control,2026-05-01T00:00:00Z,Mobile,United States,Existing
USR05074,control,2026-05-01T00:00:00Z,Mobile,Other,New
USR05075,control,2026-05-01T00:00:00Z,TV,United States,Existing
USR05076,improved_results,2026-05-01T00:00:00Z,Desktop,United Kingdom,New
USR05077,control,2026-05-01T00:00:00Z,Desktop,United States,Existing
USR05078,control,2026-05-01T00:00:00Z,Mobile,United States,Existing
USR05079,improved_results,2026-05-01T00:00:00Z,Mobile,United States,New
USR05080,control,2026-05-01T00:00:00Z,Mobile,United States,Existing
USR05081,control,2026-05-01T00:00:00Z,Desktop,Canada,Existing
USR05082,improved_results,2026-05-01T00:00:00Z,Mobile,United States,New
USR05083,control,2026-05-01T00:00:00Z,Mobile,United States,Existing
USR05084,improved_results,2026-05-01T00:00:00Z,Mobile,Other,New
USR05085,control,2026-05-01T00:00:00Z,Mobile,United States,Existing
USR05086,control,2026-05-01T00:00:00Z,Mobile,Canada,New
USR05087,improved_results,2026-05-01T00:00:00Z,Desktop,Other,Existing
USR05088,control,2026-05-01T00:00:00Z,TV,Other,New
USR05089,improved_results,2026-05-01T00:00:00Z,Mobile,Other,Existing
USR05090,control,2026-05-01T00:00:00Z,Mobile,United States,New
USR05091,improved_results,2026-05-01T00:00:00Z,TV,United States,Existing
USR05092,control,2026-05-01T00:00:00Z,Desktop,Other,Existing
USR05093,improved_results,2026-05-01T00:00:00Z,TV,United States,Existing
USR05094,control,2026-05-01T00:00:00Z,TV,United States,Existing
USR05095,improved_results,2026-05-01T00:00:00Z,Mobile,Other,Existing
USR05096,improved_results,2026-05-01T00:00:00Z,Desktop,United States,Existing
USR05097,control,2026-05-01T00:00:00Z,Mobile,United States,Existing
USR05098,improved_results,2026-05-01T00:00:00Z,Mobile,United Kingdom,Existing
USR05099,control,2026-05-01T00:00:00Z,TV,United Kingdom,Existing
USR05100,control,2026-05-01T00:00:00Z,TV,Other,Existing
USR05101,improved_results,2026-05-01T00:00:00Z,Mobile,United States,Existing
USR05102,control,2026-05-01T00:00:00Z,TV,United Kingdom,Existing
USR05103,control,2026-05-01T00:00:00Z,TV,United States,Existing
USR05104,improved_results,2026-05-01T00:00:00Z,Mobile,Canada,New
USR05105,improved_results,2026-05-01T00:00:00Z,Desktop,Other,New
USR05106,control,2026-05-01T00:00:00Z,Mobile,Other,Existing
USR05107,control,2026-05-01T00:00:00Z,Mobile,Canada,Existing
USR05108,improved_results,2026-05-01T00:00:00Z,Mobile,United States,Existing
USR05109,control,2026-05-01T00:00:00Z,TV,Canada,New
USR05110,improved_results,2026-05-01T00:00:00Z,Mobile,United Kingdom,Existing
USR05111,control,2026-05-01T00:00:00Z,Desktop,United States,New
USR05112,improved_results,2026-05-01T00:00:00Z,Mobile,United States,New
USR05113,control,2026-05-01T00:00:00Z,Mobile,Other,Existing
USR05114,improved_results,2026-05-01T00:00:00Z,Desktop,United States,New
USR05115,improved_results,2026-05-01T00:00:00Z,Desktop,United States,Existing
USR05116,improved_results,2026-05-01T00:00:00Z,TV,Canada,Existing
USR05117,improved_results,2026-05-01T00:00:00Z,Mobile,Other,Existing
USR05118,control,2026-05-01T00:00:00Z,TV,United States,New
USR05119,improved_results,2026-05-01T00:00:00Z,Mobile,Other,Existing
USR05120,control,2026-05-01T00:00:00Z,TV,United States,Existing
USR05121,control,2026-05-01T00:00:00Z,Mobile,United States,Existing
USR05122,control,2026-05-01T00:00:00Z,Desktop,United Kingdom,Existing
USR05123,control,2026-05-01T00:00:00Z,Mobile,Canada,Existing
USR05124,improved_results,2026-05-01T00:00:00Z,Desktop,United States,Existing
USR05125,control,2026-05-01T00:00:00Z,Desktop,United States,Existing
USR05126,improved_results,2026-05-01T00:00:00Z,TV,United States,New
USR05127,control,2026-05-01T00:00:00Z,Mobile,United States,Existing
USR05128,control,2026-05-01T00:00:00Z,Mobile,United States,Existing
USR05129,control,2026-05-01T00:00:00Z,TV,United States,Existing
USR05130,improved_results,2026-05-01T00:00:00Z,Mobile,Other,Existing
USR05131,control,2026-05-01T00:00:00Z,Desktop,Other,New
USR05132,improved_results,2026-05-01T00:00:00Z,Mobile,United States,Existing
USR05133,control,2026-05-01T00:00:00Z,Mobile,United States,Existing
USR05134,control,2026-05-01T00:00:00Z,Mobile,United States,Existing
USR05135,control,2026-05-01T00:00:00Z,Mobile,United States,Existing
USR05136,control,2026-05-01T00:00:00Z,TV,Other,New
USR05137,control,2026-05-01T00:00:00Z,Desktop,United States,Existing
USR05138,control,2026-05-01T00:00:00Z,Desktop,United States,New
USR05139,improved_results,2026-05-01T00:00:00Z,Desktop,Canada,Existing
USR05140,improved_results,2026-05-01T00:00:00Z,Mobile,Other,Existing
USR05141,control,2026-05-01T00:00:00Z,TV,United States,Existing
USR05142,control,2026-05-01T00:00:00Z,Desktop,Other,Existing
USR05143,control,2026-05-01T00:00:00Z,Mobile,United States,Existing
USR05144,control,2026-05-01T00:00:00Z,Mobile,United States,Existing
USR05145,improved_results,2026-05-01T00:00:00Z,Desktop,United States,New
USR05146,improved_results,2026-05-01T00:00:00Z,Mobile,United Kingdom,Existing
USR05147,improved_results,2026-05-01T00:00:00Z,Mobile,United States,Existing
USR05148,improved_results,2026-05-01T00:00:00Z,TV,United Kingdom,Existing
USR05149,control,2026-05-01T00:00:00Z,Desktop,United States,Existing
USR05150,improved_results,2026-05-01T00:00:00Z,Desktop,United States,Existing
USR05151,control,2026-05-01T00:00:00Z,Mobile,United States,New
USR05152,improved_results,2026-05-01T00:00:00Z,Mobile,Other,Existing
USR05153,improved_results,2026-05-01T00:00:00Z,Mobile,United States,Existing
USR05154,control,2026-05-01T00:00:00Z,Mobile,Other,Existing
USR05155,improved_results,2026-05-01T00:00:00Z,TV,United States,Existing
USR05156,improved_results,2026-05-01T00:00:00Z,Mobile,United States,Existing
USR05157,control,2026-05-01T00:00:00Z,Mobile,United Kingdom,Existing
USR05158,improved_results,2026-05-01T00:00:00Z,Desktop,Other,Existing
USR05159,control,2026-05-01T00:00:00Z,TV,United States,Existing
USR05160,control,2026-05-01T00:00:00Z,TV,United States,Existing
USR05161,improved_results,2026-05-01T00:00:00Z,Mobile,United Kingdom,New
USR05162,control,2026-05-01T00:00:00Z,Desktop,United States,New
USR05163,improved_results,2026-05-01T00:00:00Z,Mobile,United States,Existing
USR05164,improved_results,2026-05-01T00:00:00Z,Mobile,United States,Existing
USR05165,control,2026-05-01T00:00:00Z,Mobile,United States,New
USR05166,improved_results,2026-05-01T00:00:00Z,TV,United States,Existing
USR05167,improved_results,2026-05-01T00:00:00Z,TV,Canada,Existing
USR05168,improved_results,2026-05-01T00:00:00Z,TV,United States,Existing
USR05169,control,2026-05-01T00:00:00Z,Mobile,United Kingdom,Existing
USR05170,improved_results,2026-05-01T00:00:00Z,Desktop,United States,New
USR05171,improved_results,2026-05-01T00:00:00Z,Desktop,United States,Existing
USR05172,control,2026-05-01T00:00:00Z,Mobile,Canada,Existing
USR05173,control,2026-05-01T00:00:00Z,Desktop,United States,Existing
USR05174,control,2026-05-01T00:00:00Z,Mobile,Other,Existing
USR05175,control,2026-05-01T00:00:00Z,Mobile,United States,Existing
USR05176,control,2026-05-01T00:00:00Z,Mobile,United States,Existing
USR05177,control,2026-05-01T00:00:00Z,TV,United States,Existing
USR05178,improved_results,2026-05-01T00:00:00Z,Desktop,United States,Existing
USR05179,improved_results,2026-05-01T00:00:00Z,Mobile,United States,Existing
USR05180,control,2026-05-01T00:00:00Z,Mobile,United States,Existing
USR05181,control,2026-05-01T00:00:00Z,Mobile,United States,New
USR05182,improved_results,2026-05-01T00:00:00Z,Mobile,Canada,Existing
USR05183,improved_results,2026-05-01T00:00:00Z,Desktop,United States,Existing
USR05184,control,2026-05-01T00:00:00Z,Mobile,Canada,Existing
USR05185,control,2026-05-01T00:00:00Z,TV,United States,New
USR05186,control,2026-05-01T00:00:00Z,Mobile,United States,Existing
USR05187,improved_results,2026-05-01T00:00:00Z,Mobile,United Kingdom,Existing
USR05188,control,2026-05-01T00:00:00Z,Mobile,United States,Existing
USR05189,control,2026-05-01T00:00:00Z,Desktop,United States,Existing
USR05190,improved_results,2026-05-01T00:00:00Z,Mobile,United States,Existing
USR05191,improved_results,2026-05-01T00:00:00Z,Desktop,United States,New
USR05192,control,2026-05-01T00:00:00Z,Mobile,United Kingdom,Existing
USR05193,improved_results,2026-05-01T00:00:00Z,Desktop,United States,Existing
USR05194,improved_results,2026-05-01T00:00:00Z,Mobile,United States,Existing
USR05195,control,2026-05-01T00:00:00Z,Mobile,Other,Existing
USR05196,improved_results,2026-05-01T00:00:00Z,Desktop,Canada,New
USR05197,control,2026-05-01T00:00:00Z,TV,Other,Existing
USR05198,control,2026-05-01T00:00:00Z,Mobile,United States,Existing
USR05199,improved_results,2026-05-01T00:00:00Z,Desktop,Canada,Existing
USR05200,improved_results,2026-05-01T00:00:00Z,Mobile,United States,Existing
USR05201,control,2026-05-01T00:00:00Z,Mobile,Other,Existing
USR05202,control,2026-05-01T00:00:00Z,Desktop,Other,Existing
USR05203,control,2026-05-01T00:00:00Z,TV,United States,Existing
USR05204,improved_results,2026-05-01T00:00:00Z,TV,United States,Existing
USR05205,improved_results,2026-05-01T00:00:00Z,Mobile,Other,Existing
USR05206,improved_results,2026-05-01T00:00:00Z,Mobile,United States,New
USR05207,improved_results,2026-05-01T00:00:00Z,Mobile,United States,New
USR05208,improved_results,2026-05-01T00:00:00Z,Mobile,United States,New
USR05209,improved_results,2026-05-01T00:00:00Z,Desktop,United States,Existing
USR05210,control,2026-05-01T00:00:00Z,Mobile,United Kingdom,New
USR05211,improved_results,2026-05-01T00:00:00Z,Desktop,United States,Existing
USR05212,control,2026-05-01T00:00:00Z,Mobile,Canada,Existing
USR05213,control,2026-05-01T00:00:00Z,Mobile,United States,Existing
USR05214,improved_results,2026-05-01T00:00:00Z,Mobile,United States,Existing
USR05215,control,2026-05-01T00:00:00Z,TV,Canada,Existing
USR05216,control,2026-05-01T00:00:00Z,Desktop,United States,Existing
USR05217,control,2026-05-01T00:00:00Z,Mobile,United Kingdom,Existing
USR05218,improved_results,2026-05-01T00:00:00Z,Mobile,United States,New
USR05219,control,2026-05-01T00:00:00Z,Desktop,United States,Existing
USR05220,control,2026-05-01T00:00:00Z,Mobile,United Kingdom,Existing
USR05221,control,2026-05-01T00:00:00Z,Mobile,United Kingdom,Existing
USR05222,control,2026-05-01T00:00:00Z,TV,United Kingdom,Existing
USR05223,improved_results,2026-05-01T00:00:00Z,TV,United States,Existing
USR05224,control,2026-05-01T00:00:00Z,Mobile,United States,New
USR05225,control,2026-05-01T00:00:00Z,Mobile,United States,Existing
USR05226,improved_results,2026-05-01T00:00:00Z,TV,Canada,Existing
USR05227,control,2026-05-01T00:00:00Z,Desktop,Canada,Existing
USR05228,control,2026-05-01T00:00:00Z,Mobile,United States,Existing
USR05229,improved_results,2026-05-01T00:00:00Z,Mobile,Canada,New
USR05230,control,2026-05-01T00:00:00Z,Desktop,Other,Existing
USR05231,control,2026-05-01T00:00:00Z,TV,United States,Existing
USR05232,improved_results,2026-05-01T00:00:00Z,Desktop,United States,New
USR05233,control,2026-05-01T00:00:00Z,Desktop,United States,New
USR05234,improved_results,2026-05-01T00:00:00Z,Mobile,United States,New
USR05235,improved_results,2026-05-01T00:00:00Z,TV,United States,Existing
USR05236,control,2026-05-01T00:00:00Z,Mobile,United States,Existing
USR05237,control,2026-05-01T00:00:00Z,Desktop,Canada,Existing
USR05238,improved_results,2026-05-01T00:00:00Z,Mobile,Canada,New
USR05239,improved_results,2026-05-01T00:00:00Z,Mobile,United States,New
USR05240,improved_results,2026-05-01T00:00:00Z,TV,United States,Existing
USR05241,control,2026-05-01T00:00:00Z,Mobile,Other,Existing
USR05242,control,2026-05-01T00:00:00Z,Mobile,United States,Existing
USR05243,control,2026-05-01T00:00:00Z,Mobile,United States,New
USR05244,improved_results,2026-05-01T00:00:00Z,Mobile,United States,Existing
USR05245,improved_results,2026-05-01T00:00:00Z,TV,United Kingdom,Existing
USR05246,control,2026-05-01T00:00:00Z,Mobile,United States,Existing
USR05247,improved_results,2026-05-01T00:00:00Z,Mobile,United States,Existing
USR05248,improved_results,2026-05-01T00:00:00Z,Mobile,Canada,New
USR05249,improved_results,2026-05-01T00:00:00Z,Desktop,United States,New
USR05250,improved_results,2026-05-01T00:00:00Z,Mobile,Other,Existing
USR05251,improved_results,2026-05-01T00:00:00Z,Mobile,United States,Existing
USR05252,improved_results,2026-05-01T00:00:00Z,Mobile,United States,Existing
USR05253,control,2026-05-01T00:00:00Z,Mobile,United States,Existing
USR05254,control,2026-05-01T00:00:00Z,Mobile,United States,Existing
USR05255,improved_results,2026-05-01T00:00:00Z,Mobile,United States,Existing
USR05256,control,2026-05-01T00:00:00Z,TV,United States,New
USR05257,improved_results,2026-05-01T00:00:00Z,Desktop,United Kingdom,Existing
USR05258,improved_results,2026-05-01T00:00:00Z,Desktop,United States,Existing
USR05259,improved_results,2026-05-01T00:00:00Z,TV,United States,Existing
USR05260,improved_results,2026-05-01T00:00:00Z,Mobile,United States,Existing
USR05261,improved_results,2026-05-01T00:00:00Z,Mobile,Other,New
USR05262,improved_results,2026-05-01T00:00:00Z,Mobile,Canada,Existing
USR05263,control,2026-05-01T00:00:00Z,Mobile,United Kingdom,Existing
USR05264,control,2026-05-01T00:00:00Z,Mobile,United States,Existing
USR05265,control,2026-05-01T00:00:00Z,Desktop,Other,New
USR05266,control,2026-05-01T00:00:00Z,Desktop,United States,New
USR05267,control,2026-05-01T00:00:00Z,Mobile,United States,Existing
USR05268,improved_results,2026-05-01T00:00:00Z,Mobile,United States,Existing
USR05269,improved_results,2026-05-01T00:00:00Z,Mobile,Other,Existing
USR05270,improved_results,2026-05-01T00:00:00Z,TV,United States,Existing
USR05271,control,2026-05-01T00:00:00Z,Mobile,United States,Existing
USR05272,control,2026-05-01T00:00:00Z,Mobile,United States,Existing
USR05273,control,2026-05-01T00:00:00Z,Mobile,Canada,Existing
USR05274,control,2026-05-01T00:00:00Z,Desktop,United States,Existing
USR05275,improved_results,2026-05-01T00:00:00Z,Desktop,United Kingdom,Existing
USR05276,improved_results,2026-05-01T00:00:00Z,Desktop,United States,Existing
USR05277,control,2026-05-01T00:00:00Z,Mobile,Canada,New
USR05278,improved_results,2026-05-01T00:00:00Z,Mobile,United States,Existing
USR05279,improved_results,2026-05-01T00:00:00Z,Mobile,Other,New
USR05280,improved_results,2026-05-01T00:00:00Z,Desktop,Canada,Existing
USR05281,control,2026-05-01T00:00:00Z,Mobile,United States,Existing
USR05282,control,2026-05-01T00:00:00Z,Mobile,Canada,Existing
USR05283,control,2026-05-01T00:00:00Z,Desktop,United States,Existing
USR05284,control,2026-05-01T00:00:00Z,Desktop,United States,Existing
USR05285,control,2026-05-01T00:00:00Z,Mobile,Other,Existing
USR05286,improved_results,2026-05-01T00:00:00Z,Desktop,United States,Existing
USR05287,control,2026-05-01T00:00:00Z,Mobile,Other,New
USR05288,control,2026-05-01T00:00:00Z,Mobile,Other,New
USR05289,improved_results,2026-05-01T00:00:00Z,Mobile,United Kingdom,Existing
USR05290,improved_results,2026-05-01T00:00:00Z,Mobile,United States,Existing
USR05291,improved_results,2026-05-01T00:00:00Z,Mobile,United States,Existing
USR05292,control,2026-05-01T00:00:00Z,Desktop,United States,New
USR05293,control,2026-05-01T00:00:00Z,Mobile,United States,Existing
USR05294,improved_results,2026-05-01T00:00:00Z,Mobile,United States,New
USR05295,control,2026-05-01T00:00:00Z,TV,Other,Existing
USR05296,control,2026-05-01T00:00:00Z,Desktop,United Kingdom,New
USR05297,control,2026-05-01T00:00:00Z,Mobile,United States,New
USR05298,improved_results,2026-05-01T00:00:00Z,Desktop,United States,Existing
USR05299,control,2026-05-01T00:00:00Z,Mobile,Other,Existing
USR05300,control,2026-05-01T00:00:00Z,Mobile,United States,Existing
USR05301,control,2026-05-01T00:00:00Z,Mobile,United States,Existing
USR05302,improved_results,2026-05-01T00:00:00Z,Mobile,United States,New
USR05303,improved_results,2026-05-01T00:00:00Z,Mobile,United States,New
USR05304,improved_results,2026-05-01T00:00:00Z,Mobile,United States,Existing
USR05305,control,2026-05-01T00:00:00Z,TV,United States,Existing
USR05306,improved_results,2026-05-01T00:00:00Z,Desktop,United States,Existing
USR05307,improved_results,2026-05-01T00:00:00Z,Desktop,United States,New
USR05308,improved_results,2026-05-01T00:00:00Z,Desktop,Canada,New
USR05309,control,2026-05-01T00:00:00Z,Mobile,United States,New
USR05310,improved_results,2026-05-01T00:00:00Z,TV,Other,New
USR05311,control,2026-05-01T00:00:00Z,Mobile,United States,Existing
USR05312,control,2026-05-01T00:00:00Z,TV,United States,Existing
USR05313,improved_results,2026-05-01T00:00:00Z,Desktop,United States,Existing
USR05314,control,2026-05-01T00:00:00Z,TV,United States,Existing
USR05315,improved_results,2026-05-01T00:00:00Z,Mobile,Other,Existing
USR05316,control,2026-05-01T00:00:00Z,Mobile,United Kingdom,Existing
USR05317,improved_results,2026-05-01T00:00:00Z,TV,Other,Existing
USR05318,improved_results,2026-05-01T00:00:00Z,Desktop,Canada,Existing
USR05319,improved_results,2026-05-01T00:00:00Z,Mobile,United States,Existing
USR05320,improved_results,2026-05-01T00:00:00Z,Mobile,United States,Existing
USR05321,improved_results,2026-05-01T00:00:00Z,Desktop,United States,Existing
USR05322,control,2026-05-01T00:00:00Z,Mobile,Canada,New
USR05323,control,2026-05-01T00:00:00Z,Desktop,Other,Existing
USR05324,control,2026-05-01T00:00:00Z,Mobile,United States,Existing
USR05325,improved_results,2026-05-01T00:00:00Z,Desktop,United States,New
USR05326,improved_results,2026-05-01T00:00:00Z,Desktop,United States,Existing
USR05327,improved_results,2026-05-01T00:00:00Z,TV,United States,Existing
USR05328,improved_results,2026-05-01T00:00:00Z,Mobile,United Kingdom,Existing
USR05329,improved_results,2026-05-01T00:00:00Z,Mobile,Other,Existing
USR05330,control,2026-05-01T00:00:00Z,Mobile,United States,Existing
USR05331,improved_results,2026-05-01T00:00:00Z,Desktop,United States,New
USR05332,improved_results,2026-05-01T00:00:00Z,Desktop,United States,Existing
USR05333,control,2026-05-01T00:00:00Z,Mobile,United States,Existing
USR05334,control,2026-05-01T00:00:00Z,Mobile,Canada,Existing
USR05335,control,2026-05-01T00:00:00Z,TV,United States,Existing
USR05336,improved_results,2026-05-01T00:00:00Z,Mobile,United States,New
USR05337,improved_results,2026-05-01T00:00:00Z,Mobile,United States,Existing
USR05338,improved_results,2026-05-01T00:00:00Z,Mobile,Other,New
USR05339,improved_results,2026-05-01T00:00:00Z,Desktop,United States,Existing
USR05340,control,2026-05-01T00:00:00Z,Mobile,United States,Existing
USR05341,improved_results,2026-05-01T00:00:00Z,Desktop,United Kingdom,Existing
USR05342,improved_results,2026-05-01T00:00:00Z,Desktop,United States,Existing
USR05343,control,2026-05-01T00:00:00Z,Mobile,United Kingdom,Existing
USR05344,improved_results,2026-05-01T00:00:00Z,TV,United States,Existing
USR05345,control,2026-05-01T00:00:00Z,Mobile,United States,Existing
USR05346,improved_results,2026-05-01T00:00:00Z,Desktop,United States,Existing
USR05347,improved_results,2026-05-01T00:00:00Z,TV,Other,Existing
USR05348,control,2026-05-01T00:00:00Z,Mobile,United Kingdom,Existing
USR05349,improved_results,2026-05-01T00:00:00Z,TV,Other,Existing
USR05350,improved_results,2026-05-01T00:00:00Z,Mobile,United States,New
USR05351,control,2026-05-01T00:00:00Z,Desktop,United States,New
USR05352,improved_results,2026-05-01T00:00:00Z,Mobile,United States,New
USR05353,control,2026-05-01T00:00:00Z,Mobile,United States,New
USR05354,improved_results,2026-05-01T00:00:00Z,Mobile,United Kingdom,Existing
USR05355,improved_results,2026-05-01T00:00:00Z,Mobile,United Kingdom,Existing
USR05356,control,2026-05-01T00:00:00Z,Mobile,United States,New
USR05357,control,2026-05-01T00:00:00Z,Desktop,United States,Existing
USR05358,improved_results,2026-05-01T00:00:00Z,Mobile,United States,Existing
USR05359,improved_results,2026-05-01T00:00:00Z,Desktop,United States,Existing
USR05360,improved_results,2026-05-01T00:00:00Z,Desktop,United States,Existing
USR05361,control,2026-05-01T00:00:00Z,Desktop,Other,Existing
USR05362,improved_results,2026-05-01T00:00:00Z,Mobile,United States,New
USR05363,improved_results,2026-05-01T00:00:00Z,Mobile,Other,Existing
USR05364,control,2026-05-01T00:00:00Z,Mobile,United States,Existing
USR05365,control,2026-05-01T00:00:00Z,Mobile,United States,Existing
USR05366,control,2026-05-01T00:00:00Z,Mobile,United States,New
USR05367,improved_results,2026-05-01T00:00:00Z,Desktop,Other,Existing
USR05368,control,2026-05-01T00:00:00Z,Mobile,United States,Existing
USR05369,control,2026-05-01T00:00:00Z,Mobile,United States,Existing
USR05370,control,2026-05-01T00:00:00Z,TV,United States,Existing
USR05371,improved_results,2026-05-01T00:00:00Z,Mobile,United States,Existing
USR05372,improved_results,2026-05-01T00:00:00Z,Mobile,Other,Existing
USR05373,control,2026-05-01T00:00:00Z,Desktop,Canada,Existing
USR05374,improved_results,2026-05-01T00:00:00Z,Mobile,United States,Existing
USR05375,improved_results,2026-05-01T00:00:00Z,TV,United States,Existing
USR05376,control,2026-05-01T00:00:00Z,Mobile,United States,New
USR05377,control,2026-05-01T00:00:00Z,Desktop,United States,New
USR05378,control,2026-05-01T00:00:00Z,Mobile,United States,Existing
USR05379,improved_results,2026-05-01T00:00:00Z,Mobile,Other,Existing
USR05380,improved_results,2026-05-01T00:00:00Z,Mobile,United States,Existing
USR05381,improved_results,2026-05-01T00:00:00Z,Mobile,United States,Existing
USR05382,control,2026-05-01T00:00:00Z,Mobile,United States,Existing
USR05383,improved_results,2026-05-01T00:00:00Z,TV,United States,Existing
USR05384,control,2026-05-01T00:00:00Z,TV,United States,New
USR05385,improved_results,2026-05-01T00:00:00Z,Mobile,United States,Existing
USR05386,control,2026-05-01T00:00:00Z,Desktop,Other,Existing
USR05387,improved_results,2026-05-01T00:00:00Z,Desktop,Other,Existing
USR05388,improved_results,2026-05-01T00:00:00Z,Desktop,United States,Existing
USR05389,control,2026-05-01T00:00:00Z,Desktop,United States,Existing
USR05390,control,2026-05-01T00:00:00Z,Desktop,United States,Existing
USR05391,control,2026-05-01T00:00:00Z,Desktop,United Kingdom,New
USR05392,improved_results,2026-05-01T00:00:00Z,Mobile,Other,New
USR05393,control,2026-05-01T00:00:00Z,TV,United States,Existing
USR05394,improved_results,2026-05-01T00:00:00Z,Mobile,Other,New
USR05395,improved_results,2026-05-01T00:00:00Z,Mobile,United Kingdom,New
USR05396,control,2026-05-01T00:00:00Z,Mobile,United States,Existing
USR05397,control,2026-05-01T00:00:00Z,Desktop,Canada,Existing
USR05398,improved_results,2026-05-01T00:00:00Z,Mobile,United States,New
USR05399,improved_results,2026-05-01T00:00:00Z,Desktop,United States,Existing
USR05400,improved_results,2026-05-01T00:00:00Z,Mobile,United States,Existing
USR05401,control,2026-05-01T00:00:00Z,Desktop,United States,New
USR05402,improved_results,2026-05-01T00:00:00Z,TV,United States,Existing
USR05403,improved_results,2026-05-01T00:00:00Z,Mobile,Other,New
USR05404,control,2026-05-01T00:00:00Z,Mobile,United States,Existing
USR05405,control,2026-05-01T00:00:00Z,Mobile,Canada,Existing
USR05406,improved_results,2026-05-01T00:00:00Z,Mobile,United States,Existing
USR05407,improved_results,2026-05-01T00:00:00Z,Mobile,United Kingdom,New
USR05408,improved_results,2026-05-01T00:00:00Z,TV,Other,Existing
USR05409,improved_results,2026-05-01T00:00:00Z,Mobile,United States,New
USR05410,improved_results,2026-05-01T00:00:00Z,Mobile,United States,Existing
USR05411,control,2026-05-01T00:00:00Z,Mobile,United States,Existing
USR05412,improved_results,2026-05-01T00:00:00Z,Desktop,United States,Existing
USR05413,control,2026-05-01T00:00:00Z,Mobile,Canada,Existing
USR05414,improved_results,2026-05-01T00:00:00Z,Mobile,United States,Existing
USR05415,control,2026-05-01T00:00:00Z,TV,Other,Existing
USR05416,improved_results,2026-05-01T00:00:00Z,Mobile,Other,New
USR05417,improved_results,2026-05-01T00:00:00Z,Desktop,United States,Existing
USR05418,control,2026-05-01T00:00:00Z,TV,Canada,Existing
USR05419,improved_results,2026-05-01T00:00:00Z,Desktop,United States,New
USR05420,improved_results,2026-05-01T00:00:00Z,Desktop,United Kingdom,New
USR05421,control,2026-05-01T00:00:00Z,Mobile,United Kingdom,Existing
USR05422,control,2026-05-01T00:00:00Z,Desktop,Canada,Existing
USR05423,improved_results,2026-05-01T00:00:00Z,Mobile,Canada,Existing
USR05424,improved_results,2026-05-01T00:00:00Z,Mobile,Canada,Existing
USR05425,improved_results,2026-05-01T00:00:00Z,Mobile,United States,Existing
USR05426,improved_results,2026-05-01T00:00:00Z,Desktop,Canada,Existing
USR05427,improved_results,2026-05-01T00:00:00Z,TV,Canada,Existing
USR05428,control,2026-05-01T00:00:00Z,Mobile,Other,Existing
USR05429,improved_results,2026-05-01T00:00:00Z,Mobile,United States,Existing
USR05430,control,2026-05-01T00:00:00Z,Mobile,United States,Existing
USR05431,control,2026-05-01T00:00:00Z,Mobile,Other,Existing
USR05432,control,2026-05-01T00:00:00Z,Mobile,United States,Existing
USR05433,control,2026-05-01T00:00:00Z,Mobile,United States,Existing
USR05434,improved_results,2026-05-01T00:00:00Z,Mobile,United States,Existing
USR05435,improved_results,2026-05-01T00:00:00Z,Mobile,United States,Existing
USR05436,improved_results,2026-05-01T00:00:00Z,Desktop,United States,Existing
USR05437,improved_results,2026-05-01T00:00:00Z,Desktop,United States,Existing
USR05438,control,2026-05-01T00:00:00Z,Mobile,Canada,New
USR05439,improved_results,2026-05-01T00:00:00Z,Mobile,United Kingdom,Existing
USR05440,improved_results,2026-05-01T00:00:00Z,TV,Other,Existing
USR05441,improved_results,2026-05-01T00:00:00Z,Desktop,United Kingdom,Existing
USR05442,control,2026-05-01T00:00:00Z,Mobile,United Kingdom,Existing
USR05443,improved_results,2026-05-01T00:00:00Z,Desktop,United States,Existing
USR05444,improved_results,2026-05-01T00:00:00Z,Desktop,Other,Existing
USR05445,control,2026-05-01T00:00:00Z,Desktop,United States,Existing
USR05446,improved_results,2026-05-01T00:00:00Z,Mobile,United States,New
USR05447,control,2026-05-01T00:00:00Z,Mobile,United Kingdom,Existing
USR05448,control,2026-05-01T00:00:00Z,Mobile,Other,Existing
USR05449,control,2026-05-01T00:00:00Z,Mobile,Canada,New
USR05450,improved_results,2026-05-01T00:00:00Z,Desktop,Canada,Existing
USR05451,improved_results,2026-05-01T00:00:00Z,Mobile,United States,Existing
USR05452,control,2026-05-01T00:00:00Z,Mobile,United Kingdom,Existing
USR05453,improved_results,2026-05-01T00:00:00Z,Mobile,United States,Existing
USR05454,improved_results,2026-05-01T00:00:00Z,Mobile,Other,New
USR05455,improved_results,2026-05-01T00:00:00Z,TV,United States,Existing
USR05456,control,2026-05-01T00:00:00Z,Mobile,United States,New
USR05457,control,2026-05-01T00:00:00Z,Mobile,United States,Existing
USR05458,control,2026-05-01T00:00:00Z,Mobile,Canada,Existing
USR05459,control,2026-05-01T00:00:00Z,Desktop,Other,Existing
USR05460,improved_results,2026-05-01T00:00:00Z,Mobile,United Kingdom,Existing
USR05461,control,2026-05-01T00:00:00Z,Mobile,Canada,Existing
USR05462,improved_results,2026-05-01T00:00:00Z,Mobile,United States,New
USR05463,improved_results,2026-05-01T00:00:00Z,Mobile,United States,New
USR05464,improved_results,2026-05-01T00:00:00Z,Mobile,United Kingdom,New
USR05465,improved_results,2026-05-01T00:00:00Z,Mobile,Canada,Existing
USR05466,improved_results,2026-05-01T00:00:00Z,Mobile,United States,Existing
USR05467,control,2026-05-01T00:00:00Z,Desktop,United States,Existing
USR05468,control,2026-05-01T00:00:00Z,Mobile,Other,Existing
USR05469,improved_results,2026-05-01T00:00:00Z,Desktop,United States,Existing
USR05470,improved_results,2026-05-01T00:00:00Z,TV,United States,Existing
USR05471,improved_results,2026-05-01T00:00:00Z,TV,United States,Existing
USR05472,control,2026-05-01T00:00:00Z,Mobile,Canada,Existing
USR05473,improved_results,2026-05-01T00:00:00Z,Mobile,United Kingdom,Existing
USR05474,improved_results,2026-05-01T00:00:00Z,Desktop,United Kingdom,New
USR05475,control,2026-05-01T00:00:00Z,Desktop,United States,New
USR05476,improved_results,2026-05-01T00:00:00Z,Desktop,United States,New
USR05477,improved_results,2026-05-01T00:00:00Z,Mobile,United States,Existing
USR05478,improved_results,2026-05-01T00:00:00Z,Desktop,United States,New
USR05479,control,2026-05-01T00:00:00Z,Desktop,United States,New
USR05480,improved_results,2026-05-01T00:00:00Z,TV,Other,New
USR05481,control,2026-05-01T00:00:00Z,Mobile,United States,Existing
USR05482,control,2026-05-01T00:00:00Z,Mobile,Other,Existing
USR05483,control,2026-05-01T00:00:00Z,Mobile,United States,Existing
USR05484,improved_results,2026-05-01T00:00:00Z,Mobile,United States,Existing
USR05485,improved_results,2026-05-01T00:00:00Z,Mobile,United States,Existing
USR05486,control,2026-05-01T00:00:00Z,Mobile,United States,New
USR05487,improved_results,2026-05-01T00:00:00Z,Mobile,United States,Existing
USR05488,improved_results,2026-05-01T00:00:00Z,Mobile,Canada,Existing
USR05489,improved_results,2026-05-01T00:00:00Z,Mobile,United Kingdom,Existing
USR05490,control,2026-05-01T00:00:00Z,Mobile,United Kingdom,Existing
USR05491,control,2026-05-01T00:00:00Z,Mobile,United States,New
USR05492,improved_results,2026-05-01T00:00:00Z,Desktop,United States,Existing
USR05493,control,2026-05-01T00:00:00Z,Mobile,United States,Existing
USR05494,control,2026-05-01T00:00:00Z,Desktop,United States,Existing
USR05495,improved_results,2026-05-01T00:00:00Z,Mobile,United States,Existing
USR05496,improved_results,2026-05-01T00:00:00Z,Desktop,Canada,Existing
USR05497,control,2026-05-01T00:00:00Z,Mobile,United Kingdom,New
USR05498,control,2026-05-01T00:00:00Z,Desktop,Canada,Existing
USR05499,control,2026-05-01T00:00:00Z,Mobile,United States,New
USR05500,improved_results,2026-05-01T00:00:00Z,Mobile,Canada,Existing
USR05501,improved_results,2026-05-01T00:00:00Z,Desktop,United States,Existing
USR05502,improved_results,2026-05-01T00:00:00Z,Mobile,United States,Existing
USR05503,improved_results,2026-05-01T00:00:00Z,Desktop,United States,Existing
USR05504,control,2026-05-01T00:00:00Z,Mobile,United States,New
USR05505,improved_results,2026-05-01T00:00:00Z,Mobile,United States,Existing
USR05506,improved_results,2026-05-01T00:00:00Z,Desktop,United States,New
USR05507,improved_results,2026-05-01T00:00:00Z,Desktop,United States,Existing
USR05508,control,2026-05-01T00:00:00Z,Desktop,Other,Existing
USR05509,improved_results,2026-05-01T00:00:00Z,TV,United States,Existing
USR05510,improved_results,2026-05-01T00:00:00Z,Desktop,Canada,Existing
USR05511,improved_results,2026-05-01T00:00:00Z,TV,United States,Existing
USR05512,control,2026-05-01T00:00:00Z,TV,Canada,New
USR05513,improved_results,2026-05-01T00:00:00Z,Mobile,United States,Existing
USR05514,improved_results,2026-05-01T00:00:00Z,Mobile,Other,New
USR05515,improved_results,2026-05-01T00:00:00Z,Mobile,United States,New
USR05516,improved_results,2026-05-01T00:00:00Z,Mobile,United States,New
USR05517,control,2026-05-01T00:00:00Z,Desktop,Canada,Existing
USR05518,control,2026-05-01T00:00:00Z,Desktop,United States,Existing
USR05519,control,2026-05-01T00:00:00Z,Mobile,United States,Existing
USR05520,improved_results,2026-05-01T00:00:00Z,Mobile,United Kingdom,Existing
USR05521,improved_results,2026-05-01T00:00:00Z,TV,United States,Existing
USR05522,control,2026-05-01T00:00:00Z,Mobile,United States,New
USR05523,improved_results,2026-05-01T00:00:00Z,Mobile,United States,Existing
USR05524,control,2026-05-01T00:00:00Z,Mobile,United States,Existing
USR05525,improved_results,2026-05-01T00:00:00Z,Desktop,United States,Existing
USR05526,control,2026-05-01T00:00:00Z,Mobile,Canada,New
USR05527,improved_results,2026-05-01T00:00:00Z,Mobile,United States,Existing
USR05528,improved_results,2026-05-01T00:00:00Z,Desktop,Canada,Existing
USR05529,improved_results,2026-05-01T00:00:00Z,Mobile,United States,Existing
USR05530,improved_results,2026-05-01T00:00:00Z,Desktop,United States,Existing
USR05531,control,2026-05-01T00:00:00Z,Desktop,Other,Existing
USR05532,improved_results,2026-05-01T00:00:00Z,Mobile,United States,Existing
USR05533,control,2026-05-01T00:00:00Z,Desktop,United Kingdom,Existing
USR05534,improved_results,2026-05-01T00:00:00Z,Mobile,Other,Existing
USR05535,control,2026-05-01T00:00:00Z,Mobile,United States,Existing
USR05536,improved_results,2026-05-01T00:00:00Z,Desktop,Other,Existing
USR05537,control,2026-05-01T00:00:00Z,Desktop,United States,Existing
USR05538,improved_results,2026-05-01T00:00:00Z,Mobile,Other,Existing
USR05539,control,2026-05-01T00:00:00Z,Desktop,United States,Existing
USR05540,improved_results,2026-05-01T00:00:00Z,Mobile,Other,Existing
USR05541,control,2026-05-01T00:00:00Z,Desktop,United Kingdom,Existing
USR05542,control,2026-05-01T00:00:00Z,Desktop,Canada,New
USR05543,improved_results,2026-05-01T00:00:00Z,TV,Other,Existing
USR05544,improved_results,2026-05-01T00:00:00Z,TV,United States,Existing
USR05545,improved_results,2026-05-01T00:00:00Z,Desktop,United Kingdom,New
USR05546,control,2026-05-01T00:00:00Z,TV,United States,Existing
USR05547,control,2026-05-01T00:00:00Z,Mobile,United States,Existing
USR05548,control,2026-05-01T00:00:00Z,Mobile,United States,Existing
USR05549,control,2026-05-01T00:00:00Z,Desktop,United States,Existing
USR05550,control,2026-05-01T00:00:00Z,Mobile,United States,Existing
USR05551,improved_results,2026-05-01T00:00:00Z,Mobile,United States,Existing
USR05552,control,2026-05-01T00:00:00Z,Mobile,United States,New
USR05553,improved_results,2026-05-01T00:00:00Z,Mobile,Other,Existing
USR05554,control,2026-05-01T00:00:00Z,Mobile,United States,Existing
USR05555,control,2026-05-01T00:00:00Z,Mobile,United States,Existing
USR05556,improved_results,2026-05-01T00:00:00Z,TV,Other,Existing
USR05557,improved_results,2026-05-01T00:00:00Z,Mobile,Other,Existing
USR05558,control,2026-05-01T00:00:00Z,Desktop,United States,Existing
USR05559,control,2026-05-01T00:00:00Z,Mobile,United States,New
USR05560,improved_results,2026-05-01T00:00:00Z,Mobile,United States,New
USR05561,control,2026-05-01T00:00:00Z,TV,United Kingdom,Existing
USR05562,improved_results,2026-05-01T00:00:00Z,Desktop,United States,Existing
USR05563,improved_results,2026-05-01T00:00:00Z,Desktop,United States,Existing
USR05564,improved_results,2026-05-01T00:00:00Z,Mobile,United States,New
USR05565,control,2026-05-01T00:00:00Z,Mobile,United States,Existing
USR05566,control,2026-05-01T00:00:00Z,Mobile,Other,Existing
USR05567,improved_results,2026-05-01T00:00:00Z,Mobile,United Kingdom,Existing
USR05568,control,2026-05-01T00:00:00Z,Desktop,United States,Existing
USR05569,control,2026-05-01T00:00:00Z,Mobile,United States,Existing
USR05570,improved_results,2026-05-01T00:00:00Z,Mobile,United States,Existing
USR05571,improved_results,2026-05-01T00:00:00Z,Mobile,United States,Existing
USR05572,control,2026-05-01T00:00:00Z,Mobile,United States,Existing
USR05573,control,2026-05-01T00:00:00Z,Mobile,United States,New
USR05574,improved_results,2026-05-01T00:00:00Z,Mobile,Canada,New
USR05575,improved_results,2026-05-01T00:00:00Z,Desktop,United States,Existing
USR05576,improved_results,2026-05-01T00:00:00Z,Mobile,United States,Existing
USR05577,control,2026-05-01T00:00:00Z,Mobile,United States,Existing
USR05578,control,2026-05-01T00:00:00Z,Mobile,United States,Existing
USR05579,improved_results,2026-05-01T00:00:00Z,TV,United States,New
USR05580,control,2026-05-01T00:00:00Z,Desktop,United States,Existing
USR05581,control,2026-05-01T00:00:00Z,Mobile,Canada,Existing
USR05582,control,2026-05-01T00:00:00Z,Mobile,Canada,Existing
USR05583,improved_results,2026-05-01T00:00:00Z,Mobile,United States,New
USR05584,control,2026-05-01T00:00:00Z,Mobile,Canada,Existing
USR05585,improved_results,2026-05-01T00:00:00Z,Desktop,United States,New
USR05586,control,2026-05-01T00:00:00Z,Mobile,United Kingdom,Existing
USR05587,control,2026-05-01T00:00:00Z,Mobile,United States,Existing
USR05588,control,2026-05-01T00:00:00Z,Mobile,United States,Existing
USR05589,control,2026-05-01T00:00:00Z,Desktop,United States,Existing
USR05590,control,2026-05-01T00:00:00Z,Desktop,Canada,Existing
USR05591,control,2026-05-01T00:00:00Z,Mobile,United States,Existing
USR05592,control,2026-05-01T00:00:00Z,Desktop,United States,New
USR05593,improved_results,2026-05-01T00:00:00Z,Mobile,United States,Existing
USR05594,control,2026-05-01T00:00:00Z,Desktop,United States,Existing
USR05595,control,2026-05-01T00:00:00Z,Desktop,United States,Existing
USR05596,improved_results,2026-05-01T00:00:00Z,Desktop,United Kingdom,Existing
USR05597,control,2026-05-01T00:00:00Z,Mobile,United States,Existing
USR05598,control,2026-05-01T00:00:00Z,Mobile,United States,Existing
USR05599,improved_results,2026-05-01T00:00:00Z,TV,United States,Existing
USR05600,improved_results,2026-05-01T00:00:00Z,Desktop,United States,New
USR05601,control,2026-05-01T00:00:00Z,Mobile,United States,Existing
USR05602,control,2026-05-01T00:00:00Z,Mobile,United Kingdom,Existing
USR05603,improved_results,2026-05-01T00:00:00Z,Mobile,United States,Existing
USR05604,improved_results,2026-05-01T00:00:00Z,Mobile,United States,Existing
USR05605,control,2026-05-01T00:00:00Z,Mobile,United States,Existing
USR05606,control,2026-05-01T00:00:00Z,Mobile,United States,New
USR05607,improved_results,2026-05-01T00:00:00Z,Mobile,United States,Existing
USR05608,control,2026-05-01T00:00:00Z,Desktop,United States,New
USR05609,improved_results,2026-05-01T00:00:00Z,Mobile,Other,New
USR05610,improved_results,2026-05-01T00:00:00Z,Mobile,Canada,New
USR05611,control,2026-05-01T00:00:00Z,Desktop,United States,New
USR05612,control,2026-05-01T00:00:00Z,Mobile,United States,Existing
USR05613,control,2026-05-01T00:00:00Z,Desktop,United States,Existing
USR05614,improved_results,2026-05-01T00:00:00Z,Desktop,Other,New
USR05615,improved_results,2026-05-01T00:00:00Z,Desktop,United States,Existing
USR05616,improved_results,2026-05-01T00:00:00Z,TV,United States,Existing
USR05617,improved_results,2026-05-01T00:00:00Z,Mobile,United States,Existing
USR05618,improved_results,2026-05-01T00:00:00Z,Mobile,Canada,New
USR05619,control,2026-05-01T00:00:00Z,Mobile,United Kingdom,Existing
USR05620,control,2026-05-01T00:00:00Z,Mobile,United States,Existing
USR05621,improved_results,2026-05-01T00:00:00Z,TV,United States,Existing
USR05622,control,2026-05-01T00:00:00Z,Mobile,United States,New
USR05623,control,2026-05-01T00:00:00Z,Mobile,Canada,New
USR05624,control,2026-05-01T00:00:00Z,Mobile,Canada,Existing
USR05625,control,2026-05-01T00:00:00Z,Mobile,United States,Existing
USR05626,improved_results,2026-05-01T00:00:00Z,Desktop,United States,Existing
USR05627,control,2026-05-01T00:00:00Z,Mobile,Other,Existing
USR05628,improved_results,2026-05-01T00:00:00Z,Mobile,Other,Existing
USR05629,improved_results,2026-05-01T00:00:00Z,Mobile,United States,Existing
USR05630,control,2026-05-01T00:00:00Z,Desktop,United Kingdom,Existing
USR05631,control,2026-05-01T00:00:00Z,Mobile,Canada,Existing
USR05632,improved_results,2026-05-01T00:00:00Z,TV,Other,Existing
USR05633,control,2026-05-01T00:00:00Z,Mobile,United States,Existing
USR05634,control,2026-05-01T00:00:00Z,Mobile,United Kingdom,Existing
USR05635,improved_results,2026-05-01T00:00:00Z,Mobile,United States,Existing
USR05636,control,2026-05-01T00:00:00Z,Desktop,United States,New
USR05637,improved_results,2026-05-01T00:00:00Z,Mobile,United Kingdom,New
USR05638,control,2026-05-01T00:00:00Z,Mobile,Canada,Existing
USR05639,improved_results,2026-05-01T00:00:00Z,TV,United Kingdom,Existing
USR05640,improved_results,2026-05-01T00:00:00Z,Desktop,United States,Existing
USR05641,control,2026-05-01T00:00:00Z,Mobile,United States,Existing
USR05642,improved_results,2026-05-01T00:00:00Z,Desktop,United States,New
USR05643,improved_results,2026-05-01T00:00:00Z,Desktop,United States,Existing
USR05644,control,2026-05-01T00:00:00Z,Desktop,United Kingdom,Existing
USR05645,control,2026-05-01T00:00:00Z,TV,Canada,Existing
USR05646,control,2026-05-01T00:00:00Z,Desktop,United States,Existing
USR05647,improved_results,2026-05-01T00:00:00Z,Desktop,Canada,Existing
USR05648,improved_results,2026-05-01T00:00:00Z,TV,United Kingdom,Existing
USR05649,control,2026-05-01T00:00:00Z,Mobile,Canada,Existing
USR05650,improved_results,2026-05-01T00:00:00Z,Mobile,United States,New
USR05651,improved_results,2026-05-01T00:00:00Z,Desktop,United States,Existing
USR05652,improved_results,2026-05-01T00:00:00Z,TV,United States,Existing
USR05653,improved_results,2026-05-01T00:00:00Z,Mobile,United States,Existing
USR05654,control,2026-05-01T00:00:00Z,Mobile,Other,New
USR05655,control,2026-05-01T00:00:00Z,TV,United Kingdom,New
USR05656,control,2026-05-01T00:00:00Z,Mobile,United States,Existing
USR05657,improved_results,2026-05-01T00:00:00Z,Mobile,United States,Existing
USR05658,control,2026-05-01T00:00:00Z,Mobile,United States,New
USR05659,improved_results,2026-05-01T00:00:00Z,Mobile,Other,Existing
USR05660,improved_results,2026-05-01T00:00:00Z,Desktop,Canada,Existing
USR05661,control,2026-05-01T00:00:00Z,Mobile,United Kingdom,Existing
USR05662,control,2026-05-01T00:00:00Z,Mobile,Other,Existing
USR05663,improved_results,2026-05-01T00:00:00Z,Mobile,United States,New
USR05664,improved_results,2026-05-01T00:00:00Z,Mobile,Other,Existing
USR05665,improved_results,2026-05-01T00:00:00Z,Mobile,United States,New
USR05666,improved_results,2026-05-01T00:00:00Z,TV,United Kingdom,Existing
USR05667,control,2026-05-01T00:00:00Z,Mobile,United States,Existing
USR05668,improved_results,2026-05-01T00:00:00Z,Mobile,United States,Existing
USR05669,control,2026-05-01T00:00:00Z,Desktop,United States,New
USR05670,control,2026-05-01T00:00:00Z,Mobile,United States,Existing
USR05671,control,2026-05-01T00:00:00Z,Mobile,Canada,Existing
USR05672,improved_results,2026-05-01T00:00:00Z,Mobile,Canada,Existing
USR05673,control,2026-05-01T00:00:00Z,Desktop,United States,New
USR05674,control,2026-05-01T00:00:00Z,Mobile,Canada,Existing
USR05675,improved_results,2026-05-01T00:00:00Z,Desktop,United States,New
USR05676,control,2026-05-01T00:00:00Z,Mobile,Canada,Existing
USR05677,improved_results,2026-05-01T00:00:00Z,Desktop,United States,Existing
USR05678,improved_results,2026-05-01T00:00:00Z,Desktop,United States,Existing
USR05679,control,2026-05-01T00:00:00Z,Desktop,Canada,Existing
USR05680,improved_results,2026-05-01T00:00:00Z,TV,Canada,Existing
USR05681,improved_results,2026-05-01T00:00:00Z,Desktop,United States,Existing
USR05682,control,2026-05-01T00:00:00Z,Mobile,United States,Existing
USR05683,improved_results,2026-05-01T00:00:00Z,Mobile,United States,Existing
USR05684,improved_results,2026-05-01T00:00:00Z,Mobile,Other,Existing
USR05685,improved_results,2026-05-01T00:00:00Z,Mobile,United Kingdom,Existing
USR05686,control,2026-05-01T00:00:00Z,TV,Other,Existing
USR05687,control,2026-05-01T00:00:00Z,Mobile,Other,New
USR05688,control,2026-05-01T00:00:00Z,Desktop,United States,Existing
USR05689,control,2026-05-01T00:00:00Z,Mobile,Canada,Existing
USR05690,improved_results,2026-05-01T00:00:00Z,Mobile,United States,New
USR05691,improved_results,2026-05-01T00:00:00Z,Mobile,United States,Existing
USR05692,control,2026-05-01T00:00:00Z,Mobile,United States,Existing
USR05693,improved_results,2026-05-01T00:00:00Z,Desktop,United Kingdom,Existing
USR05694,improved_results,2026-05-01T00:00:00Z,Mobile,United States,Existing
USR05695,improved_results,2026-05-01T00:00:00Z,TV,United Kingdom,Existing
USR05696,control,2026-05-01T00:00:00Z,Mobile,Canada,Existing
USR05697,control,2026-05-01T00:00:00Z,Mobile,United States,New
USR05698,improved_results,2026-05-01T00:00:00Z,Desktop,United States,Existing
USR05699,improved_results,2026-05-01T00:00:00Z,Mobile,United Kingdom,Existing
USR05700,improved_results,2026-05-01T00:00:00Z,TV,United States,Existing
USR05701,control,2026-05-01T00:00:00Z,Mobile,Canada,Existing
USR05702,control,2026-05-01T00:00:00Z,TV,United States,Existing
USR05703,control,2026-05-01T00:00:00Z,Mobile,Other,New
USR05704,improved_results,2026-05-01T00:00:00Z,Desktop,United Kingdom,New
USR05705,control,2026-05-01T00:00:00Z,Mobile,Canada,Existing
USR05706,improved_results,2026-05-01T00:00:00Z,Desktop,United States,New
USR05707,control,2026-05-01T00:00:00Z,Desktop,Other,Existing
USR05708,improved_results,2026-05-01T00:00:00Z,Mobile,United States,Existing
USR05709,control,2026-05-01T00:00:00Z,Desktop,Canada,New
USR05710,control,2026-05-01T00:00:00Z,Desktop,United States,Existing
USR05711,improved_results,2026-05-01T00:00:00Z,Mobile,United States,Existing
USR05712,improved_results,2026-05-01T00:00:00Z,Mobile,United Kingdom,Existing
USR05713,control,2026-05-01T00:00:00Z,TV,United States,New
USR05714,improved_results,2026-05-01T00:00:00Z,Mobile,United States,New
USR05715,control,2026-05-01T00:00:00Z,Mobile,Other,Existing
USR05716,control,2026-05-01T00:00:00Z,Mobile,Other,Existing
USR05717,improved_results,2026-05-01T00:00:00Z,TV,Canada,Existing
USR05718,control,2026-05-01T00:00:00Z,Mobile,Other,New
USR05719,improved_results,2026-05-01T00:00:00Z,Mobile,United Kingdom,Existing
USR05720,improved_results,2026-05-01T00:00:00Z,Desktop,Canada,Existing
USR05721,control,2026-05-01T00:00:00Z,Mobile,United States,New
USR05722,improved_results,2026-05-01T00:00:00Z,Mobile,United States,Existing
USR05723,improved_results,2026-05-01T00:00:00Z,Mobile,United States,Existing
USR05724,control,2026-05-01T00:00:00Z,Mobile,Canada,Existing
USR05725,control,2026-05-01T00:00:00Z,Desktop,United States,Existing
USR05726,improved_results,2026-05-01T00:00:00Z,Mobile,United States,New
USR05727,improved_results,2026-05-01T00:00:00Z,Desktop,United States,Existing
USR05728,improved_results,2026-05-01T00:00:00Z,Mobile,United States,New
USR05729,control,2026-05-01T00:00:00Z,Mobile,United States,Existing
USR05730,improved_results,2026-05-01T00:00:00Z,Desktop,United States,Existing
USR05731,improved_results,2026-05-01T00:00:00Z,Mobile,United States,Existing
USR05732,control,2026-05-01T00:00:00Z,Mobile,United States,Existing
USR05733,control,2026-05-01T00:00:00Z,TV,United States,Existing
USR05734,improved_results,2026-05-01T00:00:00Z,Mobile,United States,Existing
USR05735,control,2026-05-01T00:00:00Z,Mobile,Canada,Existing
USR05736,improved_results,2026-05-01T00:00:00Z,Desktop,Other,Existing
USR05737,improved_results,2026-05-01T00:00:00Z,Desktop,Canada,Existing
USR05738,control,2026-05-01T00:00:00Z,Mobile,United States,New
USR05739,improved_results,2026-05-01T00:00:00Z,Mobile,United Kingdom,Existing
USR05740,improved_results,2026-05-01T00:00:00Z,Desktop,Other,New
USR05741,control,2026-05-01T00:00:00Z,Mobile,United States,New
USR05742,control,2026-05-01T00:00:00Z,Desktop,United States,Existing
USR05743,control,2026-05-01T00:00:00Z,Mobile,United States,Existing
USR05744,control,2026-05-01T00:00:00Z,Mobile,United States,Existing
USR05745,control,2026-05-01T00:00:00Z,Mobile,United States,New
USR05746,improved_results,2026-05-01T00:00:00Z,Mobile,United States,Existing
USR05747,improved_results,2026-05-01T00:00:00Z,Mobile,United States,New
USR05748,control,2026-05-01T00:00:00Z,Mobile,United States,Existing
USR05749,improved_results,2026-05-01T00:00:00Z,Mobile,United Kingdom,Existing
USR05750,improved_results,2026-05-01T00:00:00Z,TV,United States,Existing
USR05751,control,2026-05-01T00:00:00Z,Desktop,United Kingdom,Existing
USR05752,control,2026-05-01T00:00:00Z,Mobile,United States,New
USR05753,improved_results,2026-05-01T00:00:00Z,Desktop,United States,Existing
USR05754,improved_results,2026-05-01T00:00:00Z,Desktop,United Kingdom,New
USR05755,improved_results,2026-05-01T00:00:00Z,Desktop,United States,Existing
USR05756,control,2026-05-01T00:00:00Z,Desktop,Other,Existing
USR05757,control,2026-05-01T00:00:00Z,Mobile,Other,New
USR05758,improved_results,2026-05-01T00:00:00Z,Desktop,United States,New
USR05759,improved_results,2026-05-01T00:00:00Z,Mobile,Canada,Existing
USR05760,control,2026-05-01T00:00:00Z,Mobile,Canada,New
USR05761,control,2026-05-01T00:00:00Z,TV,United States,Existing
USR05762,control,2026-05-01T00:00:00Z,Mobile,United States,Existing
USR05763,control,2026-05-01T00:00:00Z,Desktop,Canada,Existing
USR05764,improved_results,2026-05-01T00:00:00Z,Mobile,United Kingdom,Existing
USR05765,control,2026-05-01T00:00:00Z,Mobile,United States,New
USR05766,improved_results,2026-05-01T00:00:00Z,Mobile,United Kingdom,Existing
USR05767,control,2026-05-01T00:00:00Z,Mobile,United States,Existing
USR05768,control,2026-05-01T00:00:00Z,Desktop,United States,Existing
USR05769,control,2026-05-01T00:00:00Z,TV,United States,Existing
USR05770,control,2026-05-01T00:00:00Z,Mobile,United States,Existing
USR05771,improved_results,2026-05-01T00:00:00Z,Mobile,United States,Existing
USR05772,control,2026-05-01T00:00:00Z,Mobile,United States,Existing
USR05773,control,2026-05-01T00:00:00Z,Desktop,United Kingdom,Existing
USR05774,control,2026-05-01T00:00:00Z,TV,United States,Existing
USR05775,improved_results,2026-05-01T00:00:00Z,TV,Other,New
USR05776,improved_results,2026-05-01T00:00:00Z,Mobile,Canada,New
USR05777,control,2026-05-01T00:00:00Z,Desktop,Canada,New
USR05778,improved_results,2026-05-01T00:00:00Z,Mobile,United States,Existing
USR05779,control,2026-05-01T00:00:00Z,Mobile,United States,New
USR05780,control,2026-05-01T00:00:00Z,Desktop,United States,Existing
USR05781,improved_results,2026-05-01T00:00:00Z,Desktop,Other,New
USR05782,control,2026-05-01T00:00:00Z,Mobile,United States,Existing
USR05783,control,2026-05-01T00:00:00Z,Mobile,Other,Existing
USR05784,control,2026-05-01T00:00:00Z,Mobile,United States,Existing
USR05785,control,2026-05-01T00:00:00Z,Mobile,Canada,Existing
USR05786,improved_results,2026-05-01T00:00:00Z,Desktop,United States,Existing
USR05787,control,2026-05-01T00:00:00Z,TV,United States,Existing
USR05788,improved_results,2026-05-01T00:00:00Z,Mobile,United States,Existing
USR05789,improved_results,2026-05-01T00:00:00Z,TV,Canada,Existing
USR05790,improved_results,2026-05-01T00:00:00Z,Desktop,United States,New
USR05791,improved_results,2026-05-01T00:00:00Z,Mobile,United States,Existing
USR05792,control,2026-05-01T00:00:00Z,Desktop,United States,Existing
USR05793,control,2026-05-01T00:00:00Z,TV,Other,Existing
USR05794,improved_results,2026-05-01T00:00:00Z,Mobile,United States,New
USR05795,control,2026-05-01T00:00:00Z,Mobile,Canada,Existing
USR05796,control,2026-05-01T00:00:00Z,Mobile,United Kingdom,Existing
USR05797,improved_results,2026-05-01T00:00:00Z,Desktop,United States,New
USR05798,control,2026-05-01T00:00:00Z,TV,United States,Existing
USR05799,improved_results,2026-05-01T00:00:00Z,Desktop,Other,Existing
USR05800,improved_results,2026-05-01T00:00:00Z,Desktop,Other,Existing
USR05801,improved_results,2026-05-01T00:00:00Z,Mobile,United States,Existing
USR05802,control,2026-05-01T00:00:00Z,Mobile,United States,New
USR05803,improved_results,2026-05-01T00:00:00Z,Mobile,Other,New
USR05804,improved_results,2026-05-01T00:00:00Z,Mobile,Other,Existing
USR05805,control,2026-05-01T00:00:00Z,Mobile,United States,New
USR05806,improved_results,2026-05-01T00:00:00Z,Desktop,United Kingdom,Existing
USR05807,control,2026-05-01T00:00:00Z,Mobile,Other,New
USR05808,improved_results,2026-05-01T00:00:00Z,TV,United States,New
USR05809,control,2026-05-01T00:00:00Z,Mobile,Canada,Existing
USR05810,control,2026-05-01T00:00:00Z,TV,Other,New
USR05811,control,2026-05-01T00:00:00Z,Mobile,United Kingdom,Existing
USR05812,improved_results,2026-05-01T00:00:00Z,Mobile,United States,Existing
USR05813,improved_results,2026-05-01T00:00:00Z,Mobile,United States,Existing
USR05814,control,2026-05-01T00:00:00Z,Desktop,United States,Existing
USR05815,improved_results,2026-05-01T00:00:00Z,Mobile,United States,Existing
USR05816,control,2026-05-01T00:00:00Z,Desktop,Canada,Existing
USR05817,control,2026-05-01T00:00:00Z,Mobile,United States,Existing
USR05818,improved_results,2026-05-01T00:00:00Z,Desktop,Canada,Existing
USR05819,improved_results,2026-05-01T00:00:00Z,TV,United States,Existing
USR05820,control,2026-05-01T00:00:00Z,Desktop,United States,New
USR05821,control,2026-05-01T00:00:00Z,Mobile,United States,Existing
USR05822,control,2026-05-01T00:00:00Z,Desktop,United States,New
USR05823,improved_results,2026-05-01T00:00:00Z,Mobile,United States,New
USR05824,improved_results,2026-05-01T00:00:00Z,Desktop,United States,Existing
USR05825,improved_results,2026-05-01T00:00:00Z,TV,United Kingdom,New
USR05826,control,2026-05-01T00:00:00Z,TV,Other,New
USR05827,improved_results,2026-05-01T00:00:00Z,Mobile,Other,Existing
USR05828,control,2026-05-01T00:00:00Z,Mobile,United States,Existing
USR05829,control,2026-05-01T00:00:00Z,TV,United States,Existing
USR05830,improved_results,2026-05-01T00:00:00Z,TV,United States,Existing
USR05831,improved_results,2026-05-01T00:00:00Z,Desktop,United Kingdom,New
USR05832,improved_results,2026-05-01T00:00:00Z,Mobile,United States,Existing
USR05833,improved_results,2026-05-01T00:00:00Z,TV,United States,Existing
USR05834,control,2026-05-01T00:00:00Z,Mobile,United States,Existing
USR05835,improved_results,2026-05-01T00:00:00Z,Mobile,United States,New
USR05836,control,2026-05-01T00:00:00Z,Mobile,United Kingdom,Existing
USR05837,improved_results,2026-05-01T00:00:00Z,Desktop,Canada,Existing
USR05838,control,2026-05-01T00:00:00Z,Mobile,United States,Existing
USR05839,control,2026-05-01T00:00:00Z,TV,United Kingdom,Existing
USR05840,control,2026-05-01T00:00:00Z,TV,United States,New
USR05841,control,2026-05-01T00:00:00Z,TV,United Kingdom,New
USR05842,improved_results,2026-05-01T00:00:00Z,Mobile,United States,New
USR05843,improved_results,2026-05-01T00:00:00Z,Desktop,United States,Existing
USR05844,control,2026-05-01T00:00:00Z,Mobile,Other,New
USR05845,control,2026-05-01T00:00:00Z,Mobile,United States,New
USR05846,control,2026-05-01T00:00:00Z,Mobile,United States,Existing
USR05847,control,2026-05-01T00:00:00Z,Desktop,Other,Existing
USR05848,control,2026-05-01T00:00:00Z,Desktop,United States,Existing
USR05849,control,2026-05-01T00:00:00Z,Desktop,United States,Existing
USR05850,control,2026-05-01T00:00:00Z,Mobile,Other,Existing
USR05851,improved_results,2026-05-01T00:00:00Z,TV,United Kingdom,Existing
USR05852,improved_results,2026-05-01T00:00:00Z,TV,United Kingdom,New
USR05853,improved_results,2026-05-01T00:00:00Z,Desktop,Other,New
USR05854,control,2026-05-01T00:00:00Z,TV,United States,Existing
USR05855,control,2026-05-01T00:00:00Z,Desktop,Canada,Existing
USR05856,control,2026-05-01T00:00:00Z,Mobile,United Kingdom,Existing
USR05857,improved_results,2026-05-01T00:00:00Z,Mobile,United Kingdom,New
USR05858,control,2026-05-01T00:00:00Z,Desktop,United States,Existing
USR05859,improved_results,2026-05-01T00:00:00Z,Mobile,United States,Existing
USR05860,control,2026-05-01T00:00:00Z,Mobile,United States,Existing
USR05861,control,2026-05-01T00:00:00Z,Desktop,United Kingdom,Existing
USR05862,improved_results,2026-05-01T00:00:00Z,Desktop,United Kingdom,Existing
USR05863,improved_results,2026-05-01T00:00:00Z,Mobile,United States,Existing
USR05864,control,2026-05-01T00:00:00Z,TV,Other,New
USR05865,control,2026-05-01T00:00:00Z,Mobile,Canada,New
USR05866,control,2026-05-01T00:00:00Z,Mobile,United States,Existing
USR05867,control,2026-05-01T00:00:00Z,Mobile,United States,New
USR05868,improved_results,2026-05-01T00:00:00Z,Mobile,Other,New
USR05869,improved_results,2026-05-01T00:00:00Z,Mobile,United States,Existing
USR05870,control,2026-05-01T00:00:00Z,Mobile,United States,New
USR05871,control,2026-05-01T00:00:00Z,Mobile,Canada,Existing
USR05872,improved_results,2026-05-01T00:00:00Z,Mobile,Canada,Existing
USR05873,improved_results,2026-05-01T00:00:00Z,Mobile,United States,New
USR05874,control,2026-05-01T00:00:00Z,Desktop,United States,New
USR05875,control,2026-05-01T00:00:00Z,Desktop,Canada,New
USR05876,control,2026-05-01T00:00:00Z,Mobile,Other,Existing
USR05877,control,2026-05-01T00:00:00Z,TV,United States,New
USR05878,control,2026-05-01T00:00:00Z,Mobile,United Kingdom,Existing
USR05879,control,2026-05-01T00:00:00Z,TV,Other,Existing
USR05880,control,2026-05-01T00:00:00Z,Mobile,United States,Existing
USR05881,control,2026-05-01T00:00:00Z,Mobile,United States,Existing
USR05882,control,2026-05-01T00:00:00Z,TV,United States,Existing
USR05883,improved_results,2026-05-01T00:00:00Z,Mobile,Canada,Existing
USR05884,control,2026-05-01T00:00:00Z,Mobile,Other,Existing
USR05885,improved_results,2026-05-01T00:00:00Z,TV,Other,New
USR05886,control,2026-05-01T00:00:00Z,Mobile,United Kingdom,Existing
USR05887,improved_results,2026-05-01T00:00:00Z,Mobile,United States,Existing
USR05888,control,2026-05-01T00:00:00Z,Mobile,United States,New
USR05889,control,2026-05-01T00:00:00Z,Mobile,United States,Existing
USR05890,control,2026-05-01T00:00:00Z,Desktop,United States,Existing
USR05891,improved_results,2026-05-01T00:00:00Z,Mobile,United States,Existing
USR05892,improved_results,2026-05-01T00:00:00Z,Mobile,Other,New
USR05893,improved_results,2026-05-01T00:00:00Z,Mobile,United States,Existing
USR05894,control,2026-05-01T00:00:00Z,Desktop,United States,Existing
USR05895,control,2026-05-01T00:00:00Z,Desktop,United States,Existing
USR05896,improved_results,2026-05-01T00:00:00Z,Mobile,United States,Existing
USR05897,improved_results,2026-05-01T00:00:00Z,Mobile,Other,New
USR05898,control,2026-05-01T00:00:00Z,Mobile,Other,Existing
USR05899,control,2026-05-01T00:00:00Z,Mobile,Other,Existing
USR05900,improved_results,2026-05-01T00:00:00Z,Desktop,United States,Existing
USR05901,control,2026-05-01T00:00:00Z,Mobile,United States,Existing
USR05902,improved_results,2026-05-01T00:00:00Z,Desktop,Canada,Existing
USR05903,control,2026-05-01T00:00:00Z,Mobile,United States,Existing
USR05904,control,2026-05-01T00:00:00Z,TV,United States,New
USR05905,control,2026-05-01T00:00:00Z,Mobile,Other,Existing
USR05906,improved_results,2026-05-01T00:00:00Z,Mobile,United Kingdom,Existing
USR05907,control,2026-05-01T00:00:00Z,Mobile,United States,New
USR05908,improved_results,2026-05-01T00:00:00Z,TV,United States,Existing
USR05909,control,2026-05-01T00:00:00Z,Desktop,United Kingdom,Existing
USR05910,improved_results,2026-05-01T00:00:00Z,Desktop,United States,Existing
USR05911,control,2026-05-01T00:00:00Z,Mobile,United States,New
USR05912,control,2026-05-01T00:00:00Z,Desktop,Canada,New
USR05913,improved_results,2026-05-01T00:00:00Z,TV,United Kingdom,Existing
USR05914,improved_results,2026-05-01T00:00:00Z,Desktop,United States,Existing
USR05915,control,2026-05-01T00:00:00Z,Mobile,United States,New
USR05916,control,2026-05-01T00:00:00Z,TV,United States,Existing
USR05917,control,2026-05-01T00:00:00Z,Mobile,Other,Existing
USR05918,control,2026-05-01T00:00:00Z,Desktop,United States,Existing
USR05919,control,2026-05-01T00:00:00Z,Mobile,Other,Existing
USR05920,improved_results,2026-05-01T00:00:00Z,Mobile,Canada,Existing
USR05921,improved_results,2026-05-01T00:00:00Z,Mobile,United States,Existing
USR05922,control,2026-05-01T00:00:00Z,TV,Other,Existing
USR05923,improved_results,2026-05-01T00:00:00Z,Mobile,United States,Existing
USR05924,improved_results,2026-05-01T00:00:00Z,Mobile,Other,Existing
USR05925,improved_results,2026-05-01T00:00:00Z,Mobile,United States,New
USR05926,improved_results,2026-05-01T00:00:00Z,Mobile,United States,New
USR05927,improved_results,2026-05-01T00:00:00Z,Mobile,United States,Existing
USR05928,improved_results,2026-05-01T00:00:00Z,Desktop,United Kingdom,Existing
USR05929,control,2026-05-01T00:00:00Z,Mobile,United States,New
USR05930,control,2026-05-01T00:00:00Z,Desktop,United States,New
USR05931,improved_results,2026-05-01T00:00:00Z,Mobile,United States,Existing
USR05932,control,2026-05-01T00:00:00Z,Mobile,United States,New
USR05933,control,2026-05-01T00:00:00Z,Mobile,United States,New
USR05934,improved_results,2026-05-01T00:00:00Z,TV,Other,Existing
USR05935,control,2026-05-01T00:00:00Z,Mobile,United States,Existing
USR05936,improved_results,2026-05-01T00:00:00Z,Mobile,United Kingdom,Existing
USR05937,control,2026-05-01T00:00:00Z,Mobile,United States,Existing
USR05938,control,2026-05-01T00:00:00Z,Mobile,United States,New
USR05939,improved_results,2026-05-01T00:00:00Z,Desktop,Canada,Existing
USR05940,improved_results,2026-05-01T00:00:00Z,TV,United States,New
USR05941,improved_results,2026-05-01T00:00:00Z,Desktop,United States,Existing
USR05942,control,2026-05-01T00:00:00Z,Mobile,United States,Existing
USR05943,improved_results,2026-05-01T00:00:00Z,Desktop,United Kingdom,Existing
USR05944,improved_results,2026-05-01T00:00:00Z,Mobile,United States,Existing
USR05945,improved_results,2026-05-01T00:00:00Z,Mobile,United States,Existing
USR05946,control,2026-05-01T00:00:00Z,Mobile,United States,New
USR05947,control,2026-05-01T00:00:00Z,Desktop,United States,Existing
USR05948,improved_results,2026-05-01T00:00:00Z,Desktop,United States,Existing
USR05949,control,2026-05-01T00:00:00Z,TV,United Kingdom,Existing
USR05950,control,2026-05-01T00:00:00Z,Desktop,United States,Existing
USR05951,control,2026-05-01T00:00:00Z,Desktop,United States,Existing
USR05952,improved_results,2026-05-01T00:00:00Z,Mobile,United States,Existing
USR05953,control,2026-05-01T00:00:00Z,Desktop,United States,Existing
USR05954,control,2026-05-01T00:00:00Z,Desktop,United States,Existing
USR05955,improved_results,2026-05-01T00:00:00Z,Mobile,United States,Existing
USR05956,improved_results,2026-05-01T00:00:00Z,Desktop,United Kingdom,Existing
USR05957,improved_results,2026-05-01T00:00:00Z,Mobile,United States,Existing
USR05958,improved_results,2026-05-01T00:00:00Z,Desktop,United States,New
USR05959,improved_results,2026-05-01T00:00:00Z,Mobile,United States,Existing
USR05960,control,2026-05-01T00:00:00Z,Mobile,Other,Existing
USR05961,improved_results,2026-05-01T00:00:00Z,Desktop,United States,Existing
USR05962,control,2026-05-01T00:00:00Z,Mobile,Other,Existing
USR05963,improved_results,2026-05-01T00:00:00Z,Mobile,Other,Existing
USR05964,improved_results,2026-05-01T00:00:00Z,Mobile,United States,Existing
USR05965,improved_results,2026-05-01T00:00:00Z,TV,United States,New
USR05966,control,2026-05-01T00:00:00Z,TV,United States,Existing
USR05967,control,2026-05-01T00:00:00Z,TV,Other,New
USR05968,control,2026-05-01T00:00:00Z,Mobile,United States,Existing
USR05969,improved_results,2026-05-01T00:00:00Z,Mobile,United Kingdom,Existing
USR05970,improved_results,2026-05-01T00:00:00Z,Mobile,United States,Existing
USR05971,control,2026-05-01T00:00:00Z,Mobile,United States,Existing
USR05972,improved_results,2026-05-01T00:00:00Z,Desktop,United States,Existing
USR05973,control,2026-05-01T00:00:00Z,Mobile,United States,New
USR05974,improved_results,2026-05-01T00:00:00Z,Mobile,United States,Existing
USR05975,control,2026-05-01T00:00:00Z,Mobile,United States,Existing
USR05976,improved_results,2026-05-01T00:00:00Z,TV,United States,New
USR05977,control,2026-05-01T00:00:00Z,TV,United Kingdom,Existing
USR05978,improved_results,2026-05-01T00:00:00Z,Mobile,Other,Existing
USR05979,improved_results,2026-05-01T00:00:00Z,Mobile,United States,Existing
USR05980,improved_results,2026-05-01T00:00:00Z,Mobile,United States,New
USR05981,improved_results,2026-05-01T00:00:00Z,Mobile,Canada,Existing
USR05982,improved_results,2026-05-01T00:00:00Z,Mobile,Canada,Existing
USR05983,control,2026-05-01T00:00:00Z,Mobile,United States,Existing
USR05984,improved_results,2026-05-01T00:00:00Z,Mobile,United States,Existing
USR05985,improved_results,2026-05-01T00:00:00Z,Desktop,United States,Existing
USR05986,control,2026-05-01T00:00:00Z,Mobile,Canada,Existing
USR05987,improved_results,2026-05-01T00:00:00Z,Mobile,United States,Existing
USR05988,improved_results,2026-05-01T00:00:00Z,Mobile,United States,New
USR05989,control,2026-05-01T00:00:00Z,Mobile,United States,Existing
USR05990,improved_results,2026-05-01T00:00:00Z,TV,United States,Existing
USR05991,improved_results,2026-05-01T00:00:00Z,TV,Canada,Existing
USR05992,improved_results,2026-05-01T00:00:00Z,Desktop,United States,Existing
USR05993,control,2026-05-01T00:00:00Z,Mobile,Canada,Existing
USR05994,control,2026-05-01T00:00:00Z,Desktop,Canada,New
USR05995,improved_results,2026-05-01T00:00:00Z,TV,United States,New
USR05996,control,2026-05-01T00:00:00Z,Mobile,United States,New
USR05997,improved_results,2026-05-01T00:00:00Z,Desktop,United States,Existing
USR05998,control,2026-05-01T00:00:00Z,Mobile,United States,Existing
USR05999,control,2026-05-01T00:00:00Z,Mobile,United States,Existing
USR06000,improved_results,2026-05-01T00:00:00Z,Mobile,Other,Existing
USR06001,improved_results,2026-05-01T00:00:00Z,TV,United States,Existing
USR06002,improved_results,2026-05-01T00:00:00Z,Desktop,United States,Existing
USR06003,control,2026-05-01T00:00:00Z,Mobile,United States,Existing
USR06004,control,2026-05-01T00:00:00Z,Mobile,Other,New
USR06005,control,2026-05-01T00:00:00Z,Desktop,United States,Existing
USR06006,control,2026-05-01T00:00:00Z,Mobile,Canada,New
USR06007,improved_results,2026-05-01T00:00:00Z,Mobile,Canada,Existing
USR06008,control,2026-05-01T00:00:00Z,TV,United States,Existing
USR06009,control,2026-05-01T00:00:00Z,Desktop,United Kingdom,New
USR06010,improved_results,2026-05-01T00:00:00Z,Desktop,United States,Existing
USR06011,control,2026-05-01T00:00:00Z,Mobile,United States,New
USR06012,improved_results,2026-05-01T00:00:00Z,Mobile,United Kingdom,New
USR06013,control,2026-05-01T00:00:00Z,Mobile,Canada,Existing
USR06014,improved_results,2026-05-01T00:00:00Z,Mobile,Other,Existing
USR06015,improved_results,2026-05-01T00:00:00Z,Desktop,United States,Existing
USR06016,improved_results,2026-05-01T00:00:00Z,Desktop,United States,Existing
USR06017,improved_results,2026-05-01T00:00:00Z,Mobile,United States,Existing
USR06018,improved_results,2026-05-01T00:00:00Z,Mobile,United States,Existing
USR06019,improved_results,2026-05-01T00:00:00Z,Mobile,United States,New
USR06020,improved_results,2026-05-01T00:00:00Z,Mobile,United States,Existing
USR06021,control,2026-05-01T00:00:00Z,Mobile,United States,Existing
USR06022,improved_results,2026-05-01T00:00:00Z,Mobile,United States,Existing
USR06023,improved_results,2026-05-01T00:00:00Z,Mobile,United States,Existing
USR06024,improved_results,2026-05-01T00:00:00Z,Mobile,United States,New
USR06025,improved_results,2026-05-01T00:00:00Z,Mobile,United States,Existing
USR06026,control,2026-05-01T00:00:00Z,Desktop,United States,Existing
USR06027,control,2026-05-01T00:00:00Z,Mobile,Canada,Existing
USR06028,control,2026-05-01T00:00:00Z,Mobile,United States,Existing
USR06029,control,2026-05-01T00:00:00Z,Desktop,United States,Existing
USR06030,improved_results,2026-05-01T00:00:00Z,Mobile,Other,Existing
USR06031,improved_results,2026-05-01T00:00:00Z,Mobile,United States,Existing
USR06032,improved_results,2026-05-01T00:00:00Z,Mobile,United States,Existing
USR06033,control,2026-05-01T00:00:00Z,TV,United States,Existing
USR06034,improved_results,2026-05-01T00:00:00Z,Desktop,United Kingdom,Existing
USR06035,improved_results,2026-05-01T00:00:00Z,Mobile,United States,Existing
USR06036,improved_results,2026-05-01T00:00:00Z,Mobile,United States,New
USR06037,control,2026-05-01T00:00:00Z,Mobile,Canada,Existing
USR06038,improved_results,2026-05-01T00:00:00Z,Desktop,United States,Existing
USR06039,control,2026-05-01T00:00:00Z,Desktop,United States,Existing
USR06040,improved_results,2026-05-01T00:00:00Z,Mobile,United Kingdom,Existing
USR06041,control,2026-05-01T00:00:00Z,Desktop,United States,New
USR06042,control,2026-05-01T00:00:00Z,Mobile,Canada,Existing
USR06043,improved_results,2026-05-01T00:00:00Z,Mobile,United States,Existing
USR06044,improved_results,2026-05-01T00:00:00Z,Desktop,United States,New
USR06045,improved_results,2026-05-01T00:00:00Z,Mobile,United States,Existing
USR06046,control,2026-05-01T00:00:00Z,Desktop,Other,New
USR06047,control,2026-05-01T00:00:00Z,TV,United States,New
USR06048,control,2026-05-01T00:00:00Z,Desktop,Other,Existing
USR06049,improved_results,2026-05-01T00:00:00Z,Desktop,United States,Existing
USR06050,improved_results,2026-05-01T00:00:00Z,Mobile,United Kingdom,Existing
USR06051,control,2026-05-01T00:00:00Z,Mobile,United States,Existing
USR06052,control,2026-05-01T00:00:00Z,Mobile,Canada,Existing
USR06053,improved_results,2026-05-01T00:00:00Z,Desktop,Canada,New
USR06054,improved_results,2026-05-01T00:00:00Z,TV,United States,New
USR06055,improved_results,2026-05-01T00:00:00Z,Mobile,United States,Existing
USR06056,improved_results,2026-05-01T00:00:00Z,Mobile,United States,Existing
USR06057,control,2026-05-01T00:00:00Z,Mobile,United States,Existing
USR06058,improved_results,2026-05-01T00:00:00Z,Mobile,United States,Existing
USR06059,control,2026-05-01T00:00:00Z,Mobile,Canada,Existing
USR06060,control,2026-05-01T00:00:00Z,TV,Other,Existing
USR06061,improved_results,2026-05-01T00:00:00Z,TV,Other,New
USR06062,control,2026-05-01T00:00:00Z,Desktop,United States,Existing
USR06063,control,2026-05-01T00:00:00Z,TV,Other,Existing
USR06064,control,2026-05-01T00:00:00Z,Desktop,United States,Existing
USR06065,control,2026-05-01T00:00:00Z,Desktop,Other,Existing
USR06066,control,2026-05-01T00:00:00Z,Desktop,United States,Existing
USR06067,control,2026-05-01T00:00:00Z,Mobile,United Kingdom,New
USR06068,control,2026-05-01T00:00:00Z,Mobile,Other,Existing
USR06069,improved_results,2026-05-01T00:00:00Z,Mobile,Other,New
USR06070,control,2026-05-01T00:00:00Z,Mobile,United Kingdom,Existing
USR06071,improved_results,2026-05-01T00:00:00Z,Desktop,United States,New
USR06072,improved_results,2026-05-01T00:00:00Z,TV,Other,Existing
USR06073,control,2026-05-01T00:00:00Z,Mobile,Canada,Existing
USR06074,improved_results,2026-05-01T00:00:00Z,Desktop,United States,Existing
USR06075,improved_results,2026-05-01T00:00:00Z,Mobile,United States,Existing
USR06076,control,2026-05-01T00:00:00Z,Mobile,Canada,Existing
USR06077,control,2026-05-01T00:00:00Z,Desktop,Other,Existing
USR06078,improved_results,2026-05-01T00:00:00Z,Mobile,Other,Existing
USR06079,improved_results,2026-05-01T00:00:00Z,Desktop,Canada,Existing
USR06080,improved_results,2026-05-01T00:00:00Z,Desktop,United Kingdom,Existing
USR06081,control,2026-05-01T00:00:00Z,Mobile,Canada,Existing
USR06082,improved_results,2026-05-01T00:00:00Z,Mobile,Canada,Existing
USR06083,improved_results,2026-05-01T00:00:00Z,Mobile,Other,Existing
USR06084,control,2026-05-01T00:00:00Z,Desktop,United States,Existing
USR06085,improved_results,2026-05-01T00:00:00Z,Mobile,United States,New
USR06086,improved_results,2026-05-01T00:00:00Z,TV,United States,Existing
USR06087,improved_results,2026-05-01T00:00:00Z,TV,United States,Existing
USR06088,control,2026-05-01T00:00:00Z,Mobile,United States,Existing
USR06089,control,2026-05-01T00:00:00Z,Mobile,United States,Existing
USR06090,control,2026-05-01T00:00:00Z,Mobile,United States,Existing
USR06091,control,2026-05-01T00:00:00Z,Mobile,United States,Existing
USR06092,improved_results,2026-05-01T00:00:00Z,Desktop,United States,Existing
USR06093,improved_results,2026-05-01T00:00:00Z,Mobile,United States,New
USR06094,improved_results,2026-05-01T00:00:00Z,Mobile,Other,New
USR06095,control,2026-05-01T00:00:00Z,Mobile,United States,Existing
USR06096,control,2026-05-01T00:00:00Z,Mobile,United States,Existing
USR06097,improved_results,2026-05-01T00:00:00Z,TV,United States,Existing
USR06098,control,2026-05-01T00:00:00Z,Mobile,United States,Existing
USR06099,control,2026-05-01T00:00:00Z,Mobile,United States,Existing
USR06100,control,2026-05-01T00:00:00Z,TV,Other,Existing
USR06101,control,2026-05-01T00:00:00Z,Mobile,United States,Existing
USR06102,control,2026-05-01T00:00:00Z,Desktop,United Kingdom,New
USR06103,improved_results,2026-05-01T00:00:00Z,Desktop,United States,New
USR06104,control,2026-05-01T00:00:00Z,Mobile,United States,Existing
USR06105,improved_results,2026-05-01T00:00:00Z,Desktop,United States,Existing
USR06106,control,2026-05-01T00:00:00Z,Mobile,United States,Existing
USR06107,control,2026-05-01T00:00:00Z,Mobile,United States,New
USR06108,control,2026-05-01T00:00:00Z,TV,United States,Existing
USR06109,improved_results,2026-05-01T00:00:00Z,Desktop,Other,New
USR06110,improved_results,2026-05-01T00:00:00Z,TV,Other,Existing
USR06111,improved_results,2026-05-01T00:00:00Z,Mobile,United Kingdom,New
USR06112,improved_results,2026-05-01T00:00:00Z,Desktop,United States,Existing
USR06113,improved_results,2026-05-01T00:00:00Z,Mobile,United States,Existing
USR06114,control,2026-05-01T00:00:00Z,TV,United States,New
USR06115,improved_results,2026-05-01T00:00:00Z,Mobile,United States,Existing
USR06116,control,2026-05-01T00:00:00Z,Desktop,Other,Existing
USR06117,improved_results,2026-05-01T00:00:00Z,TV,United States,Existing
USR06118,improved_results,2026-05-01T00:00:00Z,Mobile,Other,Existing
USR06119,improved_results,2026-05-01T00:00:00Z,Mobile,Canada,Existing
USR06120,improved_results,2026-05-01T00:00:00Z,TV,United States,Existing
USR06121,control,2026-05-01T00:00:00Z,Desktop,United States,Existing
USR06122,control,2026-05-01T00:00:00Z,Mobile,United States,Existing
USR06123,control,2026-05-01T00:00:00Z,Desktop,United States,New
USR06124,improved_results,2026-05-01T00:00:00Z,Mobile,United States,New
USR06125,improved_results,2026-05-01T00:00:00Z,Mobile,United States,Existing
USR06126,improved_results,2026-05-01T00:00:00Z,Mobile,Other,Existing
USR06127,control,2026-05-01T00:00:00Z,Mobile,United States,Existing
USR06128,improved_results,2026-05-01T00:00:00Z,Mobile,Canada,New
USR06129,improved_results,2026-05-01T00:00:00Z,Mobile,United States,New
USR06130,control,2026-05-01T00:00:00Z,TV,United Kingdom,Existing
USR06131,improved_results,2026-05-01T00:00:00Z,Mobile,Other,Existing
USR06132,improved_results,2026-05-01T00:00:00Z,Mobile,Other,Existing
USR06133,improved_results,2026-05-01T00:00:00Z,Desktop,United Kingdom,Existing
USR06134,improved_results,2026-05-01T00:00:00Z,Desktop,Canada,Existing
USR06135,control,2026-05-01T00:00:00Z,Mobile,United States,Existing
USR06136,improved_results,2026-05-01T00:00:00Z,Mobile,United States,Existing
USR06137,improved_results,2026-05-01T00:00:00Z,TV,Other,Existing
USR06138,control,2026-05-01T00:00:00Z,TV,Canada,Existing
USR06139,control,2026-05-01T00:00:00Z,Mobile,United States,New
USR06140,control,2026-05-01T00:00:00Z,Mobile,United States,New
USR06141,control,2026-05-01T00:00:00Z,Desktop,Other,Existing
USR06142,control,2026-05-01T00:00:00Z,Desktop,United States,New
USR06143,improved_results,2026-05-01T00:00:00Z,TV,United Kingdom,Existing
USR06144,control,2026-05-01T00:00:00Z,Mobile,United States,Existing
USR06145,improved_results,2026-05-01T00:00:00Z,Desktop,United Kingdom,Existing
USR06146,control,2026-05-01T00:00:00Z,Mobile,United Kingdom,New
USR06147,control,2026-05-01T00:00:00Z,Mobile,United States,Existing
USR06148,improved_results,2026-05-01T00:00:00Z,Mobile,United Kingdom,Existing
USR06149,control,2026-05-01T00:00:00Z,Mobile,United States,Existing
USR06150,improved_results,2026-05-01T00:00:00Z,TV,United States,New
USR06151,control,2026-05-01T00:00:00Z,Desktop,United Kingdom,New
USR06152,control,2026-05-01T00:00:00Z,Mobile,United States,Existing
USR06153,improved_results,2026-05-01T00:00:00Z,Mobile,United States,Existing
USR06154,improved_results,2026-05-01T00:00:00Z,Desktop,Canada,Existing
USR06155,control,2026-05-01T00:00:00Z,Mobile,United States,New
USR06156,control,2026-05-01T00:00:00Z,Desktop,United States,Existing
USR06157,improved_results,2026-05-01T00:00:00Z,Mobile,United States,New
USR06158,control,2026-05-01T00:00:00Z,Desktop,United States,Existing
USR06159,control,2026-05-01T00:00:00Z,Mobile,United States,Existing
USR06160,control,2026-05-01T00:00:00Z,Mobile,United States,Existing
USR06161,control,2026-05-01T00:00:00Z,Mobile,Canada,Existing
USR06162,improved_results,2026-05-01T00:00:00Z,Desktop,United States,Existing
USR06163,improved_results,2026-05-01T00:00:00Z,Mobile,United States,Existing
USR06164,control,2026-05-01T00:00:00Z,Mobile,United States,Existing
USR06165,improved_results,2026-05-01T00:00:00Z,Desktop,United States,New
USR06166,control,2026-05-01T00:00:00Z,Desktop,Other,Existing
USR06167,improved_results,2026-05-01T00:00:00Z,TV,United States,Existing
USR06168,control,2026-05-01T00:00:00Z,Mobile,United States,Existing
USR06169,control,2026-05-01T00:00:00Z,TV,United States,Existing
USR06170,control,2026-05-01T00:00:00Z,Mobile,United States,New
USR06171,control,2026-05-01T00:00:00Z,Mobile,Other,Existing
USR06172,improved_results,2026-05-01T00:00:00Z,Mobile,United States,New
USR06173,improved_results,2026-05-01T00:00:00Z,Desktop,United States,Existing
USR06174,control,2026-05-01T00:00:00Z,Mobile,United States,Existing
USR06175,improved_results,2026-05-01T00:00:00Z,Mobile,United Kingdom,Existing
USR06176,improved_results,2026-05-01T00:00:00Z,Mobile,United States,New
USR06177,improved_results,2026-05-01T00:00:00Z,Desktop,United States,Existing
USR06178,control,2026-05-01T00:00:00Z,Desktop,United Kingdom,Existing
USR06179,control,2026-05-01T00:00:00Z,Desktop,United States,Existing
USR06180,control,2026-05-01T00:00:00Z,Mobile,United States,Existing
USR06181,control,2026-05-01T00:00:00Z,Mobile,United States,Existing
USR06182,control,2026-05-01T00:00:00Z,Mobile,United Kingdom,New
USR06183,improved_results,2026-05-01T00:00:00Z,Mobile,United States,Existing
USR06184,control,2026-05-01T00:00:00Z,Desktop,United States,Existing
USR06185,control,2026-05-01T00:00:00Z,Mobile,Other,Existing
USR06186,improved_results,2026-05-01T00:00:00Z,Mobile,United States,Existing
USR06187,improved_results,2026-05-01T00:00:00Z,Mobile,United States,Existing
USR06188,improved_results,2026-05-01T00:00:00Z,TV,United States,New
USR06189,improved_results,2026-05-01T00:00:00Z,Desktop,Canada,Existing
USR06190,improved_results,2026-05-01T00:00:00Z,Mobile,United States,Existing
USR06191,control,2026-05-01T00:00:00Z,Desktop,United States,New
USR06192,improved_results,2026-05-01T00:00:00Z,TV,United States,New
USR06193,improved_results,2026-05-01T00:00:00Z,Desktop,United States,New
USR06194,control,2026-05-01T00:00:00Z,Mobile,United States,Existing
USR06195,control,2026-05-01T00:00:00Z,TV,United Kingdom,Existing
USR06196,control,2026-05-01T00:00:00Z,TV,Other,Existing
USR06197,improved_results,2026-05-01T00:00:00Z,Desktop,United States,New
USR06198,improved_results,2026-05-01T00:00:00Z,Mobile,United States,New
USR06199,improved_results,2026-05-01T00:00:00Z,Mobile,United States,Existing
USR06200,control,2026-05-01T00:00:00Z,Mobile,United Kingdom,New
USR06201,improved_results,2026-05-01T00:00:00Z,Desktop,Canada,New
USR06202,control,2026-05-01T00:00:00Z,Desktop,United States,New
USR06203,control,2026-05-01T00:00:00Z,Mobile,Other,Existing
USR06204,control,2026-05-01T00:00:00Z,Desktop,Other,Existing
USR06205,improved_results,2026-05-01T00:00:00Z,Mobile,Canada,Existing
USR06206,control,2026-05-01T00:00:00Z,Mobile,United States,Existing
USR06207,control,2026-05-01T00:00:00Z,Mobile,United States,Existing
USR06208,control,2026-05-01T00:00:00Z,Desktop,United States,New
USR06209,control,2026-05-01T00:00:00Z,Mobile,United States,New
USR06210,control,2026-05-01T00:00:00Z,Mobile,United States,Existing
USR06211,improved_results,2026-05-01T00:00:00Z,Desktop,United Kingdom,Existing
USR06212,improved_results,2026-05-01T00:00:00Z,Mobile,United States,Existing
USR06213,control,2026-05-01T00:00:00Z,Desktop,United States,Existing
USR06214,improved_results,2026-05-01T00:00:00Z,Desktop,Other,New
USR06215,improved_results,2026-05-01T00:00:00Z,Mobile,Other,Existing
USR06216,improved_results,2026-05-01T00:00:00Z,Desktop,United Kingdom,Existing
USR06217,control,2026-05-01T00:00:00Z,Mobile,United Kingdom,Existing
USR06218,control,2026-05-01T00:00:00Z,Mobile,United States,Existing
USR06219,control,2026-05-01T00:00:00Z,Desktop,Other,Existing
USR06220,improved_results,2026-05-01T00:00:00Z,Mobile,United States,New
USR06221,improved_results,2026-05-01T00:00:00Z,Desktop,Other,New
USR06222,control,2026-05-01T00:00:00Z,Desktop,United States,Existing
USR06223,improved_results,2026-05-01T00:00:00Z,Mobile,Other,New
USR06224,improved_results,2026-05-01T00:00:00Z,TV,Other,Existing
USR06225,improved_results,2026-05-01T00:00:00Z,Mobile,United States,New
USR06226,improved_results,2026-05-01T00:00:00Z,Mobile,United States,New
USR06227,control,2026-05-01T00:00:00Z,Desktop,United States,Existing
USR06228,improved_results,2026-05-01T00:00:00Z,Mobile,United Kingdom,New
USR06229,improved_results,2026-05-01T00:00:00Z,TV,Canada,New
USR06230,control,2026-05-01T00:00:00Z,Mobile,United States,Existing
USR06231,control,2026-05-01T00:00:00Z,Mobile,United States,Existing
USR06232,improved_results,2026-05-01T00:00:00Z,TV,United States,Existing
USR06233,control,2026-05-01T00:00:00Z,Mobile,Canada,Existing
USR06234,control,2026-05-01T00:00:00Z,Mobile,Other,Existing
USR06235,improved_results,2026-05-01T00:00:00Z,Desktop,United States,Existing
USR06236,control,2026-05-01T00:00:00Z,Desktop,United States,Existing
USR06237,improved_results,2026-05-01T00:00:00Z,TV,Other,New
USR06238,improved_results,2026-05-01T00:00:00Z,Mobile,Canada,Existing
USR06239,control,2026-05-01T00:00:00Z,TV,United States,New
USR06240,improved_results,2026-05-01T00:00:00Z,Mobile,Other,Existing
USR06241,improved_results,2026-05-01T00:00:00Z,Mobile,United States,New
USR06242,control,2026-05-01T00:00:00Z,Desktop,United States,Existing
USR06243,control,2026-05-01T00:00:00Z,Desktop,Other,Existing
USR06244,improved_results,2026-05-01T00:00:00Z,Desktop,Other,Existing
USR06245,control,2026-05-01T00:00:00Z,Mobile,United States,New
USR06246,control,2026-05-01T00:00:00Z,TV,United States,Existing
USR06247,improved_results,2026-05-01T00:00:00Z,Mobile,Other,Existing
USR06248,improved_results,2026-05-01T00:00:00Z,TV,Other,Existing
USR06249,improved_results,2026-05-01T00:00:00Z,Mobile,United States,Existing
USR06250,improved_results,2026-05-01T00:00:00Z,Mobile,Other,Existing
USR06251,improved_results,2026-05-01T00:00:00Z,Mobile,United States,Existing
USR06252,control,2026-05-01T00:00:00Z,Desktop,United States,New
USR06253,improved_results,2026-05-01T00:00:00Z,Mobile,United States,Existing
USR06254,control,2026-05-01T00:00:00Z,Mobile,United States,New
USR06255,control,2026-05-01T00:00:00Z,Desktop,Other,Existing
USR06256,control,2026-05-01T00:00:00Z,Mobile,United States,Existing
USR06257,improved_results,2026-05-01T00:00:00Z,Mobile,United States,Existing
USR06258,improved_results,2026-05-01T00:00:00Z,Desktop,Other,Existing
USR06259,control,2026-05-01T00:00:00Z,Desktop,United States,Existing
USR06260,control,2026-05-01T00:00:00Z,Mobile,United States,New
USR06261,improved_results,2026-05-01T00:00:00Z,Mobile,United States,Existing
USR06262,improved_results,2026-05-01T00:00:00Z,Mobile,Other,New
USR06263,improved_results,2026-05-01T00:00:00Z,Mobile,United Kingdom,Existing
USR06264,control,2026-05-01T00:00:00Z,Mobile,Other,Existing
USR06265,improved_results,2026-05-01T00:00:00Z,Desktop,United Kingdom,New
USR06266,control,2026-05-01T00:00:00Z,Mobile,United Kingdom,Existing
USR06267,control,2026-05-01T00:00:00Z,Mobile,United States,New
USR06268,control,2026-05-01T00:00:00Z,Mobile,United States,New
USR06269,control,2026-05-01T00:00:00Z,Mobile,United States,Existing
USR06270,control,2026-05-01T00:00:00Z,Mobile,Other,Existing
USR06271,control,2026-05-01T00:00:00Z,Mobile,Other,Existing
USR06272,control,2026-05-01T00:00:00Z,Desktop,United States,Existing
USR06273,control,2026-05-01T00:00:00Z,Mobile,United Kingdom,Existing
USR06274,improved_results,2026-05-01T00:00:00Z,Desktop,United States,Existing
USR06275,improved_results,2026-05-01T00:00:00Z,Mobile,United States,New
USR06276,improved_results,2026-05-01T00:00:00Z,Desktop,United States,Existing
USR06277,control,2026-05-01T00:00:00Z,Mobile,Other,Existing
USR06278,control,2026-05-01T00:00:00Z,Mobile,United States,Existing
USR06279,improved_results,2026-05-01T00:00:00Z,Mobile,Other,Existing
USR06280,control,2026-05-01T00:00:00Z,Desktop,United States,Existing
USR06281,control,2026-05-01T00:00:00Z,Mobile,United States,Existing
USR06282,control,2026-05-01T00:00:00Z,Desktop,United States,Existing
USR06283,improved_results,2026-05-01T00:00:00Z,Desktop,United States,Existing
USR06284,improved_results,2026-05-01T00:00:00Z,Desktop,Other,Existing
USR06285,control,2026-05-01T00:00:00Z,TV,United States,Existing
USR06286,improved_results,2026-05-01T00:00:00Z,Mobile,United States,Existing
USR06287,control,2026-05-01T00:00:00Z,Mobile,United Kingdom,New
USR06288,improved_results,2026-05-01T00:00:00Z,Mobile,United Kingdom,Existing
USR06289,improved_results,2026-05-01T00:00:00Z,TV,United Kingdom,New
USR06290,improved_results,2026-05-01T00:00:00Z,Desktop,United States,Existing
USR06291,improved_results,2026-05-01T00:00:00Z,Desktop,United States,Existing
USR06292,improved_results,2026-05-01T00:00:00Z,Desktop,United States,Existing
USR06293,control,2026-05-01T00:00:00Z,Desktop,Other,Existing
USR06294,control,2026-05-01T00:00:00Z,TV,United States,Existing
USR06295,control,2026-05-01T00:00:00Z,Mobile,United Kingdom,New
USR06296,improved_results,2026-05-01T00:00:00Z,Desktop,Other,Existing
USR06297,improved_results,2026-05-01T00:00:00Z,Mobile,United States,Existing
USR06298,improved_results,2026-05-01T00:00:00Z,Mobile,Canada,New
USR06299,control,2026-05-01T00:00:00Z,Mobile,United Kingdom,Existing
USR06300,improved_results,2026-05-01T00:00:00Z,Desktop,United States,Existing
USR06301,control,2026-05-01T00:00:00Z,Desktop,Canada,Existing
USR06302,improved_results,2026-05-01T00:00:00Z,Mobile,United States,Existing
USR06303,control,2026-05-01T00:00:00Z,Desktop,Canada,New
USR06304,improved_results,2026-05-01T00:00:00Z,Desktop,United States,Existing
USR06305,control,2026-05-01T00:00:00Z,Mobile,United States,New
USR06306,improved_results,2026-05-01T00:00:00Z,Desktop,Other,Existing
USR06307,control,2026-05-01T00:00:00Z,Mobile,United Kingdom,New
USR06308,improved_results,2026-05-01T00:00:00Z,Desktop,United States,Existing
USR06309,control,2026-05-01T00:00:00Z,Mobile,Other,Existing
USR06310,improved_results,2026-05-01T00:00:00Z,Mobile,United States,Existing
USR06311,control,2026-05-01T00:00:00Z,Mobile,United States,Existing
USR06312,improved_results,2026-05-01T00:00:00Z,Mobile,United States,New
USR06313,improved_results,2026-05-01T00:00:00Z,Mobile,Other,Existing
USR06314,control,2026-05-01T00:00:00Z,Mobile,Canada,New
USR06315,improved_results,2026-05-01T00:00:00Z,Desktop,Canada,Existing
USR06316,control,2026-05-01T00:00:00Z,Mobile,United States,Existing
USR06317,improved_results,2026-05-01T00:00:00Z,TV,United Kingdom,New
USR06318,control,2026-05-01T00:00:00Z,Mobile,United Kingdom,New
USR06319,improved_results,2026-05-01T00:00:00Z,Mobile,Other,New
USR06320,control,2026-05-01T00:00:00Z,TV,Other,New
USR06321,control,2026-05-01T00:00:00Z,Mobile,United States,Existing
USR06322,improved_results,2026-05-01T00:00:00Z,Desktop,United States,New
USR06323,control,2026-05-01T00:00:00Z,Desktop,Other,Existing
USR06324,control,2026-05-01T00:00:00Z,Mobile,United States,Existing
USR06325,improved_results,2026-05-01T00:00:00Z,Desktop,Other,Existing
USR06326,improved_results,2026-05-01T00:00:00Z,Desktop,United Kingdom,New
USR06327,improved_results,2026-05-01T00:00:00Z,Desktop,United Kingdom,New
USR06328,improved_results,2026-05-01T00:00:00Z,Mobile,United States,Existing
USR06329,improved_results,2026-05-01T00:00:00Z,TV,United States,Existing
USR06330,improved_results,2026-05-01T00:00:00Z,Mobile,United States,Existing
USR06331,improved_results,2026-05-01T00:00:00Z,Mobile,Other,Existing
USR06332,control,2026-05-01T00:00:00Z,Desktop,United States,Existing
USR06333,control,2026-05-01T00:00:00Z,Desktop,United States,Existing
USR06334,improved_results,2026-05-01T00:00:00Z,Desktop,United States,Existing
USR06335,improved_results,2026-05-01T00:00:00Z,Mobile,United States,New
USR06336,control,2026-05-01T00:00:00Z,Mobile,United States,Existing
USR06337,improved_results,2026-05-01T00:00:00Z,Mobile,United Kingdom,Existing
USR06338,improved_results,2026-05-01T00:00:00Z,Mobile,Other,Existing
USR06339,improved_results,2026-05-01T00:00:00Z,TV,United States,New
USR06340,improved_results,2026-05-01T00:00:00Z,Desktop,United Kingdom,Existing
USR06341,improved_results,2026-05-01T00:00:00Z,Mobile,United States,New
USR06342,improved_results,2026-05-01T00:00:00Z,Desktop,United States,New
USR06343,control,2026-05-01T00:00:00Z,Desktop,United States,Existing
USR06344,improved_results,2026-05-01T00:00:00Z,Mobile,Other,Existing
USR06345,control,2026-05-01T00:00:00Z,Desktop,United States,Existing
USR06346,improved_results,2026-05-01T00:00:00Z,Desktop,United States,Existing
USR06347,control,2026-05-01T00:00:00Z,Desktop,United States,Existing
USR06348,improved_results,2026-05-01T00:00:00Z,Mobile,United States,Existing
USR06349,control,2026-05-01T00:00:00Z,Desktop,United States,Existing
USR06350,control,2026-05-01T00:00:00Z,Mobile,Canada,New
USR06351,control,2026-05-01T00:00:00Z,Mobile,United Kingdom,Existing
USR06352,improved_results,2026-05-01T00:00:00Z,Mobile,United States,Existing
USR06353,control,2026-05-01T00:00:00Z,Mobile,Canada,New
USR06354,improved_results,2026-05-01T00:00:00Z,Desktop,United States,Existing
USR06355,control,2026-05-01T00:00:00Z,Mobile,Other,Existing
USR06356,control,2026-05-01T00:00:00Z,Mobile,United States,Existing
USR06357,improved_results,2026-05-01T00:00:00Z,TV,Other,New
USR06358,improved_results,2026-05-01T00:00:00Z,Mobile,United States,Existing
USR06359,improved_results,2026-05-01T00:00:00Z,Mobile,Canada,New
USR06360,control,2026-05-01T00:00:00Z,Desktop,United States,New
USR06361,improved_results,2026-05-01T00:00:00Z,Mobile,United States,Existing
USR06362,improved_results,2026-05-01T00:00:00Z,Desktop,Other,Existing
USR06363,control,2026-05-01T00:00:00Z,TV,United Kingdom,Existing
USR06364,control,2026-05-01T00:00:00Z,Desktop,United States,Existing
USR06365,control,2026-05-01T00:00:00Z,Mobile,United States,Existing
USR06366,control,2026-05-01T00:00:00Z,Desktop,United States,New
USR06367,control,2026-05-01T00:00:00Z,Mobile,United States,Existing
USR06368,control,2026-05-01T00:00:00Z,Mobile,United States,Existing
USR06369,control,2026-05-01T00:00:00Z,Mobile,United Kingdom,Existing
USR06370,improved_results,2026-05-01T00:00:00Z,Mobile,United Kingdom,Existing
USR06371,improved_results,2026-05-01T00:00:00Z,Mobile,United States,Existing
USR06372,improved_results,2026-05-01T00:00:00Z,Mobile,United States,New
USR06373,improved_results,2026-05-01T00:00:00Z,Desktop,Canada,Existing
USR06374,improved_results,2026-05-01T00:00:00Z,Desktop,United States,Existing
USR06375,control,2026-05-01T00:00:00Z,Mobile,United States,Existing
USR06376,control,2026-05-01T00:00:00Z,Desktop,United Kingdom,Existing
USR06377,control,2026-05-01T00:00:00Z,Desktop,United States,Existing
USR06378,control,2026-05-01T00:00:00Z,Mobile,United Kingdom,Existing
USR06379,improved_results,2026-05-01T00:00:00Z,Mobile,Canada,Existing
USR06380,control,2026-05-01T00:00:00Z,Mobile,Canada,Existing
USR06381,control,2026-05-01T00:00:00Z,Mobile,United States,Existing
USR06382,improved_results,2026-05-01T00:00:00Z,Mobile,United States,New
USR06383,control,2026-05-01T00:00:00Z,Mobile,United States,New
USR06384,improved_results,2026-05-01T00:00:00Z,Mobile,United Kingdom,Existing
USR06385,improved_results,2026-05-01T00:00:00Z,Mobile,United States,New
USR06386,improved_results,2026-05-01T00:00:00Z,Mobile,United States,Existing
USR06387,control,2026-05-01T00:00:00Z,Desktop,United States,New
USR06388,control,2026-05-01T00:00:00Z,Mobile,United States,New
USR06389,control,2026-05-01T00:00:00Z,TV,Other,Existing
USR06390,improved_results,2026-05-01T00:00:00Z,Desktop,United States,New
USR06391,improved_results,2026-05-01T00:00:00Z,Mobile,Other,Existing
USR06392,improved_results,2026-05-01T00:00:00Z,Desktop,United States,Existing
USR06393,improved_results,2026-05-01T00:00:00Z,Mobile,Other,Existing
USR06394,control,2026-05-01T00:00:00Z,Mobile,United States,Existing
USR06395,improved_results,2026-05-01T00:00:00Z,Mobile,United States,Existing
USR06396,control,2026-05-01T00:00:00Z,TV,United States,Existing
USR06397,improved_results,2026-05-01T00:00:00Z,Mobile,United States,Existing
USR06398,control,2026-05-01T00:00:00Z,Mobile,United States,Existing
USR06399,improved_results,2026-05-01T00:00:00Z,TV,Other,Existing
USR06400,control,2026-05-01T00:00:00Z,Mobile,United States,Existing
USR06401,improved_results,2026-05-01T00:00:00Z,Mobile,Canada,Existing
USR06402,improved_results,2026-05-01T00:00:00Z,Mobile,United States,Existing
USR06403,control,2026-05-01T00:00:00Z,Desktop,Canada,New
USR06404,control,2026-05-01T00:00:00Z,Mobile,Other,New
USR06405,improved_results,2026-05-01T00:00:00Z,Mobile,United Kingdom,Existing
USR06406,improved_results,2026-05-01T00:00:00Z,TV,United States,Existing
USR06407,control,2026-05-01T00:00:00Z,Mobile,United States,Existing
USR06408,improved_results,2026-05-01T00:00:00Z,Desktop,United Kingdom,Existing
USR06409,control,2026-05-01T00:00:00Z,Mobile,United States,Existing
USR06410,control,2026-05-01T00:00:00Z,Desktop,United States,Existing
USR06411,control,2026-05-01T00:00:00Z,TV,United States,Existing
USR06412,improved_results,2026-05-01T00:00:00Z,Mobile,United Kingdom,Existing
USR06413,improved_results,2026-05-01T00:00:00Z,Mobile,United States,New
USR06414,control,2026-05-01T00:00:00Z,TV,United States,New
USR06415,improved_results,2026-05-01T00:00:00Z,Desktop,United States,New
USR06416,control,2026-05-01T00:00:00Z,TV,United States,Existing
USR06417,improved_results,2026-05-01T00:00:00Z,Mobile,United States,Existing
USR06418,control,2026-05-01T00:00:00Z,Desktop,United States,Existing
USR06419,improved_results,2026-05-01T00:00:00Z,Mobile,United States,New
USR06420,control,2026-05-01T00:00:00Z,Mobile,United States,Existing
USR06421,improved_results,2026-05-01T00:00:00Z,Mobile,Other,Existing
USR06422,control,2026-05-01T00:00:00Z,Mobile,United States,Existing
USR06423,control,2026-05-01T00:00:00Z,Mobile,United States,Existing
USR06424,control,2026-05-01T00:00:00Z,TV,United States,Existing
USR06425,improved_results,2026-05-01T00:00:00Z,Mobile,United States,Existing
USR06426,improved_results,2026-05-01T00:00:00Z,Desktop,United States,Existing
USR06427,improved_results,2026-05-01T00:00:00Z,Mobile,United States,New
USR06428,improved_results,2026-05-01T00:00:00Z,TV,Canada,Existing
USR06429,improved_results,2026-05-01T00:00:00Z,Mobile,United Kingdom,Existing
USR06430,improved_results,2026-05-01T00:00:00Z,Desktop,United States,Existing
USR06431,control,2026-05-01T00:00:00Z,TV,United States,New
USR06432,control,2026-05-01T00:00:00Z,Desktop,United States,Existing
USR06433,improved_results,2026-05-01T00:00:00Z,Desktop,United States,Existing
USR06434,improved_results,2026-05-01T00:00:00Z,Mobile,Canada,Existing
USR06435,control,2026-05-01T00:00:00Z,TV,United States,New
USR06436,improved_results,2026-05-01T00:00:00Z,TV,United States,Existing
USR06437,improved_results,2026-05-01T00:00:00Z,Mobile,United Kingdom,New
USR06438,control,2026-05-01T00:00:00Z,Mobile,United States,New
USR06439,control,2026-05-01T00:00:00Z,Desktop,United States,Existing
USR06440,improved_results,2026-05-01T00:00:00Z,Mobile,United States,Existing
USR06441,control,2026-05-01T00:00:00Z,TV,United States,Existing
USR06442,improved_results,2026-05-01T00:00:00Z,TV,United Kingdom,Existing
USR06443,control,2026-05-01T00:00:00Z,Mobile,Canada,Existing
USR06444,control,2026-05-01T00:00:00Z,Desktop,United States,Existing
USR06445,control,2026-05-01T00:00:00Z,Mobile,United States,Existing
USR06446,improved_results,2026-05-01T00:00:00Z,Mobile,Canada,Existing
USR06447,improved_results,2026-05-01T00:00:00Z,Mobile,United States,Existing
USR06448,control,2026-05-01T00:00:00Z,Desktop,United States,Existing
USR06449,control,2026-05-01T00:00:00Z,Mobile,United States,New
USR06450,improved_results,2026-05-01T00:00:00Z,TV,United States,Existing
USR06451,improved_results,2026-05-01T00:00:00Z,TV,United States,Existing
USR06452,improved_results,2026-05-01T00:00:00Z,Mobile,United States,Existing
USR06453,control,2026-05-01T00:00:00Z,TV,Other,Existing
USR06454,improved_results,2026-05-01T00:00:00Z,Mobile,United States,Existing
USR06455,improved_results,2026-05-01T00:00:00Z,Mobile,United States,Existing
USR06456,improved_results,2026-05-01T00:00:00Z,Mobile,United States,New
USR06457,control,2026-05-01T00:00:00Z,Desktop,United States,Existing
USR06458,control,2026-05-01T00:00:00Z,TV,United States,Existing
USR06459,improved_results,2026-05-01T00:00:00Z,Mobile,United States,Existing
USR06460,improved_results,2026-05-01T00:00:00Z,Desktop,United States,Existing
USR06461,control,2026-05-01T00:00:00Z,Mobile,United Kingdom,Existing
USR06462,improved_results,2026-05-01T00:00:00Z,Desktop,United States,Existing
USR06463,control,2026-05-01T00:00:00Z,Desktop,Other,Existing
USR06464,improved_results,2026-05-01T00:00:00Z,Mobile,Other,Existing
USR06465,control,2026-05-01T00:00:00Z,Mobile,United States,Existing
USR06466,improved_results,2026-05-01T00:00:00Z,Mobile,Other,Existing
USR06467,control,2026-05-01T00:00:00Z,TV,United States,Existing
USR06468,improved_results,2026-05-01T00:00:00Z,Desktop,United States,New
USR06469,improved_results,2026-05-01T00:00:00Z,Desktop,United States,New
USR06470,control,2026-05-01T00:00:00Z,Mobile,United States,Existing
USR06471,control,2026-05-01T00:00:00Z,Desktop,Other,Existing
USR06472,improved_results,2026-05-01T00:00:00Z,Mobile,United Kingdom,Existing
USR06473,control,2026-05-01T00:00:00Z,Mobile,United States,Existing
USR06474,improved_results,2026-05-01T00:00:00Z,Mobile,Canada,Existing
USR06475,improved_results,2026-05-01T00:00:00Z,Desktop,United Kingdom,New
USR06476,control,2026-05-01T00:00:00Z,Mobile,United States,Existing
USR06477,control,2026-05-01T00:00:00Z,Mobile,United States,New
USR06478,control,2026-05-01T00:00:00Z,Desktop,United States,Existing
USR06479,control,2026-05-01T00:00:00Z,Mobile,United States,Existing
USR06480,control,2026-05-01T00:00:00Z,Mobile,United States,New
USR06481,improved_results,2026-05-01T00:00:00Z,TV,United States,Existing
USR06482,improved_results,2026-05-01T00:00:00Z,Desktop,United States,New
USR06483,improved_results,2026-05-01T00:00:00Z,Desktop,United States,Existing
USR06484,control,2026-05-01T00:00:00Z,Mobile,United States,Existing
USR06485,improved_results,2026-05-01T00:00:00Z,Desktop,Other,Existing
USR06486,control,2026-05-01T00:00:00Z,Desktop,United States,Existing
USR06487,improved_results,2026-05-01T00:00:00Z,TV,Other,Existing
USR06488,improved_results,2026-05-01T00:00:00Z,Mobile,United States,Existing
USR06489,control,2026-05-01T00:00:00Z,Mobile,United States,Existing
USR06490,control,2026-05-01T00:00:00Z,Mobile,United States,New
USR06491,improved_results,2026-05-01T00:00:00Z,Mobile,United States,Existing
USR06492,control,2026-05-01T00:00:00Z,TV,United States,Existing
USR06493,control,2026-05-01T00:00:00Z,TV,Other,New
USR06494,control,2026-05-01T00:00:00Z,Mobile,Other,Existing
USR06495,control,2026-05-01T00:00:00Z,Mobile,Canada,Existing
USR06496,improved_results,2026-05-01T00:00:00Z,Mobile,Canada,New
USR06497,improved_results,2026-05-01T00:00:00Z,Desktop,United States,Existing
USR06498,improved_results,2026-05-01T00:00:00Z,TV,United States,New
USR06499,control,2026-05-01T00:00:00Z,Mobile,United States,Existing
USR06500,improved_results,2026-05-01T00:00:00Z,TV,United States,New
USR06501,improved_results,2026-05-01T00:00:00Z,Mobile,United States,Existing
USR06502,improved_results,2026-05-01T00:00:00Z,TV,United States,Existing
USR06503,improved_results,2026-05-01T00:00:00Z,Mobile,United States,New
USR06504,control,2026-05-01T00:00:00Z,Desktop,Other,Existing
USR06505,control,2026-05-01T00:00:00Z,Mobile,Other,New
USR06506,control,2026-05-01T00:00:00Z,Mobile,Canada,Existing
USR06507,improved_results,2026-05-01T00:00:00Z,Mobile,United States,Existing
USR06508,improved_results,2026-05-01T00:00:00Z,Mobile,United States,Existing
USR06509,improved_results,2026-05-01T00:00:00Z,Mobile,United Kingdom,Existing
USR06510,control,2026-05-01T00:00:00Z,Mobile,United States,Existing
USR06511,improved_results,2026-05-01T00:00:00Z,TV,Canada,New
USR06512,improved_results,2026-05-01T00:00:00Z,Mobile,United States,Existing
USR06513,improved_results,2026-05-01T00:00:00Z,Desktop,United States,Existing
USR06514,improved_results,2026-05-01T00:00:00Z,TV,Canada,New
USR06515,improved_results,2026-05-01T00:00:00Z,Desktop,United States,Existing
USR06516,control,2026-05-01T00:00:00Z,TV,United States,Existing
USR06517,control,2026-05-01T00:00:00Z,Mobile,Canada,Existing
USR06518,improved_results,2026-05-01T00:00:00Z,TV,United Kingdom,Existing
USR06519,control,2026-05-01T00:00:00Z,Mobile,Canada,Existing
USR06520,improved_results,2026-05-01T00:00:00Z,Desktop,Other,Existing
USR06521,improved_results,2026-05-01T00:00:00Z,Mobile,United States,Existing
USR06522,improved_results,2026-05-01T00:00:00Z,Mobile,Canada,Existing
USR06523,control,2026-05-01T00:00:00Z,Desktop,Other,Existing
USR06524,improved_results,2026-05-01T00:00:00Z,Mobile,United States,New
USR06525,improved_results,2026-05-01T00:00:00Z,Desktop,United States,Existing
USR06526,improved_results,2026-05-01T00:00:00Z,Mobile,Other,Existing
USR06527,control,2026-05-01T00:00:00Z,Mobile,United States,Existing
USR06528,control,2026-05-01T00:00:00Z,Mobile,United States,New
USR06529,improved_results,2026-05-01T00:00:00Z,Mobile,Other,Existing
USR06530,improved_results,2026-05-01T00:00:00Z,TV,Canada,New
USR06531,improved_results,2026-05-01T00:00:00Z,Mobile,United States,Existing
USR06532,improved_results,2026-05-01T00:00:00Z,Mobile,Canada,Existing
USR06533,control,2026-05-01T00:00:00Z,Mobile,United States,Existing
USR06534,improved_results,2026-05-01T00:00:00Z,Mobile,Other,New
USR06535,control,2026-05-01T00:00:00Z,TV,United States,Existing
USR06536,improved_results,2026-05-01T00:00:00Z,Mobile,United States,Existing
USR06537,control,2026-05-01T00:00:00Z,Mobile,United States,Existing
USR06538,improved_results,2026-05-01T00:00:00Z,Desktop,Canada,Existing
USR06539,improved_results,2026-05-01T00:00:00Z,Mobile,United States,Existing
USR06540,control,2026-05-01T00:00:00Z,Desktop,Other,Existing
USR06541,control,2026-05-01T00:00:00Z,Desktop,United States,Existing
USR06542,improved_results,2026-05-01T00:00:00Z,Mobile,United States,New
USR06543,control,2026-05-01T00:00:00Z,Desktop,Canada,Existing
USR06544,control,2026-05-01T00:00:00Z,Mobile,Canada,Existing
USR06545,control,2026-05-01T00:00:00Z,Mobile,United States,New
USR06546,improved_results,2026-05-01T00:00:00Z,Mobile,United States,Existing
USR06547,control,2026-05-01T00:00:00Z,Desktop,United States,Existing
USR06548,control,2026-05-01T00:00:00Z,Desktop,Canada,New
USR06549,control,2026-05-01T00:00:00Z,Mobile,United States,New
USR06550,improved_results,2026-05-01T00:00:00Z,Mobile,Other,Existing
USR06551,control,2026-05-01T00:00:00Z,Mobile,United States,New
USR06552,improved_results,2026-05-01T00:00:00Z,Desktop,Canada,Existing
USR06553,control,2026-05-01T00:00:00Z,Mobile,United States,New
USR06554,improved_results,2026-05-01T00:00:00Z,Mobile,United States,Existing
USR06555,control,2026-05-01T00:00:00Z,Mobile,Other,New
USR06556,control,2026-05-01T00:00:00Z,Mobile,United States,Existing
USR06557,improved_results,2026-05-01T00:00:00Z,Mobile,United States,Existing
USR06558,control,2026-05-01T00:00:00Z,Mobile,United States,Existing
USR06559,improved_results,2026-05-01T00:00:00Z,Desktop,United States,Existing
USR06560,improved_results,2026-05-01T00:00:00Z,Mobile,Other,Existing
USR06561,control,2026-05-01T00:00:00Z,Mobile,United States,Existing
USR06562,improved_results,2026-05-01T00:00:00Z,Desktop,Canada,Existing
USR06563,control,2026-05-01T00:00:00Z,Mobile,United States,Existing
USR06564,control,2026-05-01T00:00:00Z,Mobile,United States,New
USR06565,improved_results,2026-05-01T00:00:00Z,Mobile,United Kingdom,New
USR06566,control,2026-05-01T00:00:00Z,Mobile,United Kingdom,Existing
USR06567,control,2026-05-01T00:00:00Z,Mobile,United States,Existing
USR06568,control,2026-05-01T00:00:00Z,Mobile,United States,Existing
USR06569,improved_results,2026-05-01T00:00:00Z,Mobile,United States,Existing
USR06570,improved_results,2026-05-01T00:00:00Z,TV,United States,Existing
USR06571,control,2026-05-01T00:00:00Z,Mobile,United Kingdom,Existing
USR06572,improved_results,2026-05-01T00:00:00Z,Mobile,Other,New
USR06573,control,2026-05-01T00:00:00Z,Desktop,Other,Existing
USR06574,control,2026-05-01T00:00:00Z,Mobile,Other,Existing
USR06575,improved_results,2026-05-01T00:00:00Z,Desktop,United Kingdom,Existing
USR06576,improved_results,2026-05-01T00:00:00Z,Desktop,Canada,New
USR06577,improved_results,2026-05-01T00:00:00Z,TV,Canada,Existing
USR06578,control,2026-05-01T00:00:00Z,Mobile,Other,Existing
USR06579,control,2026-05-01T00:00:00Z,TV,United States,Existing
USR06580,control,2026-05-01T00:00:00Z,Mobile,United States,Existing
USR06581,control,2026-05-01T00:00:00Z,Mobile,United Kingdom,New
USR06582,improved_results,2026-05-01T00:00:00Z,Desktop,United States,New
USR06583,improved_results,2026-05-01T00:00:00Z,Mobile,United States,Existing
USR06584,improved_results,2026-05-01T00:00:00Z,Mobile,United States,Existing
USR06585,control,2026-05-01T00:00:00Z,Mobile,United Kingdom,Existing
USR06586,control,2026-05-01T00:00:00Z,Mobile,United States,Existing
USR06587,control,2026-05-01T00:00:00Z,TV,Canada,Existing
USR06588,control,2026-05-01T00:00:00Z,Mobile,United Kingdom,Existing
USR06589,control,2026-05-01T00:00:00Z,Mobile,Canada,Existing
USR06590,control,2026-05-01T00:00:00Z,Mobile,Other,Existing
USR06591,improved_results,2026-05-01T00:00:00Z,Desktop,United States,New
USR06592,control,2026-05-01T00:00:00Z,Mobile,United States,Existing
USR06593,control,2026-05-01T00:00:00Z,TV,Other,New
USR06594,control,2026-05-01T00:00:00Z,Mobile,Other,Existing
USR06595,improved_results,2026-05-01T00:00:00Z,Mobile,United States,Existing
USR06596,improved_results,2026-05-01T00:00:00Z,Mobile,United States,Existing
USR06597,improved_results,2026-05-01T00:00:00Z,TV,United States,Existing
USR06598,improved_results,2026-05-01T00:00:00Z,Mobile,Other,Existing
USR06599,control,2026-05-01T00:00:00Z,TV,United States,New
USR06600,control,2026-05-01T00:00:00Z,Mobile,United States,Existing
USR06601,improved_results,2026-05-01T00:00:00Z,Desktop,United States,New
USR06602,improved_results,2026-05-01T00:00:00Z,Desktop,Canada,Existing
USR06603,control,2026-05-01T00:00:00Z,Mobile,United States,Existing
USR06604,control,2026-05-01T00:00:00Z,Mobile,United States,Existing
USR06605,improved_results,2026-05-01T00:00:00Z,Desktop,Other,Existing
USR06606,control,2026-05-01T00:00:00Z,Mobile,United States,New
USR06607,improved_results,2026-05-01T00:00:00Z,Desktop,Other,Existing
USR06608,improved_results,2026-05-01T00:00:00Z,Mobile,United States,Existing
USR06609,improved_results,2026-05-01T00:00:00Z,Mobile,United States,New
USR06610,control,2026-05-01T00:00:00Z,Mobile,United States,Existing
USR06611,improved_results,2026-05-01T00:00:00Z,Mobile,United States,New
USR06612,improved_results,2026-05-01T00:00:00Z,TV,United States,Existing
USR06613,improved_results,2026-05-01T00:00:00Z,Mobile,United States,Existing
USR06614,improved_results,2026-05-01T00:00:00Z,Mobile,United States,New
USR06615,control,2026-05-01T00:00:00Z,Mobile,United States,Existing
USR06616,improved_results,2026-05-01T00:00:00Z,Desktop,Other,Existing
USR06617,control,2026-05-01T00:00:00Z,Desktop,Other,New
USR06618,improved_results,2026-05-01T00:00:00Z,Mobile,United States,Existing
USR06619,improved_results,2026-05-01T00:00:00Z,Desktop,United States,New
USR06620,improved_results,2026-05-01T00:00:00Z,TV,Other,New
USR06621,control,2026-05-01T00:00:00Z,Mobile,Other,Existing
USR06622,improved_results,2026-05-01T00:00:00Z,Mobile,United States,Existing
USR06623,improved_results,2026-05-01T00:00:00Z,TV,United States,Existing
USR06624,control,2026-05-01T00:00:00Z,Mobile,United States,New
USR06625,improved_results,2026-05-01T00:00:00Z,Desktop,United States,Existing
USR06626,improved_results,2026-05-01T00:00:00Z,Mobile,Other,Existing
USR06627,improved_results,2026-05-01T00:00:00Z,Mobile,United States,New
USR06628,control,2026-05-01T00:00:00Z,Desktop,United States,New
USR06629,control,2026-05-01T00:00:00Z,Desktop,Canada,Existing
USR06630,control,2026-05-01T00:00:00Z,Desktop,Canada,Existing
USR06631,control,2026-05-01T00:00:00Z,Mobile,United States,Existing
USR06632,control,2026-05-01T00:00:00Z,Mobile,United States,Existing
USR06633,control,2026-05-01T00:00:00Z,Mobile,United States,Existing
USR06634,control,2026-05-01T00:00:00Z,TV,United States,Existing
USR06635,improved_results,2026-05-01T00:00:00Z,TV,United States,New
USR06636,improved_results,2026-05-01T00:00:00Z,Desktop,United States,Existing
USR06637,improved_results,2026-05-01T00:00:00Z,Mobile,United Kingdom,Existing
USR06638,control,2026-05-01T00:00:00Z,Mobile,United Kingdom,Existing
USR06639,control,2026-05-01T00:00:00Z,Mobile,Canada,New
USR06640,control,2026-05-01T00:00:00Z,TV,United States,Existing
USR06641,improved_results,2026-05-01T00:00:00Z,Desktop,United States,Existing
USR06642,improved_results,2026-05-01T00:00:00Z,Mobile,United States,Existing
USR06643,control,2026-05-01T00:00:00Z,Mobile,United Kingdom,Existing
USR06644,control,2026-05-01T00:00:00Z,Desktop,Canada,Existing
USR06645,improved_results,2026-05-01T00:00:00Z,Mobile,United States,Existing
USR06646,improved_results,2026-05-01T00:00:00Z,TV,United States,Existing
USR06647,control,2026-05-01T00:00:00Z,TV,United States,New
USR06648,improved_results,2026-05-01T00:00:00Z,TV,United States,Existing
USR06649,control,2026-05-01T00:00:00Z,Mobile,Other,New
USR06650,control,2026-05-01T00:00:00Z,Mobile,United States,Existing
USR06651,control,2026-05-01T00:00:00Z,Desktop,United States,Existing
USR06652,improved_results,2026-05-01T00:00:00Z,Desktop,Canada,Existing
USR06653,control,2026-05-01T00:00:00Z,Desktop,United Kingdom,New
USR06654,improved_results,2026-05-01T00:00:00Z,Mobile,United Kingdom,Existing
USR06655,control,2026-05-01T00:00:00Z,Desktop,United States,New
USR06656,control,2026-05-01T00:00:00Z,Desktop,United States,Existing
USR06657,control,2026-05-01T00:00:00Z,Desktop,United States,Existing
USR06658,improved_results,2026-05-01T00:00:00Z,TV,United States,Existing
USR06659,improved_results,2026-05-01T00:00:00Z,Desktop,United States,New
USR06660,control,2026-05-01T00:00:00Z,Mobile,Canada,Existing
USR06661,improved_results,2026-05-01T00:00:00Z,Mobile,United States,New
USR06662,improved_results,2026-05-01T00:00:00Z,Mobile,Other,Existing
USR06663,control,2026-05-01T00:00:00Z,Mobile,Canada,New
USR06664,improved_results,2026-05-01T00:00:00Z,Mobile,United Kingdom,Existing
USR06665,improved_results,2026-05-01T00:00:00Z,Mobile,United States,Existing
USR06666,improved_results,2026-05-01T00:00:00Z,Mobile,United States,Existing
USR06667,improved_results,2026-05-01T00:00:00Z,Desktop,United States,Existing
USR06668,control,2026-05-01T00:00:00Z,Desktop,United States,Existing
USR06669,improved_results,2026-05-01T00:00:00Z,Desktop,United States,Existing
USR06670,improved_results,2026-05-01T00:00:00Z,Desktop,United States,Existing
USR06671,improved_results,2026-05-01T00:00:00Z,Desktop,United States,Existing
USR06672,improved_results,2026-05-01T00:00:00Z,Mobile,United States,Existing
USR06673,control,2026-05-01T00:00:00Z,Mobile,United States,Existing
USR06674,control,2026-05-01T00:00:00Z,Mobile,Other,Existing
USR06675,control,2026-05-01T00:00:00Z,Mobile,Canada,Existing
USR06676,control,2026-05-01T00:00:00Z,TV,United Kingdom,Existing
USR06677,improved_results,2026-05-01T00:00:00Z,Mobile,Other,New
USR06678,control,2026-05-01T00:00:00Z,TV,Other,Existing
USR06679,control,2026-05-01T00:00:00Z,TV,United States,Existing
USR06680,control,2026-05-01T00:00:00Z,Mobile,United Kingdom,Existing
USR06681,control,2026-05-01T00:00:00Z,Mobile,Canada,Existing
USR06682,control,2026-05-01T00:00:00Z,TV,United States,Existing
USR06683,improved_results,2026-05-01T00:00:00Z,Desktop,United States,Existing
USR06684,improved_results,2026-05-01T00:00:00Z,Mobile,Canada,Existing
USR06685,control,2026-05-01T00:00:00Z,Mobile,United States,Existing
USR06686,improved_results,2026-05-01T00:00:00Z,Mobile,United States,Existing
USR06687,improved_results,2026-05-01T00:00:00Z,Desktop,United States,Existing
USR06688,control,2026-05-01T00:00:00Z,TV,Canada,Existing
USR06689,improved_results,2026-05-01T00:00:00Z,TV,United Kingdom,Existing
USR06690,improved_results,2026-05-01T00:00:00Z,Mobile,United States,Existing
USR06691,improved_results,2026-05-01T00:00:00Z,Mobile,United States,Existing
USR06692,control,2026-05-01T00:00:00Z,Desktop,United States,Existing
USR06693,improved_results,2026-05-01T00:00:00Z,Desktop,Canada,Existing
USR06694,control,2026-05-01T00:00:00Z,TV,United States,Existing
USR06695,control,2026-05-01T00:00:00Z,Mobile,Other,New
USR06696,control,2026-05-01T00:00:00Z,Desktop,United States,New
USR06697,improved_results,2026-05-01T00:00:00Z,Mobile,United States,Existing
USR06698,control,2026-05-01T00:00:00Z,Mobile,Canada,Existing
USR06699,control,2026-05-01T00:00:00Z,Mobile,United States,New
USR06700,improved_results,2026-05-01T00:00:00Z,TV,United States,Existing
USR06701,improved_results,2026-05-01T00:00:00Z,Desktop,United States,Existing
USR06702,improved_results,2026-05-01T00:00:00Z,Mobile,United States,Existing
USR06703,improved_results,2026-05-01T00:00:00Z,TV,Canada,Existing
USR06704,control,2026-05-01T00:00:00Z,TV,Other,New
USR06705,control,2026-05-01T00:00:00Z,Desktop,United States,Existing
USR06706,control,2026-05-01T00:00:00Z,Mobile,United States,New
USR06707,control,2026-05-01T00:00:00Z,Mobile,United States,Existing
USR06708,control,2026-05-01T00:00:00Z,Mobile,Other,New
USR06709,control,2026-05-01T00:00:00Z,Mobile,United States,New
USR06710,control,2026-05-01T00:00:00Z,Desktop,Canada,New
USR06711,control,2026-05-01T00:00:00Z,TV,Canada,Existing
USR06712,improved_results,2026-05-01T00:00:00Z,Mobile,United States,Existing
USR06713,improved_results,2026-05-01T00:00:00Z,Mobile,United Kingdom,Existing
USR06714,control,2026-05-01T00:00:00Z,Desktop,Other,Existing
USR06715,improved_results,2026-05-01T00:00:00Z,Mobile,Other,Existing
USR06716,improved_results,2026-05-01T00:00:00Z,Mobile,United States,Existing
USR06717,control,2026-05-01T00:00:00Z,Mobile,United Kingdom,New
USR06718,improved_results,2026-05-01T00:00:00Z,Mobile,Other,Existing
USR06719,improved_results,2026-05-01T00:00:00Z,Desktop,United States,New
USR06720,control,2026-05-01T00:00:00Z,Desktop,United States,Existing
USR06721,improved_results,2026-05-01T00:00:00Z,Mobile,Other,New
USR06722,improved_results,2026-05-01T00:00:00Z,Mobile,United States,Existing
USR06723,control,2026-05-01T00:00:00Z,Desktop,United States,Existing
USR06724,improved_results,2026-05-01T00:00:00Z,Mobile,United States,Existing
USR06725,improved_results,2026-05-01T00:00:00Z,TV,United States,Existing
USR06726,control,2026-05-01T00:00:00Z,Mobile,Other,New
USR06727,improved_results,2026-05-01T00:00:00Z,Desktop,Canada,Existing
USR06728,control,2026-05-01T00:00:00Z,Mobile,Canada,Existing
USR06729,improved_results,2026-05-01T00:00:00Z,Desktop,United States,New
USR06730,control,2026-05-01T00:00:00Z,Desktop,United Kingdom,Existing
USR06731,improved_results,2026-05-01T00:00:00Z,Mobile,United States,Existing
USR06732,improved_results,2026-05-01T00:00:00Z,Desktop,United States,Existing
USR06733,improved_results,2026-05-01T00:00:00Z,Mobile,United States,New
USR06734,control,2026-05-01T00:00:00Z,Desktop,United States,Existing
USR06735,improved_results,2026-05-01T00:00:00Z,Mobile,United States,Existing
USR06736,improved_results,2026-05-01T00:00:00Z,Desktop,United States,New
USR06737,control,2026-05-01T00:00:00Z,Mobile,United States,Existing
USR06738,control,2026-05-01T00:00:00Z,Mobile,United States,Existing
USR06739,improved_results,2026-05-01T00:00:00Z,Mobile,United States,Existing
USR06740,improved_results,2026-05-01T00:00:00Z,Desktop,United States,Existing
USR06741,control,2026-05-01T00:00:00Z,TV,United States,Existing
USR06742,control,2026-05-01T00:00:00Z,Mobile,United States,New
USR06743,control,2026-05-01T00:00:00Z,Mobile,United Kingdom,Existing
USR06744,control,2026-05-01T00:00:00Z,TV,United Kingdom,Existing
USR06745,control,2026-05-01T00:00:00Z,Mobile,Canada,Existing
USR06746,improved_results,2026-05-01T00:00:00Z,Mobile,United States,Existing
USR06747,control,2026-05-01T00:00:00Z,Desktop,United States,New
USR06748,improved_results,2026-05-01T00:00:00Z,Desktop,United States,New
USR06749,control,2026-05-01T00:00:00Z,Desktop,Canada,Existing
USR06750,control,2026-05-01T00:00:00Z,Mobile,United States,New
USR06751,control,2026-05-01T00:00:00Z,TV,Other,New
USR06752,improved_results,2026-05-01T00:00:00Z,Mobile,United States,Existing
USR06753,improved_results,2026-05-01T00:00:00Z,Mobile,United Kingdom,Existing
USR06754,control,2026-05-01T00:00:00Z,Mobile,United States,Existing
USR06755,improved_results,2026-05-01T00:00:00Z,Mobile,Canada,New
USR06756,control,2026-05-01T00:00:00Z,Desktop,Canada,Existing
USR06757,control,2026-05-01T00:00:00Z,Desktop,United States,Existing
USR06758,improved_results,2026-05-01T00:00:00Z,Desktop,United States,Existing
USR06759,improved_results,2026-05-01T00:00:00Z,Desktop,United States,Existing
USR06760,control,2026-05-01T00:00:00Z,Mobile,Canada,Existing
USR06761,control,2026-05-01T00:00:00Z,Mobile,United States,Existing
USR06762,control,2026-05-01T00:00:00Z,Mobile,United States,Existing
USR06763,control,2026-05-01T00:00:00Z,Mobile,United Kingdom,Existing
USR06764,improved_results,2026-05-01T00:00:00Z,Desktop,United States,Existing
USR06765,improved_results,2026-05-01T00:00:00Z,Mobile,Other,Existing
USR06766,control,2026-05-01T00:00:00Z,Mobile,United States,New
USR06767,control,2026-05-01T00:00:00Z,Mobile,Canada,New
USR06768,improved_results,2026-05-01T00:00:00Z,Mobile,United States,New
USR06769,improved_results,2026-05-01T00:00:00Z,Mobile,Canada,New
USR06770,improved_results,2026-05-01T00:00:00Z,Mobile,United States,Existing
USR06771,control,2026-05-01T00:00:00Z,Desktop,United States,Existing
USR06772,control,2026-05-01T00:00:00Z,Mobile,Other,Existing
USR06773,improved_results,2026-05-01T00:00:00Z,Mobile,United States,Existing
USR06774,improved_results,2026-05-01T00:00:00Z,Mobile,United States,Existing
USR06775,improved_results,2026-05-01T00:00:00Z,Mobile,United Kingdom,Existing
USR06776,improved_results,2026-05-01T00:00:00Z,Mobile,United States,New
USR06777,control,2026-05-01T00:00:00Z,Mobile,United States,Existing
USR06778,improved_results,2026-05-01T00:00:00Z,Desktop,Canada,Existing
USR06779,improved_results,2026-05-01T00:00:00Z,Mobile,Other,Existing
USR06780,control,2026-05-01T00:00:00Z,Mobile,United States,Existing
USR06781,improved_results,2026-05-01T00:00:00Z,Desktop,United States,Existing
USR06782,control,2026-05-01T00:00:00Z,Mobile,United States,Existing
USR06783,control,2026-05-01T00:00:00Z,TV,United States,Existing
USR06784,improved_results,2026-05-01T00:00:00Z,Mobile,United Kingdom,Existing
USR06785,control,2026-05-01T00:00:00Z,Mobile,United States,New
USR06786,improved_results,2026-05-01T00:00:00Z,Mobile,United States,Existing
USR06787,control,2026-05-01T00:00:00Z,Desktop,United States,New
USR06788,control,2026-05-01T00:00:00Z,Mobile,United States,Existing
USR06789,control,2026-05-01T00:00:00Z,Mobile,United Kingdom,New
USR06790,control,2026-05-01T00:00:00Z,TV,United States,Existing
USR06791,improved_results,2026-05-01T00:00:00Z,Mobile,Other,Existing
USR06792,improved_results,2026-05-01T00:00:00Z,Desktop,United States,Existing
USR06793,improved_results,2026-05-01T00:00:00Z,Mobile,Other,Existing
USR06794,control,2026-05-01T00:00:00Z,TV,Other,Existing
USR06795,control,2026-05-01T00:00:00Z,Mobile,United States,Existing
USR06796,control,2026-05-01T00:00:00Z,Mobile,United States,New
USR06797,control,2026-05-01T00:00:00Z,Desktop,Other,Existing
USR06798,control,2026-05-01T00:00:00Z,Mobile,United States,Existing
USR06799,control,2026-05-01T00:00:00Z,Mobile,United States,Existing
USR06800,control,2026-05-01T00:00:00Z,TV,United States,Existing
USR06801,control,2026-05-01T00:00:00Z,Mobile,United States,Existing
USR06802,improved_results,2026-05-01T00:00:00Z,Mobile,Canada,New
USR06803,control,2026-05-01T00:00:00Z,Mobile,United States,Existing
USR06804,improved_results,2026-05-01T00:00:00Z,Mobile,United Kingdom,New
USR06805,improved_results,2026-05-01T00:00:00Z,Mobile,United States,Existing
USR06806,improved_results,2026-05-01T00:00:00Z,Mobile,United States,Existing
USR06807,improved_results,2026-05-01T00:00:00Z,Mobile,United Kingdom,Existing
USR06808,improved_results,2026-05-01T00:00:00Z,Mobile,United States,Existing
USR06809,improved_results,2026-05-01T00:00:00Z,Mobile,Canada,Existing
USR06810,improved_results,2026-05-01T00:00:00Z,Mobile,United States,Existing
USR06811,control,2026-05-01T00:00:00Z,Mobile,United States,Existing
USR06812,control,2026-05-01T00:00:00Z,Mobile,United Kingdom,Existing
USR06813,control,2026-05-01T00:00:00Z,TV,Canada,New
USR06814,control,2026-05-01T00:00:00Z,Mobile,Other,New
USR06815,control,2026-05-01T00:00:00Z,Desktop,United States,New
USR06816,control,2026-05-01T00:00:00Z,Mobile,United States,Existing
USR06817,control,2026-05-01T00:00:00Z,Mobile,Other,New
USR06818,improved_results,2026-05-01T00:00:00Z,Mobile,Other,Existing
USR06819,improved_results,2026-05-01T00:00:00Z,Desktop,United Kingdom,Existing
USR06820,improved_results,2026-05-01T00:00:00Z,Mobile,United Kingdom,New
USR06821,control,2026-05-01T00:00:00Z,Mobile,United States,Existing
USR06822,improved_results,2026-05-01T00:00:00Z,Desktop,Other,Existing
USR06823,improved_results,2026-05-01T00:00:00Z,Desktop,United States,Existing
USR06824,control,2026-05-01T00:00:00Z,TV,Other,Existing
USR06825,control,2026-05-01T00:00:00Z,Desktop,United States,Existing
USR06826,improved_results,2026-05-01T00:00:00Z,Mobile,United States,Existing
USR06827,improved_results,2026-05-01T00:00:00Z,Mobile,Other,Existing
USR06828,control,2026-05-01T00:00:00Z,Mobile,United States,Existing
USR06829,control,2026-05-01T00:00:00Z,TV,United Kingdom,Existing
USR06830,improved_results,2026-05-01T00:00:00Z,Desktop,United States,Existing
USR06831,improved_results,2026-05-01T00:00:00Z,Mobile,Canada,Existing
USR06832,control,2026-05-01T00:00:00Z,Mobile,Canada,Existing
USR06833,improved_results,2026-05-01T00:00:00Z,Mobile,United States,New
USR06834,control,2026-05-01T00:00:00Z,Mobile,United States,New
USR06835,improved_results,2026-05-01T00:00:00Z,Desktop,Other,New
USR06836,control,2026-05-01T00:00:00Z,Mobile,United States,Existing
USR06837,improved_results,2026-05-01T00:00:00Z,Mobile,United States,Existing
USR06838,control,2026-05-01T00:00:00Z,Mobile,United States,Existing
USR06839,improved_results,2026-05-01T00:00:00Z,Mobile,Canada,Existing
USR06840,improved_results,2026-05-01T00:00:00Z,Mobile,United States,Existing
USR06841,control,2026-05-01T00:00:00Z,Mobile,United States,Existing
USR06842,improved_results,2026-05-01T00:00:00Z,Desktop,United States,New
USR06843,improved_results,2026-05-01T00:00:00Z,Mobile,United States,Existing
USR06844,improved_results,2026-05-01T00:00:00Z,Mobile,United States,Existing
USR06845,control,2026-05-01T00:00:00Z,Mobile,United States,Existing
USR06846,control,2026-05-01T00:00:00Z,Mobile,Other,Existing
USR06847,improved_results,2026-05-01T00:00:00Z,Desktop,United States,Existing
USR06848,improved_results,2026-05-01T00:00:00Z,Mobile,Other,Existing
USR06849,improved_results,2026-05-01T00:00:00Z,Mobile,United States,Existing
USR06850,improved_results,2026-05-01T00:00:00Z,Mobile,United Kingdom,Existing
USR06851,improved_results,2026-05-01T00:00:00Z,Mobile,Canada,New
USR06852,improved_results,2026-05-01T00:00:00Z,TV,Canada,Existing
USR06853,improved_results,2026-05-01T00:00:00Z,Mobile,United Kingdom,Existing
USR06854,improved_results,2026-05-01T00:00:00Z,Mobile,United States,Existing
USR06855,improved_results,2026-05-01T00:00:00Z,Mobile,United States,Existing
USR06856,control,2026-05-01T00:00:00Z,Mobile,United States,New
USR06857,control,2026-05-01T00:00:00Z,TV,United Kingdom,New
USR06858,improved_results,2026-05-01T00:00:00Z,Mobile,United States,Existing
USR06859,improved_results,2026-05-01T00:00:00Z,Mobile,United States,Existing
USR06860,improved_results,2026-05-01T00:00:00Z,Mobile,United States,Existing
USR06861,improved_results,2026-05-01T00:00:00Z,Desktop,United Kingdom,Existing
USR06862,improved_results,2026-05-01T00:00:00Z,Mobile,United Kingdom,New
USR06863,control,2026-05-01T00:00:00Z,TV,United States,New
USR06864,improved_results,2026-05-01T00:00:00Z,TV,United States,New
USR06865,improved_results,2026-05-01T00:00:00Z,Mobile,United States,Existing
USR06866,improved_results,2026-05-01T00:00:00Z,Mobile,United States,Existing
USR06867,improved_results,2026-05-01T00:00:00Z,Mobile,United States,New
USR06868,control,2026-05-01T00:00:00Z,Desktop,United States,Existing
USR06869,improved_results,2026-05-01T00:00:00Z,Desktop,Other,Existing
USR06870,improved_results,2026-05-01T00:00:00Z,Desktop,United States,Existing
USR06871,improved_results,2026-05-01T00:00:00Z,Desktop,United States,New
USR06872,control,2026-05-01T00:00:00Z,Desktop,United States,New
USR06873,control,2026-05-01T00:00:00Z,Mobile,Canada,Existing
USR06874,control,2026-05-01T00:00:00Z,Mobile,United States,New
USR06875,control,2026-05-01T00:00:00Z,Mobile,United States,Existing
USR06876,improved_results,2026-05-01T00:00:00Z,Desktop,United States,Existing
USR06877,control,2026-05-01T00:00:00Z,Mobile,United States,New
USR06878,control,2026-05-01T00:00:00Z,Mobile,United States,New
USR06879,control,2026-05-01T00:00:00Z,Mobile,United States,Existing
USR06880,control,2026-05-01T00:00:00Z,Desktop,Other,New
USR06881,improved_results,2026-05-01T00:00:00Z,Mobile,United States,New
USR06882,improved_results,2026-05-01T00:00:00Z,Desktop,United States,Existing
USR06883,control,2026-05-01T00:00:00Z,Mobile,United States,Existing
USR06884,improved_results,2026-05-01T00:00:00Z,Mobile,United States,Existing
USR06885,improved_results,2026-05-01T00:00:00Z,Mobile,United States,Existing
USR06886,control,2026-05-01T00:00:00Z,Desktop,United States,Existing
USR06887,improved_results,2026-05-01T00:00:00Z,Mobile,United States,New
USR06888,control,2026-05-01T00:00:00Z,Mobile,United States,New
USR06889,improved_results,2026-05-01T00:00:00Z,Desktop,United States,Existing
USR06890,improved_results,2026-05-01T00:00:00Z,Mobile,Other,Existing
USR06891,control,2026-05-01T00:00:00Z,TV,United States,New
USR06892,control,2026-05-01T00:00:00Z,Mobile,Other,Existing
USR06893,improved_results,2026-05-01T00:00:00Z,Mobile,United States,New
USR06894,improved_results,2026-05-01T00:00:00Z,Mobile,United States,Existing
USR06895,improved_results,2026-05-01T00:00:00Z,TV,Canada,Existing
USR06896,control,2026-05-01T00:00:00Z,TV,United States,New
USR06897,control,2026-05-01T00:00:00Z,Mobile,United States,Existing
USR06898,control,2026-05-01T00:00:00Z,Mobile,United States,New
USR06899,control,2026-05-01T00:00:00Z,Desktop,United States,New
USR06900,improved_results,2026-05-01T00:00:00Z,TV,United Kingdom,Existing
USR06901,control,2026-05-01T00:00:00Z,Mobile,United States,New
USR06902,improved_results,2026-05-01T00:00:00Z,Desktop,United States,Existing
USR06903,improved_results,2026-05-01T00:00:00Z,Mobile,Other,New
USR06904,control,2026-05-01T00:00:00Z,Desktop,United States,Existing
USR06905,improved_results,2026-05-01T00:00:00Z,Mobile,United Kingdom,New
USR06906,control,2026-05-01T00:00:00Z,Mobile,United States,Existing
USR06907,control,2026-05-01T00:00:00Z,Mobile,United States,New
USR06908,improved_results,2026-05-01T00:00:00Z,TV,Other,New
USR06909,improved_results,2026-05-01T00:00:00Z,Desktop,United States,Existing
USR06910,control,2026-05-01T00:00:00Z,Desktop,United States,New
USR06911,improved_results,2026-05-01T00:00:00Z,Mobile,United States,Existing
USR06912,control,2026-05-01T00:00:00Z,Mobile,Other,Existing
USR06913,control,2026-05-01T00:00:00Z,Mobile,United States,Existing
USR06914,control,2026-05-01T00:00:00Z,Desktop,Other,Existing
USR06915,improved_results,2026-05-01T00:00:00Z,Mobile,United States,New
USR06916,control,2026-05-01T00:00:00Z,Mobile,United States,Existing
USR06917,control,2026-05-01T00:00:00Z,Mobile,United States,Existing
USR06918,control,2026-05-01T00:00:00Z,Mobile,United States,Existing
USR06919,control,2026-05-01T00:00:00Z,Desktop,United States,Existing
USR06920,improved_results,2026-05-01T00:00:00Z,Mobile,Canada,Existing
USR06921,control,2026-05-01T00:00:00Z,Mobile,Other,Existing
USR06922,improved_results,2026-05-01T00:00:00Z,Desktop,United States,Existing
USR06923,control,2026-05-01T00:00:00Z,Mobile,United Kingdom,Existing
USR06924,control,2026-05-01T00:00:00Z,Mobile,United States,Existing
USR06925,improved_results,2026-05-01T00:00:00Z,Mobile,United States,Existing
USR06926,improved_results,2026-05-01T00:00:00Z,Mobile,United States,New
USR06927,improved_results,2026-05-01T00:00:00Z,TV,United States,Existing
USR06928,improved_results,2026-05-01T00:00:00Z,Mobile,United States,Existing
USR06929,control,2026-05-01T00:00:00Z,Mobile,United States,New
USR06930,control,2026-05-01T00:00:00Z,Mobile,United States,Existing
USR06931,control,2026-05-01T00:00:00Z,Mobile,Canada,Existing
USR06932,control,2026-05-01T00:00:00Z,Mobile,United States,New
USR06933,control,2026-05-01T00:00:00Z,Mobile,Other,Existing
USR06934,control,2026-05-01T00:00:00Z,TV,United States,New
USR06935,control,2026-05-01T00:00:00Z,Mobile,United Kingdom,Existing
USR06936,control,2026-05-01T00:00:00Z,Mobile,United States,Existing
USR06937,improved_results,2026-05-01T00:00:00Z,Desktop,United States,New
USR06938,control,2026-05-01T00:00:00Z,Mobile,United States,Existing
USR06939,improved_results,2026-05-01T00:00:00Z,Mobile,United States,New
USR06940,control,2026-05-01T00:00:00Z,TV,United Kingdom,Existing
USR06941,improved_results,2026-05-01T00:00:00Z,Mobile,United States,Existing
USR06942,improved_results,2026-05-01T00:00:00Z,Mobile,United States,New
USR06943,improved_results,2026-05-01T00:00:00Z,Mobile,Canada,Existing
USR06944,control,2026-05-01T00:00:00Z,Mobile,Other,Existing
USR06945,control,2026-05-01T00:00:00Z,TV,United Kingdom,Existing
USR06946,improved_results,2026-05-01T00:00:00Z,Mobile,United States,Existing
USR06947,control,2026-05-01T00:00:00Z,Desktop,United States,New
USR06948,control,2026-05-01T00:00:00Z,Mobile,United States,Existing
USR06949,control,2026-05-01T00:00:00Z,Desktop,United States,New
USR06950,control,2026-05-01T00:00:00Z,Mobile,United States,New
USR06951,control,2026-05-01T00:00:00Z,Mobile,United States,Existing
USR06952,control,2026-05-01T00:00:00Z,Desktop,United States,New
USR06953,control,2026-05-01T00:00:00Z,TV,Canada,Existing
USR06954,control,2026-05-01T00:00:00Z,Mobile,United States,Existing
USR06955,improved_results,2026-05-01T00:00:00Z,Mobile,Other,New
USR06956,control,2026-05-01T00:00:00Z,Mobile,United States,Existing
USR06957,improved_results,2026-05-01T00:00:00Z,TV,United States,Existing
USR06958,control,2026-05-01T00:00:00Z,Desktop,Other,Existing
USR06959,improved_results,2026-05-01T00:00:00Z,TV,United States,New
USR06960,improved_results,2026-05-01T00:00:00Z,Desktop,United States,Existing
USR06961,control,2026-05-01T00:00:00Z,Mobile,Other,Existing
USR06962,improved_results,2026-05-01T00:00:00Z,Mobile,United States,Existing
USR06963,control,2026-05-01T00:00:00Z,TV,Canada,Existing
USR06964,improved_results,2026-05-01T00:00:00Z,Mobile,United States,New
USR06965,improved_results,2026-05-01T00:00:00Z,Mobile,United States,Existing
USR06966,improved_results,2026-05-01T00:00:00Z,Mobile,United States,New
USR06967,control,2026-05-01T00:00:00Z,Mobile,United States,Existing
USR06968,control,2026-05-01T00:00:00Z,Mobile,United Kingdom,Existing
USR06969,improved_results,2026-05-01T00:00:00Z,Mobile,United States,Existing
USR06970,improved_results,2026-05-01T00:00:00Z,TV,United States,New
USR06971,improved_results,2026-05-01T00:00:00Z,Mobile,Canada,Existing
USR06972,control,2026-05-01T00:00:00Z,Mobile,United States,Existing
USR06973,improved_results,2026-05-01T00:00:00Z,Desktop,United States,New
USR06974,control,2026-05-01T00:00:00Z,TV,United States,Existing
USR06975,improved_results,2026-05-01T00:00:00Z,Mobile,United States,Existing
USR06976,improved_results,2026-05-01T00:00:00Z,Mobile,United States,New
USR06977,control,2026-05-01T00:00:00Z,TV,United States,Existing
USR06978,improved_results,2026-05-01T00:00:00Z,Mobile,Other,Existing
USR06979,improved_results,2026-05-01T00:00:00Z,Desktop,United States,Existing
USR06980,improved_results,2026-05-01T00:00:00Z,TV,United States,Existing
USR06981,improved_results,2026-05-01T00:00:00Z,Mobile,United States,Existing
USR06982,control,2026-05-01T00:00:00Z,Mobile,United States,Existing
USR06983,improved_results,2026-05-01T00:00:00Z,Mobile,United States,Existing
USR06984,improved_results,2026-05-01T00:00:00Z,Desktop,United States,Existing
USR06985,improved_results,2026-05-01T00:00:00Z,Mobile,United Kingdom,Existing
USR06986,improved_results,2026-05-01T00:00:00Z,TV,Other,Existing
USR06987,improved_results,2026-05-01T00:00:00Z,TV,Canada,New
USR06988,control,2026-05-01T00:00:00Z,Desktop,Other,Existing
USR06989,control,2026-05-01T00:00:00Z,Mobile,Other,Existing
USR06990,improved_results,2026-05-01T00:00:00Z,Mobile,Other,Existing
USR06991,control,2026-05-01T00:00:00Z,Mobile,United States,Existing
USR06992,improved_results,2026-05-01T00:00:00Z,Mobile,United States,Existing
USR06993,control,2026-05-01T00:00:00Z,Desktop,United States,Existing
USR06994,improved_results,2026-05-01T00:00:00Z,Desktop,United States,New
USR06995,control,2026-05-01T00:00:00Z,Mobile,United States,New
USR06996,improved_results,2026-05-01T00:00:00Z,Desktop,United States,Existing
USR06997,control,2026-05-01T00:00:00Z,TV,United States,Existing
USR06998,improved_results,2026-05-01T00:00:00Z,Mobile,United Kingdom,Existing
USR06999,control,2026-05-01T00:00:00Z,Mobile,United States,Existing
USR07000,control,2026-05-01T00:00:00Z,Mobile,Canada,Existing
USR07001,control,2026-05-01T00:00:00Z,Desktop,United States,New
USR07002,control,2026-05-01T00:00:00Z,Mobile,United States,Existing
USR07003,control,2026-05-01T00:00:00Z,Mobile,United States,Existing
USR07004,control,2026-05-01T00:00:00Z,Mobile,United States,Existing
USR07005,improved_results,2026-05-01T00:00:00Z,Mobile,United States,Existing
USR07006,improved_results,2026-05-01T00:00:00Z,Mobile,Other,Existing
USR07007,improved_results,2026-05-01T00:00:00Z,Desktop,Canada,New
USR07008,control,2026-05-01T00:00:00Z,Mobile,United States,New
USR07009,improved_results,2026-05-01T00:00:00Z,TV,United States,Existing
USR07010,improved_results,2026-05-01T00:00:00Z,Mobile,United States,Existing
USR07011,improved_results,2026-05-01T00:00:00Z,Mobile,United Kingdom,New
USR07012,improved_results,2026-05-01T00:00:00Z,Desktop,United States,Existing
USR07013,control,2026-05-01T00:00:00Z,Mobile,Canada,Existing
USR07014,control,2026-05-01T00:00:00Z,TV,United States,New
USR07015,control,2026-05-01T00:00:00Z,TV,United States,New
USR07016,control,2026-05-01T00:00:00Z,Mobile,United States,Existing
USR07017,improved_results,2026-05-01T00:00:00Z,Mobile,Canada,Existing
USR07018,control,2026-05-01T00:00:00Z,Mobile,Canada,Existing
USR07019,improved_results,2026-05-01T00:00:00Z,Mobile,United States,Existing
USR07020,improved_results,2026-05-01T00:00:00Z,Mobile,United States,Existing
USR07021,control,2026-05-01T00:00:00Z,Mobile,United States,Existing
USR07022,improved_results,2026-05-01T00:00:00Z,Mobile,United States,Existing
USR07023,control,2026-05-01T00:00:00Z,Mobile,United Kingdom,Existing
USR07024,improved_results,2026-05-01T00:00:00Z,Desktop,United States,Existing
USR07025,improved_results,2026-05-01T00:00:00Z,Mobile,Other,Existing
USR07026,improved_results,2026-05-01T00:00:00Z,Desktop,United States,Existing
USR07027,improved_results,2026-05-01T00:00:00Z,Mobile,Canada,Existing
USR07028,improved_results,2026-05-01T00:00:00Z,Mobile,United States,Existing
USR07029,control,2026-05-01T00:00:00Z,TV,Other,New
USR07030,control,2026-05-01T00:00:00Z,Desktop,United Kingdom,Existing
USR07031,improved_results,2026-05-01T00:00:00Z,TV,United States,Existing
USR07032,improved_results,2026-05-01T00:00:00Z,Mobile,Other,Existing
USR07033,control,2026-05-01T00:00:00Z,Mobile,United Kingdom,New
USR07034,control,2026-05-01T00:00:00Z,Mobile,Other,Existing
USR07035,control,2026-05-01T00:00:00Z,Mobile,United States,Existing
USR07036,control,2026-05-01T00:00:00Z,Mobile,United States,Existing
USR07037,improved_results,2026-05-01T00:00:00Z,Mobile,United States,Existing
USR07038,control,2026-05-01T00:00:00Z,Mobile,United States,Existing
USR07039,improved_results,2026-05-01T00:00:00Z,Mobile,United States,New
USR07040,control,2026-05-01T00:00:00Z,TV,United States,Existing
USR07041,control,2026-05-01T00:00:00Z,Desktop,United Kingdom,New
USR07042,control,2026-05-01T00:00:00Z,Mobile,United States,Existing
USR07043,improved_results,2026-05-01T00:00:00Z,Mobile,Other,Existing
USR07044,control,2026-05-01T00:00:00Z,Mobile,Canada,New
USR07045,improved_results,2026-05-01T00:00:00Z,Mobile,United States,Existing
USR07046,control,2026-05-01T00:00:00Z,Mobile,Canada,Existing
USR07047,improved_results,2026-05-01T00:00:00Z,Desktop,United States,Existing
USR07048,control,2026-05-01T00:00:00Z,Mobile,United States,Existing
USR07049,improved_results,2026-05-01T00:00:00Z,Desktop,United States,Existing
USR07050,control,2026-05-01T00:00:00Z,Mobile,United States,New
USR07051,control,2026-05-01T00:00:00Z,Mobile,Other,Existing
USR07052,control,2026-05-01T00:00:00Z,Mobile,United States,Existing
USR07053,control,2026-05-01T00:00:00Z,Desktop,Canada,New
USR07054,control,2026-05-01T00:00:00Z,Mobile,United States,Existing
USR07055,improved_results,2026-05-01T00:00:00Z,TV,Other,Existing
USR07056,improved_results,2026-05-01T00:00:00Z,Mobile,United Kingdom,Existing
USR07057,improved_results,2026-05-01T00:00:00Z,Mobile,United States,Existing
USR07058,control,2026-05-01T00:00:00Z,Mobile,Canada,Existing
USR07059,improved_results,2026-05-01T00:00:00Z,Desktop,United Kingdom,New
USR07060,control,2026-05-01T00:00:00Z,Desktop,United States,Existing
USR07061,control,2026-05-01T00:00:00Z,Desktop,United States,Existing
USR07062,control,2026-05-01T00:00:00Z,Desktop,United Kingdom,Existing
USR07063,control,2026-05-01T00:00:00Z,Mobile,Other,Existing
USR07064,control,2026-05-01T00:00:00Z,Mobile,Canada,Existing
USR07065,improved_results,2026-05-01T00:00:00Z,Desktop,Canada,Existing
USR07066,control,2026-05-01T00:00:00Z,Desktop,United States,New
USR07067,improved_results,2026-05-01T00:00:00Z,Mobile,Canada,Existing
USR07068,control,2026-05-01T00:00:00Z,TV,Canada,New
USR07069,improved_results,2026-05-01T00:00:00Z,Mobile,United States,Existing
USR07070,control,2026-05-01T00:00:00Z,Desktop,Other,Existing
USR07071,improved_results,2026-05-01T00:00:00Z,Mobile,United States,Existing
USR07072,control,2026-05-01T00:00:00Z,TV,United States,Existing
USR07073,control,2026-05-01T00:00:00Z,Mobile,United States,Existing
USR07074,control,2026-05-01T00:00:00Z,TV,United States,Existing
USR07075,control,2026-05-01T00:00:00Z,Mobile,United States,Existing
USR07076,improved_results,2026-05-01T00:00:00Z,Desktop,United States,Existing
USR07077,control,2026-05-01T00:00:00Z,Mobile,United States,Existing
USR07078,control,2026-05-01T00:00:00Z,TV,Canada,Existing
USR07079,improved_results,2026-05-01T00:00:00Z,Mobile,United States,Existing
USR07080,improved_results,2026-05-01T00:00:00Z,TV,United States,New
USR07081,control,2026-05-01T00:00:00Z,Desktop,United States,New
USR07082,control,2026-05-01T00:00:00Z,Mobile,United States,Existing
USR07083,improved_results,2026-05-01T00:00:00Z,Desktop,United States,Existing
USR07084,improved_results,2026-05-01T00:00:00Z,Desktop,United States,New
USR07085,improved_results,2026-05-01T00:00:00Z,Desktop,United States,Existing
USR07086,improved_results,2026-05-01T00:00:00Z,Mobile,Canada,Existing
USR07087,improved_results,2026-05-01T00:00:00Z,Desktop,United States,Existing
USR07088,control,2026-05-01T00:00:00Z,Mobile,United States,New
USR07089,control,2026-05-01T00:00:00Z,Mobile,Other,Existing
USR07090,control,2026-05-01T00:00:00Z,TV,United States,Existing
USR07091,control,2026-05-01T00:00:00Z,Mobile,United Kingdom,New
USR07092,control,2026-05-01T00:00:00Z,TV,United States,New
USR07093,improved_results,2026-05-01T00:00:00Z,Desktop,United Kingdom,New
USR07094,improved_results,2026-05-01T00:00:00Z,Desktop,United States,Existing
USR07095,improved_results,2026-05-01T00:00:00Z,Desktop,United States,Existing
USR07096,control,2026-05-01T00:00:00Z,Mobile,United States,Existing
USR07097,control,2026-05-01T00:00:00Z,Desktop,United States,New
USR07098,control,2026-05-01T00:00:00Z,Mobile,Canada,Existing
USR07099,improved_results,2026-05-01T00:00:00Z,Desktop,United Kingdom,Existing
USR07100,control,2026-05-01T00:00:00Z,TV,United States,New
USR07101,improved_results,2026-05-01T00:00:00Z,Mobile,United Kingdom,Existing
USR07102,control,2026-05-01T00:00:00Z,Desktop,United Kingdom,Existing
USR07103,improved_results,2026-05-01T00:00:00Z,Mobile,Canada,Existing
USR07104,control,2026-05-01T00:00:00Z,Desktop,United States,Existing
USR07105,improved_results,2026-05-01T00:00:00Z,Mobile,Other,Existing
USR07106,control,2026-05-01T00:00:00Z,Mobile,United States,Existing
USR07107,control,2026-05-01T00:00:00Z,Mobile,United States,Existing
USR07108,improved_results,2026-05-01T00:00:00Z,Mobile,United Kingdom,New
USR07109,control,2026-05-01T00:00:00Z,Mobile,United States,New
USR07110,improved_results,2026-05-01T00:00:00Z,Mobile,United States,Existing
USR07111,improved_results,2026-05-01T00:00:00Z,Desktop,United Kingdom,Existing
USR07112,control,2026-05-01T00:00:00Z,Mobile,United States,Existing
USR07113,improved_results,2026-05-01T00:00:00Z,TV,United Kingdom,Existing
USR07114,control,2026-05-01T00:00:00Z,Mobile,Canada,Existing
USR07115,improved_results,2026-05-01T00:00:00Z,TV,Canada,New
USR07116,control,2026-05-01T00:00:00Z,Desktop,United States,Existing
USR07117,improved_results,2026-05-01T00:00:00Z,Desktop,United States,New
USR07118,control,2026-05-01T00:00:00Z,Mobile,Canada,Existing
USR07119,improved_results,2026-05-01T00:00:00Z,Mobile,Canada,New
USR07120,improved_results,2026-05-01T00:00:00Z,Desktop,United States,New
USR07121,improved_results,2026-05-01T00:00:00Z,Mobile,United States,Existing
USR07122,control,2026-05-01T00:00:00Z,Mobile,Other,New
USR07123,control,2026-05-01T00:00:00Z,Mobile,Other,Existing
USR07124,improved_results,2026-05-01T00:00:00Z,TV,United States,Existing
USR07125,control,2026-05-01T00:00:00Z,Mobile,Canada,New
USR07126,control,2026-05-01T00:00:00Z,Desktop,Other,Existing
USR07127,improved_results,2026-05-01T00:00:00Z,Mobile,United States,New
USR07128,control,2026-05-01T00:00:00Z,TV,United States,New
USR07129,improved_results,2026-05-01T00:00:00Z,Mobile,United States,Existing
USR07130,control,2026-05-01T00:00:00Z,TV,United States,Existing
USR07131,control,2026-05-01T00:00:00Z,Desktop,United States,Existing
USR07132,control,2026-05-01T00:00:00Z,Mobile,Other,New
USR07133,control,2026-05-01T00:00:00Z,Mobile,United States,Existing
USR07134,control,2026-05-01T00:00:00Z,Desktop,United States,New
USR07135,control,2026-05-01T00:00:00Z,Mobile,United States,New
USR07136,improved_results,2026-05-01T00:00:00Z,Mobile,United States,New
USR07137,improved_results,2026-05-01T00:00:00Z,Mobile,Other,Existing
USR07138,control,2026-05-01T00:00:00Z,Mobile,United States,New
USR07139,control,2026-05-01T00:00:00Z,Desktop,Canada,New
USR07140,control,2026-05-01T00:00:00Z,TV,United States,Existing
USR07141,control,2026-05-01T00:00:00Z,TV,United States,Existing
USR07142,control,2026-05-01T00:00:00Z,Mobile,United States,New
USR07143,control,2026-05-01T00:00:00Z,Desktop,United States,Existing
USR07144,improved_results,2026-05-01T00:00:00Z,Mobile,United States,Existing
USR07145,improved_results,2026-05-01T00:00:00Z,Mobile,United States,New
USR07146,control,2026-05-01T00:00:00Z,Desktop,Other,New
USR07147,control,2026-05-01T00:00:00Z,Desktop,Other,Existing
USR07148,improved_results,2026-05-01T00:00:00Z,Mobile,United States,Existing
USR07149,improved_results,2026-05-01T00:00:00Z,Mobile,United States,Existing
USR07150,improved_results,2026-05-01T00:00:00Z,Mobile,United States,New
USR07151,control,2026-05-01T00:00:00Z,Mobile,United Kingdom,Existing
USR07152,improved_results,2026-05-01T00:00:00Z,Mobile,United States,New
USR07153,control,2026-05-01T00:00:00Z,Desktop,United States,Existing
USR07154,control,2026-05-01T00:00:00Z,Mobile,United States,New
USR07155,control,2026-05-01T00:00:00Z,TV,Canada,New
USR07156,improved_results,2026-05-01T00:00:00Z,Mobile,United States,Existing
USR07157,improved_results,2026-05-01T00:00:00Z,TV,United States,New
USR07158,improved_results,2026-05-01T00:00:00Z,Mobile,United States,New
USR07159,control,2026-05-01T00:00:00Z,Mobile,Other,New
USR07160,improved_results,2026-05-01T00:00:00Z,Mobile,Canada,Existing
USR07161,control,2026-05-01T00:00:00Z,Mobile,United States,Existing
USR07162,improved_results,2026-05-01T00:00:00Z,Desktop,Canada,Existing
USR07163,control,2026-05-01T00:00:00Z,Mobile,United States,New
USR07164,improved_results,2026-05-01T00:00:00Z,Mobile,United States,Existing
USR07165,control,2026-05-01T00:00:00Z,Mobile,United States,Existing
USR07166,control,2026-05-01T00:00:00Z,Desktop,United Kingdom,New
USR07167,control,2026-05-01T00:00:00Z,Mobile,United States,Existing
USR07168,control,2026-05-01T00:00:00Z,Mobile,Canada,New
USR07169,control,2026-05-01T00:00:00Z,Mobile,United States,Existing
USR07170,control,2026-05-01T00:00:00Z,Mobile,Other,Existing
USR07171,control,2026-05-01T00:00:00Z,Mobile,United Kingdom,New
USR07172,improved_results,2026-05-01T00:00:00Z,Mobile,United States,New
USR07173,improved_results,2026-05-01T00:00:00Z,Mobile,United States,Existing
USR07174,control,2026-05-01T00:00:00Z,Mobile,United States,New
USR07175,improved_results,2026-05-01T00:00:00Z,Mobile,United States,Existing
USR07176,control,2026-05-01T00:00:00Z,TV,United States,Existing
USR07177,control,2026-05-01T00:00:00Z,Mobile,United Kingdom,Existing
USR07178,control,2026-05-01T00:00:00Z,Desktop,Canada,New
USR07179,control,2026-05-01T00:00:00Z,TV,United States,Existing
USR07180,improved_results,2026-05-01T00:00:00Z,Desktop,United States,Existing
USR07181,improved_results,2026-05-01T00:00:00Z,Desktop,Canada,Existing
USR07182,control,2026-05-01T00:00:00Z,Mobile,Canada,Existing
USR07183,improved_results,2026-05-01T00:00:00Z,Mobile,United Kingdom,Existing
USR07184,improved_results,2026-05-01T00:00:00Z,TV,United States,Existing
USR07185,improved_results,2026-05-01T00:00:00Z,Mobile,United States,Existing
USR07186,control,2026-05-01T00:00:00Z,Mobile,United States,Existing
USR07187,control,2026-05-01T00:00:00Z,Mobile,United States,Existing
USR07188,control,2026-05-01T00:00:00Z,Mobile,United States,Existing
USR07189,improved_results,2026-05-01T00:00:00Z,Desktop,Other,Existing
USR07190,control,2026-05-01T00:00:00Z,Mobile,Canada,Existing
USR07191,control,2026-05-01T00:00:00Z,Mobile,United States,Existing
USR07192,improved_results,2026-05-01T00:00:00Z,Mobile,United States,Existing
USR07193,control,2026-05-01T00:00:00Z,Mobile,Other,Existing
USR07194,control,2026-05-01T00:00:00Z,Mobile,United States,New
USR07195,control,2026-05-01T00:00:00Z,Desktop,United States,Existing
USR07196,improved_results,2026-05-01T00:00:00Z,Mobile,Other,Existing
USR07197,improved_results,2026-05-01T00:00:00Z,Mobile,United States,Existing
USR07198,improved_results,2026-05-01T00:00:00Z,Desktop,United States,Existing
USR07199,improved_results,2026-05-01T00:00:00Z,Mobile,Canada,Existing
USR07200,control,2026-05-01T00:00:00Z,Mobile,United Kingdom,New
USR07201,improved_results,2026-05-01T00:00:00Z,Mobile,Other,New
USR07202,control,2026-05-01T00:00:00Z,Mobile,Canada,New
USR07203,control,2026-05-01T00:00:00Z,Desktop,Other,Existing
USR07204,control,2026-05-01T00:00:00Z,Mobile,United Kingdom,Existing
USR07205,control,2026-05-01T00:00:00Z,Desktop,Other,Existing
USR07206,control,2026-05-01T00:00:00Z,Mobile,Canada,Existing
USR07207,improved_results,2026-05-01T00:00:00Z,Mobile,United States,New
USR07208,control,2026-05-01T00:00:00Z,Mobile,United States,Existing
USR07209,improved_results,2026-05-01T00:00:00Z,Desktop,United States,New
USR07210,control,2026-05-01T00:00:00Z,Mobile,United Kingdom,Existing
USR07211,control,2026-05-01T00:00:00Z,Mobile,United Kingdom,Existing
USR07212,improved_results,2026-05-01T00:00:00Z,TV,United States,Existing
USR07213,improved_results,2026-05-01T00:00:00Z,Mobile,United States,Existing
USR07214,improved_results,2026-05-01T00:00:00Z,Mobile,United States,Existing
USR07215,improved_results,2026-05-01T00:00:00Z,TV,Canada,Existing
USR07216,improved_results,2026-05-01T00:00:00Z,Mobile,Canada,New
USR07217,control,2026-05-01T00:00:00Z,Mobile,Canada,Existing
USR07218,improved_results,2026-05-01T00:00:00Z,Mobile,United States,Existing
USR07219,control,2026-05-01T00:00:00Z,Mobile,United States,New
USR07220,control,2026-05-01T00:00:00Z,Mobile,United States,New
USR07221,improved_results,2026-05-01T00:00:00Z,Mobile,Canada,Existing
USR07222,improved_results,2026-05-01T00:00:00Z,Mobile,United States,Existing
USR07223,improved_results,2026-05-01T00:00:00Z,Mobile,United States,Existing
USR07224,control,2026-05-01T00:00:00Z,Desktop,United States,Existing
USR07225,control,2026-05-01T00:00:00Z,Mobile,United States,Existing
USR07226,improved_results,2026-05-01T00:00:00Z,TV,Other,New
USR07227,improved_results,2026-05-01T00:00:00Z,Desktop,Canada,New
USR07228,improved_results,2026-05-01T00:00:00Z,Mobile,United States,New
USR07229,control,2026-05-01T00:00:00Z,Mobile,United States,Existing
USR07230,improved_results,2026-05-01T00:00:00Z,Mobile,Other,Existing
USR07231,improved_results,2026-05-01T00:00:00Z,Mobile,United States,Existing
USR07232,control,2026-05-01T00:00:00Z,Mobile,United States,Existing
USR07233,control,2026-05-01T00:00:00Z,Mobile,Other,Existing
USR07234,improved_results,2026-05-01T00:00:00Z,Desktop,United States,Existing
USR07235,control,2026-05-01T00:00:00Z,Mobile,United States,Existing
USR07236,improved_results,2026-05-01T00:00:00Z,Mobile,United States,Existing
USR07237,improved_results,2026-05-01T00:00:00Z,Desktop,United States,Existing
USR07238,control,2026-05-01T00:00:00Z,Desktop,United States,Existing
USR07239,improved_results,2026-05-01T00:00:00Z,Mobile,Canada,New
USR07240,control,2026-05-01T00:00:00Z,Mobile,United States,New
USR07241,control,2026-05-01T00:00:00Z,TV,United States,Existing
USR07242,improved_results,2026-05-01T00:00:00Z,TV,United States,Existing
USR07243,improved_results,2026-05-01T00:00:00Z,Mobile,Canada,Existing
USR07244,improved_results,2026-05-01T00:00:00Z,Mobile,Other,Existing
USR07245,control,2026-05-01T00:00:00Z,Desktop,Other,New
USR07246,control,2026-05-01T00:00:00Z,Mobile,United Kingdom,Existing
USR07247,improved_results,2026-05-01T00:00:00Z,Mobile,United States,Existing
USR07248,control,2026-05-01T00:00:00Z,Desktop,United States,Existing
USR07249,improved_results,2026-05-01T00:00:00Z,Mobile,United States,New
USR07250,control,2026-05-01T00:00:00Z,TV,United States,Existing
USR07251,control,2026-05-01T00:00:00Z,Desktop,United States,Existing
USR07252,improved_results,2026-05-01T00:00:00Z,Mobile,United States,New
USR07253,improved_results,2026-05-01T00:00:00Z,Mobile,Canada,Existing
USR07254,control,2026-05-01T00:00:00Z,Mobile,United States,Existing
USR07255,improved_results,2026-05-01T00:00:00Z,Mobile,United States,Existing
USR07256,improved_results,2026-05-01T00:00:00Z,Desktop,United States,Existing
USR07257,control,2026-05-01T00:00:00Z,Mobile,United States,Existing
USR07258,control,2026-05-01T00:00:00Z,Mobile,United Kingdom,New
USR07259,improved_results,2026-05-01T00:00:00Z,Mobile,Canada,New
USR07260,improved_results,2026-05-01T00:00:00Z,Mobile,United States,Existing
USR07261,control,2026-05-01T00:00:00Z,Desktop,United Kingdom,Existing
USR07262,control,2026-05-01T00:00:00Z,Desktop,Other,Existing
USR07263,control,2026-05-01T00:00:00Z,Mobile,United States,New
USR07264,control,2026-05-01T00:00:00Z,TV,Canada,Existing
USR07265,improved_results,2026-05-01T00:00:00Z,Mobile,United States,Existing
USR07266,improved_results,2026-05-01T00:00:00Z,Mobile,United States,Existing
USR07267,control,2026-05-01T00:00:00Z,Mobile,United States,Existing
USR07268,control,2026-05-01T00:00:00Z,Desktop,United States,Existing
USR07269,control,2026-05-01T00:00:00Z,TV,Other,New
USR07270,improved_results,2026-05-01T00:00:00Z,Mobile,United States,Existing
USR07271,improved_results,2026-05-01T00:00:00Z,Mobile,United States,Existing
USR07272,improved_results,2026-05-01T00:00:00Z,Mobile,United States,New
USR07273,control,2026-05-01T00:00:00Z,Mobile,United States,Existing
USR07274,control,2026-05-01T00:00:00Z,Mobile,United Kingdom,Existing
USR07275,improved_results,2026-05-01T00:00:00Z,TV,United States,New
USR07276,improved_results,2026-05-01T00:00:00Z,Desktop,United States,Existing
USR07277,control,2026-05-01T00:00:00Z,Mobile,Other,New
USR07278,control,2026-05-01T00:00:00Z,Mobile,United States,Existing
USR07279,control,2026-05-01T00:00:00Z,Mobile,United States,Existing
USR07280,improved_results,2026-05-01T00:00:00Z,Mobile,United States,New
USR07281,improved_results,2026-05-01T00:00:00Z,Mobile,Canada,Existing
USR07282,control,2026-05-01T00:00:00Z,Desktop,United Kingdom,Existing
USR07283,control,2026-05-01T00:00:00Z,Mobile,United States,New
USR07284,control,2026-05-01T00:00:00Z,Mobile,United States,Existing
USR07285,control,2026-05-01T00:00:00Z,Mobile,United States,New
USR07286,control,2026-05-01T00:00:00Z,TV,Canada,New
USR07287,control,2026-05-01T00:00:00Z,Mobile,United States,New
USR07288,control,2026-05-01T00:00:00Z,Mobile,United States,New
USR07289,control,2026-05-01T00:00:00Z,Mobile,United Kingdom,New
USR07290,improved_results,2026-05-01T00:00:00Z,Mobile,United States,New
USR07291,control,2026-05-01T00:00:00Z,Mobile,United States,Existing
USR07292,improved_results,2026-05-01T00:00:00Z,Mobile,United States,New
USR07293,control,2026-05-01T00:00:00Z,Mobile,United States,Existing
USR07294,control,2026-05-01T00:00:00Z,Mobile,United States,New
USR07295,improved_results,2026-05-01T00:00:00Z,Mobile,United States,Existing
USR07296,improved_results,2026-05-01T00:00:00Z,Mobile,Other,Existing
USR07297,improved_results,2026-05-01T00:00:00Z,Mobile,United Kingdom,Existing
USR07298,control,2026-05-01T00:00:00Z,Mobile,United States,New
USR07299,improved_results,2026-05-01T00:00:00Z,Mobile,United Kingdom,Existing
USR07300,control,2026-05-01T00:00:00Z,Desktop,United Kingdom,Existing
USR07301,control,2026-05-01T00:00:00Z,Mobile,United States,Existing
USR07302,control,2026-05-01T00:00:00Z,Mobile,United Kingdom,Existing
USR07303,improved_results,2026-05-01T00:00:00Z,Mobile,United Kingdom,Existing
USR07304,control,2026-05-01T00:00:00Z,Mobile,United Kingdom,Existing
USR07305,control,2026-05-01T00:00:00Z,Mobile,United States,New
USR07306,improved_results,2026-05-01T00:00:00Z,Desktop,United States,New
USR07307,improved_results,2026-05-01T00:00:00Z,Mobile,United Kingdom,Existing
USR07308,control,2026-05-01T00:00:00Z,Desktop,United States,Existing
USR07309,control,2026-05-01T00:00:00Z,Mobile,United States,Existing
USR07310,improved_results,2026-05-01T00:00:00Z,Mobile,United States,Existing
USR07311,improved_results,2026-05-01T00:00:00Z,Mobile,United States,Existing
USR07312,control,2026-05-01T00:00:00Z,Desktop,United States,Existing
USR07313,control,2026-05-01T00:00:00Z,TV,United States,Existing
USR07314,control,2026-05-01T00:00:00Z,Desktop,United States,Existing
USR07315,control,2026-05-01T00:00:00Z,Desktop,United States,Existing
USR07316,improved_results,2026-05-01T00:00:00Z,Mobile,United States,Existing
USR07317,improved_results,2026-05-01T00:00:00Z,Desktop,United Kingdom,New
USR07318,control,2026-05-01T00:00:00Z,Mobile,Other,Existing
USR07319,control,2026-05-01T00:00:00Z,Mobile,Canada,Existing
USR07320,improved_results,2026-05-01T00:00:00Z,Mobile,United Kingdom,Existing
USR07321,improved_results,2026-05-01T00:00:00Z,Mobile,United States,Existing
USR07322,control,2026-05-01T00:00:00Z,Desktop,United States,New
USR07323,improved_results,2026-05-01T00:00:00Z,Mobile,Other,Existing
USR07324,control,2026-05-01T00:00:00Z,Desktop,United States,Existing
USR07325,improved_results,2026-05-01T00:00:00Z,Desktop,United States,Existing
USR07326,improved_results,2026-05-01T00:00:00Z,Mobile,United States,Existing
USR07327,control,2026-05-01T00:00:00Z,Mobile,United States,Existing
USR07328,control,2026-05-01T00:00:00Z,Desktop,United States,Existing
USR07329,improved_results,2026-05-01T00:00:00Z,TV,Other,Existing
USR07330,control,2026-05-01T00:00:00Z,Mobile,Other,Existing
USR07331,control,2026-05-01T00:00:00Z,Desktop,Other,Existing
USR07332,control,2026-05-01T00:00:00Z,Desktop,Canada,Existing
USR07333,control,2026-05-01T00:00:00Z,Desktop,United States,Existing
USR07334,improved_results,2026-05-01T00:00:00Z,Mobile,Canada,New
USR07335,improved_results,2026-05-01T00:00:00Z,Desktop,United States,New
USR07336,control,2026-05-01T00:00:00Z,Mobile,United States,Existing
USR07337,control,2026-05-01T00:00:00Z,Desktop,United Kingdom,Existing
USR07338,improved_results,2026-05-01T00:00:00Z,Mobile,United Kingdom,New
USR07339,control,2026-05-01T00:00:00Z,Mobile,United Kingdom,Existing
USR07340,improved_results,2026-05-01T00:00:00Z,Desktop,United States,New
USR07341,control,2026-05-01T00:00:00Z,TV,Other,Existing
USR07342,control,2026-05-01T00:00:00Z,Mobile,Canada,Existing
USR07343,control,2026-05-01T00:00:00Z,TV,Canada,New
USR07344,improved_results,2026-05-01T00:00:00Z,Desktop,United States,Existing
USR07345,control,2026-05-01T00:00:00Z,Mobile,United States,Existing
USR07346,improved_results,2026-05-01T00:00:00Z,Mobile,Canada,Existing
USR07347,control,2026-05-01T00:00:00Z,TV,United States,Existing
USR07348,improved_results,2026-05-01T00:00:00Z,Mobile,United States,Existing
USR07349,control,2026-05-01T00:00:00Z,Desktop,United States,Existing
USR07350,improved_results,2026-05-01T00:00:00Z,Mobile,United States,New
USR07351,control,2026-05-01T00:00:00Z,Mobile,United States,New
USR07352,improved_results,2026-05-01T00:00:00Z,Mobile,United States,Existing
USR07353,control,2026-05-01T00:00:00Z,Mobile,United Kingdom,New
USR07354,improved_results,2026-05-01T00:00:00Z,Mobile,United States,Existing
USR07355,control,2026-05-01T00:00:00Z,Desktop,United States,New
USR07356,improved_results,2026-05-01T00:00:00Z,Mobile,United States,Existing
USR07357,improved_results,2026-05-01T00:00:00Z,Mobile,United States,Existing
USR07358,improved_results,2026-05-01T00:00:00Z,Mobile,United States,Existing
USR07359,improved_results,2026-05-01T00:00:00Z,Mobile,United States,Existing
USR07360,improved_results,2026-05-01T00:00:00Z,Mobile,United States,Existing
USR07361,control,2026-05-01T00:00:00Z,Desktop,United Kingdom,Existing
USR07362,improved_results,2026-05-01T00:00:00Z,Mobile,United States,Existing
USR07363,control,2026-05-01T00:00:00Z,Mobile,Canada,Existing
USR07364,control,2026-05-01T00:00:00Z,TV,Canada,Existing
USR07365,improved_results,2026-05-01T00:00:00Z,Mobile,Other,Existing
USR07366,improved_results,2026-05-01T00:00:00Z,TV,Canada,Existing
USR07367,control,2026-05-01T00:00:00Z,Mobile,Canada,Existing
USR07368,improved_results,2026-05-01T00:00:00Z,TV,Canada,New
USR07369,control,2026-05-01T00:00:00Z,Mobile,United States,Existing
USR07370,control,2026-05-01T00:00:00Z,Mobile,United States,Existing
USR07371,control,2026-05-01T00:00:00Z,Mobile,Other,Existing
USR07372,control,2026-05-01T00:00:00Z,Desktop,Canada,Existing
USR07373,improved_results,2026-05-01T00:00:00Z,TV,United Kingdom,Existing
USR07374,improved_results,2026-05-01T00:00:00Z,Mobile,United States,Existing
USR07375,control,2026-05-01T00:00:00Z,Mobile,United States,New
USR07376,control,2026-05-01T00:00:00Z,Mobile,United States,Existing
USR07377,improved_results,2026-05-01T00:00:00Z,TV,United States,Existing
USR07378,control,2026-05-01T00:00:00Z,Mobile,Canada,Existing
USR07379,improved_results,2026-05-01T00:00:00Z,Mobile,United States,Existing
USR07380,control,2026-05-01T00:00:00Z,Desktop,United States,Existing
USR07381,control,2026-05-01T00:00:00Z,Mobile,Other,New
USR07382,improved_results,2026-05-01T00:00:00Z,Mobile,Other,Existing
USR07383,control,2026-05-01T00:00:00Z,Desktop,Other,Existing
USR07384,control,2026-05-01T00:00:00Z,Mobile,United States,New
USR07385,control,2026-05-01T00:00:00Z,Desktop,United Kingdom,Existing
USR07386,improved_results,2026-05-01T00:00:00Z,Mobile,United States,New
USR07387,improved_results,2026-05-01T00:00:00Z,Mobile,Canada,Existing
USR07388,control,2026-05-01T00:00:00Z,Desktop,United States,New
USR07389,control,2026-05-01T00:00:00Z,Desktop,United States,Existing
USR07390,improved_results,2026-05-01T00:00:00Z,Mobile,Other,Existing
USR07391,improved_results,2026-05-01T00:00:00Z,Desktop,United States,Existing
USR07392,control,2026-05-01T00:00:00Z,Mobile,United States,Existing
USR07393,improved_results,2026-05-01T00:00:00Z,Desktop,United States,Existing
USR07394,improved_results,2026-05-01T00:00:00Z,Mobile,United States,Existing
USR07395,control,2026-05-01T00:00:00Z,Mobile,United States,New
USR07396,improved_results,2026-05-01T00:00:00Z,Mobile,Other,New
USR07397,control,2026-05-01T00:00:00Z,Mobile,United Kingdom,New
USR07398,improved_results,2026-05-01T00:00:00Z,Mobile,Other,Existing
USR07399,control,2026-05-01T00:00:00Z,Desktop,United Kingdom,Existing
USR07400,improved_results,2026-05-01T00:00:00Z,Desktop,United States,Existing
USR07401,control,2026-05-01T00:00:00Z,Mobile,United States,New
USR07402,improved_results,2026-05-01T00:00:00Z,Mobile,Canada,Existing
USR07403,improved_results,2026-05-01T00:00:00Z,TV,United Kingdom,Existing
USR07404,improved_results,2026-05-01T00:00:00Z,TV,Other,Existing
USR07405,improved_results,2026-05-01T00:00:00Z,Desktop,United States,Existing
USR07406,improved_results,2026-05-01T00:00:00Z,Mobile,Other,Existing
USR07407,control,2026-05-01T00:00:00Z,Mobile,Canada,Existing
USR07408,improved_results,2026-05-01T00:00:00Z,Mobile,Canada,New
USR07409,control,2026-05-01T00:00:00Z,Mobile,United States,New
USR07410,improved_results,2026-05-01T00:00:00Z,Mobile,Canada,Existing
USR07411,control,2026-05-01T00:00:00Z,TV,United States,Existing
USR07412,control,2026-05-01T00:00:00Z,Desktop,Other,New
USR07413,improved_results,2026-05-01T00:00:00Z,Mobile,United States,Existing
USR07414,improved_results,2026-05-01T00:00:00Z,Mobile,United States,Existing
USR07415,control,2026-05-01T00:00:00Z,Desktop,United States,Existing
USR07416,control,2026-05-01T00:00:00Z,Desktop,United States,Existing
USR07417,control,2026-05-01T00:00:00Z,Desktop,United States,Existing
USR07418,improved_results,2026-05-01T00:00:00Z,Mobile,United States,Existing
USR07419,control,2026-05-01T00:00:00Z,Desktop,United States,New
USR07420,control,2026-05-01T00:00:00Z,Mobile,United States,New
USR07421,improved_results,2026-05-01T00:00:00Z,Mobile,Other,Existing
USR07422,improved_results,2026-05-01T00:00:00Z,Desktop,United States,New
USR07423,improved_results,2026-05-01T00:00:00Z,Desktop,United States,Existing
USR07424,control,2026-05-01T00:00:00Z,Desktop,United Kingdom,Existing
USR07425,control,2026-05-01T00:00:00Z,Mobile,United States,Existing
USR07426,control,2026-05-01T00:00:00Z,Desktop,United States,Existing
USR07427,control,2026-05-01T00:00:00Z,Desktop,United States,Existing
USR07428,control,2026-05-01T00:00:00Z,Mobile,United States,Existing
USR07429,control,2026-05-01T00:00:00Z,Mobile,United States,Existing
USR07430,control,2026-05-01T00:00:00Z,Mobile,Canada,Existing
USR07431,control,2026-05-01T00:00:00Z,Desktop,United Kingdom,Existing
USR07432,improved_results,2026-05-01T00:00:00Z,Desktop,United States,Existing
USR07433,control,2026-05-01T00:00:00Z,Mobile,Canada,New
USR07434,control,2026-05-01T00:00:00Z,Mobile,United States,Existing
USR07435,improved_results,2026-05-01T00:00:00Z,Mobile,United States,New
USR07436,improved_results,2026-05-01T00:00:00Z,Mobile,Other,New
USR07437,improved_results,2026-05-01T00:00:00Z,Desktop,Other,Existing
USR07438,improved_results,2026-05-01T00:00:00Z,Desktop,Canada,Existing
USR07439,improved_results,2026-05-01T00:00:00Z,Mobile,Other,New
USR07440,control,2026-05-01T00:00:00Z,Mobile,Canada,Existing
USR07441,control,2026-05-01T00:00:00Z,Desktop,United States,Existing
USR07442,improved_results,2026-05-01T00:00:00Z,Mobile,United Kingdom,Existing
USR07443,control,2026-05-01T00:00:00Z,Desktop,United States,New
USR07444,improved_results,2026-05-01T00:00:00Z,Desktop,United States,New
USR07445,improved_results,2026-05-01T00:00:00Z,TV,United States,Existing
USR07446,control,2026-05-01T00:00:00Z,Mobile,United States,New
USR07447,control,2026-05-01T00:00:00Z,TV,United States,Existing
USR07448,improved_results,2026-05-01T00:00:00Z,Desktop,United States,Existing
USR07449,improved_results,2026-05-01T00:00:00Z,Mobile,United States,New
USR07450,control,2026-05-01T00:00:00Z,TV,United States,Existing
USR07451,control,2026-05-01T00:00:00Z,Desktop,Other,Existing
USR07452,improved_results,2026-05-01T00:00:00Z,TV,United Kingdom,Existing
USR07453,improved_results,2026-05-01T00:00:00Z,Desktop,United States,Existing
USR07454,improved_results,2026-05-01T00:00:00Z,Mobile,United States,Existing
USR07455,improved_results,2026-05-01T00:00:00Z,Mobile,United Kingdom,Existing
USR07456,control,2026-05-01T00:00:00Z,Desktop,United States,New
USR07457,control,2026-05-01T00:00:00Z,Desktop,United States,Existing
USR07458,control,2026-05-01T00:00:00Z,Desktop,Other,Existing
USR07459,control,2026-05-01T00:00:00Z,Mobile,United States,Existing
USR07460,improved_results,2026-05-01T00:00:00Z,Mobile,Canada,New
USR07461,improved_results,2026-05-01T00:00:00Z,Desktop,United States,New
USR07462,control,2026-05-01T00:00:00Z,Desktop,United States,Existing
USR07463,control,2026-05-01T00:00:00Z,TV,United States,New
USR07464,control,2026-05-01T00:00:00Z,Mobile,United States,Existing
USR07465,improved_results,2026-05-01T00:00:00Z,Mobile,United Kingdom,Existing
USR07466,control,2026-05-01T00:00:00Z,Desktop,Other,Existing
USR07467,improved_results,2026-05-01T00:00:00Z,Mobile,United States,New
USR07468,improved_results,2026-05-01T00:00:00Z,TV,United Kingdom,Existing
USR07469,control,2026-05-01T00:00:00Z,Mobile,United States,Existing
USR07470,improved_results,2026-05-01T00:00:00Z,Mobile,Other,New
USR07471,improved_results,2026-05-01T00:00:00Z,Mobile,Other,Existing
USR07472,control,2026-05-01T00:00:00Z,TV,United States,Existing
USR07473,improved_results,2026-05-01T00:00:00Z,TV,Other,Existing
USR07474,control,2026-05-01T00:00:00Z,Desktop,United States,Existing
USR07475,control,2026-05-01T00:00:00Z,Mobile,Other,Existing
USR07476,improved_results,2026-05-01T00:00:00Z,TV,United States,Existing
USR07477,control,2026-05-01T00:00:00Z,Mobile,United States,Existing
USR07478,control,2026-05-01T00:00:00Z,Mobile,United Kingdom,Existing
USR07479,improved_results,2026-05-01T00:00:00Z,TV,United Kingdom,Existing
USR07480,improved_results,2026-05-01T00:00:00Z,Mobile,United States,Existing
USR07481,control,2026-05-01T00:00:00Z,Mobile,United States,New
USR07482,improved_results,2026-05-01T00:00:00Z,TV,United States,Existing
USR07483,improved_results,2026-05-01T00:00:00Z,TV,United States,Existing
USR07484,control,2026-05-01T00:00:00Z,Mobile,United States,New
USR07485,improved_results,2026-05-01T00:00:00Z,Mobile,United States,Existing
USR07486,improved_results,2026-05-01T00:00:00Z,Mobile,United States,Existing
USR07487,improved_results,2026-05-01T00:00:00Z,Mobile,United States,Existing
USR07488,improved_results,2026-05-01T00:00:00Z,Mobile,United States,Existing
USR07489,control,2026-05-01T00:00:00Z,Mobile,Other,Existing
USR07490,improved_results,2026-05-01T00:00:00Z,Desktop,United States,Existing
USR07491,control,2026-05-01T00:00:00Z,Desktop,United States,Existing
USR07492,control,2026-05-01T00:00:00Z,Mobile,United States,Existing
USR07493,control,2026-05-01T00:00:00Z,Desktop,United States,Existing
USR07494,improved_results,2026-05-01T00:00:00Z,Mobile,Canada,Existing
USR07495,control,2026-05-01T00:00:00Z,Mobile,United States,Existing
USR07496,control,2026-05-01T00:00:00Z,Mobile,United States,Existing
USR07497,control,2026-05-01T00:00:00Z,Mobile,Canada,Existing
USR07498,control,2026-05-01T00:00:00Z,Mobile,United States,Existing
USR07499,control,2026-05-01T00:00:00Z,Desktop,United States,Existing
USR07500,control,2026-05-01T00:00:00Z,Mobile,United States,Existing
USR07501,control,2026-05-01T00:00:00Z,Desktop,Canada,Existing
USR07502,control,2026-05-01T00:00:00Z,Desktop,United States,New
USR07503,improved_results,2026-05-01T00:00:00Z,Mobile,United States,New
USR07504,control,2026-05-01T00:00:00Z,Mobile,United States,Existing
USR07505,improved_results,2026-05-01T00:00:00Z,Mobile,United States,Existing
USR07506,improved_results,2026-05-01T00:00:00Z,Mobile,United Kingdom,New
USR07507,improved_results,2026-05-01T00:00:00Z,Mobile,United States,Existing
USR07508,control,2026-05-01T00:00:00Z,Mobile,United States,Existing
USR07509,control,2026-05-01T00:00:00Z,Mobile,Other,Existing
USR07510,control,2026-05-01T00:00:00Z,Mobile,United States,Existing
USR07511,control,2026-05-01T00:00:00Z,Desktop,United States,Existing
USR07512,improved_results,2026-05-01T00:00:00Z,Desktop,United States,New
USR07513,improved_results,2026-05-01T00:00:00Z,Mobile,United States,Existing
USR07514,control,2026-05-01T00:00:00Z,TV,Other,Existing
USR07515,control,2026-05-01T00:00:00Z,Desktop,Other,Existing
USR07516,improved_results,2026-05-01T00:00:00Z,Desktop,Other,Existing
USR07517,control,2026-05-01T00:00:00Z,TV,Canada,Existing
USR07518,improved_results,2026-05-01T00:00:00Z,Desktop,United States,Existing
USR07519,control,2026-05-01T00:00:00Z,TV,United States,Existing
USR07520,control,2026-05-01T00:00:00Z,Desktop,United States,Existing
USR07521,control,2026-05-01T00:00:00Z,Mobile,United States,Existing
USR07522,improved_results,2026-05-01T00:00:00Z,Mobile,United States,Existing
USR07523,control,2026-05-01T00:00:00Z,Desktop,United States,Existing
USR07524,improved_results,2026-05-01T00:00:00Z,Desktop,United States,Existing
USR07525,improved_results,2026-05-01T00:00:00Z,Desktop,Canada,New
USR07526,control,2026-05-01T00:00:00Z,Mobile,United States,New
USR07527,control,2026-05-01T00:00:00Z,Mobile,United States,New
USR07528,control,2026-05-01T00:00:00Z,Mobile,Canada,Existing
USR07529,improved_results,2026-05-01T00:00:00Z,Mobile,Other,Existing
USR07530,improved_results,2026-05-01T00:00:00Z,Desktop,United States,Existing
USR07531,control,2026-05-01T00:00:00Z,Mobile,United States,New
USR07532,control,2026-05-01T00:00:00Z,Mobile,United States,Existing
USR07533,improved_results,2026-05-01T00:00:00Z,Mobile,United Kingdom,Existing
USR07534,improved_results,2026-05-01T00:00:00Z,TV,United Kingdom,Existing
USR07535,control,2026-05-01T00:00:00Z,Mobile,Other,New
USR07536,control,2026-05-01T00:00:00Z,Mobile,Canada,Existing
USR07537,improved_results,2026-05-01T00:00:00Z,Mobile,United States,Existing
USR07538,control,2026-05-01T00:00:00Z,TV,Other,New
USR07539,improved_results,2026-05-01T00:00:00Z,Mobile,United States,Existing
USR07540,control,2026-05-01T00:00:00Z,Mobile,United States,Existing
USR07541,control,2026-05-01T00:00:00Z,Mobile,United States,Existing
USR07542,improved_results,2026-05-01T00:00:00Z,Mobile,United States,Existing
USR07543,control,2026-05-01T00:00:00Z,Mobile,Other,Existing
USR07544,improved_results,2026-05-01T00:00:00Z,Mobile,United States,Existing
USR07545,improved_results,2026-05-01T00:00:00Z,Mobile,United States,Existing
USR07546,control,2026-05-01T00:00:00Z,Mobile,United States,New
USR07547,improved_results,2026-05-01T00:00:00Z,Desktop,United States,Existing
USR07548,control,2026-05-01T00:00:00Z,TV,United States,New
USR07549,improved_results,2026-05-01T00:00:00Z,TV,United States,Existing
USR07550,control,2026-05-01T00:00:00Z,Mobile,Canada,Existing
USR07551,improved_results,2026-05-01T00:00:00Z,Mobile,United States,Existing
USR07552,improved_results,2026-05-01T00:00:00Z,Desktop,United States,New
USR07553,control,2026-05-01T00:00:00Z,Mobile,Canada,Existing
USR07554,control,2026-05-01T00:00:00Z,Desktop,Canada,New
USR07555,control,2026-05-01T00:00:00Z,Mobile,United States,Existing
USR07556,control,2026-05-01T00:00:00Z,TV,United States,Existing
USR07557,control,2026-05-01T00:00:00Z,Desktop,United States,New
USR07558,improved_results,2026-05-01T00:00:00Z,Mobile,United States,Existing
USR07559,improved_results,2026-05-01T00:00:00Z,Mobile,Canada,Existing
USR07560,control,2026-05-01T00:00:00Z,TV,United States,Existing
USR07561,improved_results,2026-05-01T00:00:00Z,TV,United Kingdom,Existing
USR07562,improved_results,2026-05-01T00:00:00Z,Mobile,United States,Existing
USR07563,control,2026-05-01T00:00:00Z,Mobile,United States,Existing
USR07564,improved_results,2026-05-01T00:00:00Z,Mobile,United States,Existing
USR07565,improved_results,2026-05-01T00:00:00Z,Desktop,United States,Existing
USR07566,control,2026-05-01T00:00:00Z,Mobile,United Kingdom,New
USR07567,improved_results,2026-05-01T00:00:00Z,Mobile,Other,Existing
USR07568,improved_results,2026-05-01T00:00:00Z,TV,United States,Existing
USR07569,control,2026-05-01T00:00:00Z,Mobile,United States,Existing
USR07570,control,2026-05-01T00:00:00Z,Mobile,United States,Existing
USR07571,improved_results,2026-05-01T00:00:00Z,Mobile,United States,Existing
USR07572,control,2026-05-01T00:00:00Z,Mobile,United States,New
USR07573,control,2026-05-01T00:00:00Z,Mobile,United States,Existing
USR07574,control,2026-05-01T00:00:00Z,Mobile,Other,Existing
USR07575,improved_results,2026-05-01T00:00:00Z,Mobile,United States,Existing
USR07576,control,2026-05-01T00:00:00Z,Mobile,Canada,New
USR07577,improved_results,2026-05-01T00:00:00Z,Mobile,United States,Existing
USR07578,control,2026-05-01T00:00:00Z,Mobile,United States,Existing
USR07579,improved_results,2026-05-01T00:00:00Z,Desktop,Canada,New
USR07580,improved_results,2026-05-01T00:00:00Z,Mobile,United States,New
USR07581,improved_results,2026-05-01T00:00:00Z,Mobile,United States,Existing
USR07582,improved_results,2026-05-01T00:00:00Z,TV,United States,Existing
USR07583,improved_results,2026-05-01T00:00:00Z,Mobile,United Kingdom,Existing
USR07584,improved_results,2026-05-01T00:00:00Z,Mobile,United States,Existing
USR07585,control,2026-05-01T00:00:00Z,Mobile,United States,Existing
USR07586,improved_results,2026-05-01T00:00:00Z,Mobile,United States,New
USR07587,control,2026-05-01T00:00:00Z,Mobile,Canada,New
USR07588,control,2026-05-01T00:00:00Z,Mobile,United States,Existing
USR07589,control,2026-05-01T00:00:00Z,Mobile,United States,Existing
USR07590,control,2026-05-01T00:00:00Z,Mobile,United States,Existing
USR07591,improved_results,2026-05-01T00:00:00Z,Mobile,United States,Existing
USR07592,control,2026-05-01T00:00:00Z,Desktop,United States,New
USR07593,improved_results,2026-05-01T00:00:00Z,Mobile,United States,Existing
USR07594,control,2026-05-01T00:00:00Z,Mobile,United States,New
USR07595,control,2026-05-01T00:00:00Z,Mobile,United States,Existing
USR07596,improved_results,2026-05-01T00:00:00Z,Desktop,Other,Existing
USR07597,improved_results,2026-05-01T00:00:00Z,Mobile,Other,New
USR07598,control,2026-05-01T00:00:00Z,Mobile,United States,New
USR07599,improved_results,2026-05-01T00:00:00Z,Mobile,United States,Existing
USR07600,control,2026-05-01T00:00:00Z,Mobile,United States,Existing
USR07601,improved_results,2026-05-01T00:00:00Z,Mobile,United States,New
USR07602,control,2026-05-01T00:00:00Z,Mobile,United States,Existing
USR07603,control,2026-05-01T00:00:00Z,TV,United States,New
USR07604,control,2026-05-01T00:00:00Z,TV,United States,Existing
USR07605,control,2026-05-01T00:00:00Z,Desktop,United States,New
USR07606,control,2026-05-01T00:00:00Z,Mobile,Canada,Existing
USR07607,control,2026-05-01T00:00:00Z,Mobile,United States,Existing
USR07608,improved_results,2026-05-01T00:00:00Z,Desktop,United States,Existing
USR07609,control,2026-05-01T00:00:00Z,Mobile,United Kingdom,Existing
USR07610,control,2026-05-01T00:00:00Z,Mobile,Other,New
USR07611,improved_results,2026-05-01T00:00:00Z,Desktop,United States,Existing
USR07612,control,2026-05-01T00:00:00Z,Desktop,United Kingdom,Existing
USR07613,control,2026-05-01T00:00:00Z,Desktop,Other,Existing
USR07614,improved_results,2026-05-01T00:00:00Z,TV,Other,Existing
USR07615,control,2026-05-01T00:00:00Z,Mobile,United States,Existing
USR07616,improved_results,2026-05-01T00:00:00Z,Mobile,United Kingdom,New
USR07617,control,2026-05-01T00:00:00Z,Mobile,United States,New
USR07618,control,2026-05-01T00:00:00Z,Desktop,United States,Existing
USR07619,control,2026-05-01T00:00:00Z,Mobile,United States,New
USR07620,improved_results,2026-05-01T00:00:00Z,Desktop,Other,New
USR07621,improved_results,2026-05-01T00:00:00Z,Mobile,United States,Existing
USR07622,control,2026-05-01T00:00:00Z,Mobile,Canada,Existing
USR07623,improved_results,2026-05-01T00:00:00Z,Mobile,United States,Existing
USR07624,improved_results,2026-05-01T00:00:00Z,Desktop,United States,New
USR07625,control,2026-05-01T00:00:00Z,TV,United States,Existing
USR07626,improved_results,2026-05-01T00:00:00Z,Mobile,Other,Existing
USR07627,improved_results,2026-05-01T00:00:00Z,Desktop,Other,Existing
USR07628,improved_results,2026-05-01T00:00:00Z,Desktop,United Kingdom,New
USR07629,control,2026-05-01T00:00:00Z,Mobile,United States,Existing
USR07630,improved_results,2026-05-01T00:00:00Z,Mobile,United Kingdom,Existing
USR07631,improved_results,2026-05-01T00:00:00Z,TV,Canada,Existing
USR07632,control,2026-05-01T00:00:00Z,Mobile,Canada,Existing
USR07633,improved_results,2026-05-01T00:00:00Z,Desktop,Other,Existing
USR07634,control,2026-05-01T00:00:00Z,Mobile,Canada,Existing
USR07635,control,2026-05-01T00:00:00Z,Mobile,Canada,Existing
USR07636,improved_results,2026-05-01T00:00:00Z,Mobile,United States,Existing
USR07637,improved_results,2026-05-01T00:00:00Z,Desktop,United States,Existing
USR07638,improved_results,2026-05-01T00:00:00Z,Desktop,Canada,New
USR07639,control,2026-05-01T00:00:00Z,TV,United Kingdom,Existing
USR07640,control,2026-05-01T00:00:00Z,TV,Canada,New
USR07641,improved_results,2026-05-01T00:00:00Z,Mobile,United Kingdom,Existing
USR07642,control,2026-05-01T00:00:00Z,Mobile,United States,Existing
USR07643,control,2026-05-01T00:00:00Z,Mobile,Other,Existing
USR07644,improved_results,2026-05-01T00:00:00Z,TV,United States,Existing
USR07645,improved_results,2026-05-01T00:00:00Z,Desktop,United States,New
USR07646,improved_results,2026-05-01T00:00:00Z,Desktop,United Kingdom,Existing
USR07647,control,2026-05-01T00:00:00Z,Mobile,United States,New
USR07648,control,2026-05-01T00:00:00Z,Mobile,United Kingdom,Existing
USR07649,control,2026-05-01T00:00:00Z,Mobile,United States,Existing
USR07650,improved_results,2026-05-01T00:00:00Z,Desktop,Other,Existing
USR07651,improved_results,2026-05-01T00:00:00Z,Desktop,United Kingdom,Existing
USR07652,control,2026-05-01T00:00:00Z,Desktop,United States,Existing
USR07653,control,2026-05-01T00:00:00Z,Mobile,United Kingdom,Existing
USR07654,improved_results,2026-05-01T00:00:00Z,Mobile,United States,Existing
USR07655,control,2026-05-01T00:00:00Z,Desktop,United States,Existing
USR07656,improved_results,2026-05-01T00:00:00Z,Mobile,United States,Existing
USR07657,improved_results,2026-05-01T00:00:00Z,Mobile,United States,Existing
USR07658,control,2026-05-01T00:00:00Z,Desktop,United States,Existing
USR07659,improved_results,2026-05-01T00:00:00Z,Mobile,United States,Existing
USR07660,improved_results,2026-05-01T00:00:00Z,Mobile,United States,Existing
USR07661,control,2026-05-01T00:00:00Z,TV,Canada,Existing
USR07662,improved_results,2026-05-01T00:00:00Z,TV,United States,Existing
USR07663,control,2026-05-01T00:00:00Z,Desktop,United States,Existing
USR07664,control,2026-05-01T00:00:00Z,Desktop,Canada,Existing
USR07665,improved_results,2026-05-01T00:00:00Z,Mobile,United States,Existing
USR07666,improved_results,2026-05-01T00:00:00Z,Mobile,Canada,Existing
USR07667,control,2026-05-01T00:00:00Z,Mobile,United States,Existing
USR07668,control,2026-05-01T00:00:00Z,Desktop,United States,Existing
USR07669,improved_results,2026-05-01T00:00:00Z,Desktop,United States,Existing
USR07670,control,2026-05-01T00:00:00Z,Desktop,United States,Existing
USR07671,improved_results,2026-05-01T00:00:00Z,Mobile,United States,Existing
USR07672,control,2026-05-01T00:00:00Z,TV,United States,Existing
USR07673,control,2026-05-01T00:00:00Z,Mobile,United States,Existing
USR07674,control,2026-05-01T00:00:00Z,Mobile,United States,Existing
USR07675,improved_results,2026-05-01T00:00:00Z,Mobile,United States,Existing
USR07676,control,2026-05-01T00:00:00Z,Desktop,United States,New
USR07677,improved_results,2026-05-01T00:00:00Z,Desktop,United States,Existing
USR07678,improved_results,2026-05-01T00:00:00Z,Mobile,United States,Existing
USR07679,improved_results,2026-05-01T00:00:00Z,Mobile,Canada,Existing
USR07680,control,2026-05-01T00:00:00Z,Mobile,United States,New
USR07681,control,2026-05-01T00:00:00Z,Mobile,United Kingdom,Existing
USR07682,improved_results,2026-05-01T00:00:00Z,TV,United States,Existing
USR07683,control,2026-05-01T00:00:00Z,TV,United States,Existing
USR07684,control,2026-05-01T00:00:00Z,Mobile,United States,Existing
USR07685,improved_results,2026-05-01T00:00:00Z,Mobile,United Kingdom,Existing
USR07686,improved_results,2026-05-01T00:00:00Z,Mobile,United Kingdom,New
USR07687,improved_results,2026-05-01T00:00:00Z,TV,United States,New
USR07688,control,2026-05-01T00:00:00Z,Mobile,United States,Existing
USR07689,control,2026-05-01T00:00:00Z,Mobile,United States,Existing
USR07690,control,2026-05-01T00:00:00Z,Mobile,United States,Existing
USR07691,improved_results,2026-05-01T00:00:00Z,Mobile,United Kingdom,Existing
USR07692,improved_results,2026-05-01T00:00:00Z,Mobile,United States,Existing
USR07693,control,2026-05-01T00:00:00Z,Mobile,United States,Existing
USR07694,control,2026-05-01T00:00:00Z,Desktop,United States,Existing
USR07695,control,2026-05-01T00:00:00Z,Mobile,United States,Existing
USR07696,control,2026-05-01T00:00:00Z,Mobile,United Kingdom,Existing
USR07697,improved_results,2026-05-01T00:00:00Z,TV,United Kingdom,Existing
USR07698,control,2026-05-01T00:00:00Z,Mobile,Other,New
USR07699,control,2026-05-01T00:00:00Z,Mobile,United States,Existing
USR07700,improved_results,2026-05-01T00:00:00Z,TV,Other,Existing
USR07701,control,2026-05-01T00:00:00Z,TV,United States,Existing
USR07702,control,2026-05-01T00:00:00Z,Mobile,Other,Existing
USR07703,improved_results,2026-05-01T00:00:00Z,Mobile,United Kingdom,Existing
USR07704,control,2026-05-01T00:00:00Z,Mobile,United Kingdom,New
USR07705,improved_results,2026-05-01T00:00:00Z,Desktop,Other,Existing
USR07706,control,2026-05-01T00:00:00Z,Desktop,United States,New
USR07707,improved_results,2026-05-01T00:00:00Z,Mobile,Canada,Existing
USR07708,control,2026-05-01T00:00:00Z,Mobile,United States,New
USR07709,control,2026-05-01T00:00:00Z,Desktop,United States,Existing
USR07710,improved_results,2026-05-01T00:00:00Z,Mobile,United States,Existing
USR07711,control,2026-05-01T00:00:00Z,Mobile,Canada,New
USR07712,control,2026-05-01T00:00:00Z,Mobile,United States,Existing
USR07713,improved_results,2026-05-01T00:00:00Z,Desktop,United States,New
USR07714,improved_results,2026-05-01T00:00:00Z,Desktop,United States,Existing
USR07715,improved_results,2026-05-01T00:00:00Z,Mobile,Canada,Existing
USR07716,control,2026-05-01T00:00:00Z,Mobile,United States,Existing
USR07717,improved_results,2026-05-01T00:00:00Z,Mobile,United States,Existing
USR07718,improved_results,2026-05-01T00:00:00Z,Mobile,United Kingdom,Existing
USR07719,control,2026-05-01T00:00:00Z,Desktop,United States,New
USR07720,control,2026-05-01T00:00:00Z,Mobile,United States,New
USR07721,improved_results,2026-05-01T00:00:00Z,TV,United States,New
USR07722,control,2026-05-01T00:00:00Z,Desktop,Other,Existing
USR07723,improved_results,2026-05-01T00:00:00Z,Mobile,Canada,Existing
USR07724,control,2026-05-01T00:00:00Z,Desktop,United States,Existing
USR07725,control,2026-05-01T00:00:00Z,TV,United States,New
USR07726,improved_results,2026-05-01T00:00:00Z,Mobile,United States,Existing
USR07727,control,2026-05-01T00:00:00Z,Mobile,Other,New
USR07728,control,2026-05-01T00:00:00Z,TV,United States,Existing
USR07729,improved_results,2026-05-01T00:00:00Z,Mobile,Canada,Existing
USR07730,control,2026-05-01T00:00:00Z,Desktop,United States,New
USR07731,improved_results,2026-05-01T00:00:00Z,Desktop,Other,Existing
USR07732,improved_results,2026-05-01T00:00:00Z,TV,United Kingdom,Existing
USR07733,control,2026-05-01T00:00:00Z,Mobile,Other,Existing
USR07734,control,2026-05-01T00:00:00Z,TV,United States,Existing
USR07735,improved_results,2026-05-01T00:00:00Z,Mobile,United Kingdom,Existing
USR07736,improved_results,2026-05-01T00:00:00Z,TV,United States,Existing
USR07737,improved_results,2026-05-01T00:00:00Z,TV,Canada,Existing
USR07738,improved_results,2026-05-01T00:00:00Z,Mobile,United States,Existing
USR07739,control,2026-05-01T00:00:00Z,Desktop,United States,Existing
USR07740,control,2026-05-01T00:00:00Z,Mobile,Other,Existing
USR07741,control,2026-05-01T00:00:00Z,Mobile,Canada,Existing
USR07742,control,2026-05-01T00:00:00Z,Desktop,Canada,New
USR07743,improved_results,2026-05-01T00:00:00Z,Mobile,United Kingdom,Existing
USR07744,control,2026-05-01T00:00:00Z,Desktop,Canada,Existing
USR07745,control,2026-05-01T00:00:00Z,Mobile,United States,Existing
USR07746,improved_results,2026-05-01T00:00:00Z,Mobile,Canada,New
USR07747,control,2026-05-01T00:00:00Z,TV,Other,Existing
USR07748,improved_results,2026-05-01T00:00:00Z,Mobile,Other,New
USR07749,control,2026-05-01T00:00:00Z,Desktop,United States,Existing
USR07750,improved_results,2026-05-01T00:00:00Z,Mobile,United States,New
USR07751,control,2026-05-01T00:00:00Z,TV,United Kingdom,Existing
USR07752,improved_results,2026-05-01T00:00:00Z,TV,United States,New
USR07753,control,2026-05-01T00:00:00Z,Mobile,Canada,Existing
USR07754,control,2026-05-01T00:00:00Z,Mobile,United Kingdom,Existing
USR07755,control,2026-05-01T00:00:00Z,Mobile,United States,New
USR07756,control,2026-05-01T00:00:00Z,TV,Other,Existing
USR07757,improved_results,2026-05-01T00:00:00Z,Desktop,United States,New
USR07758,improved_results,2026-05-01T00:00:00Z,Mobile,United States,Existing
USR07759,improved_results,2026-05-01T00:00:00Z,Mobile,United States,Existing
USR07760,control,2026-05-01T00:00:00Z,Mobile,United States,Existing
USR07761,improved_results,2026-05-01T00:00:00Z,TV,United States,Existing
USR07762,control,2026-05-01T00:00:00Z,Mobile,United Kingdom,New
USR07763,control,2026-05-01T00:00:00Z,Desktop,Canada,New
USR07764,control,2026-05-01T00:00:00Z,Desktop,Other,Existing
USR07765,control,2026-05-01T00:00:00Z,Desktop,Canada,New
USR07766,control,2026-05-01T00:00:00Z,Mobile,United States,Existing
USR07767,control,2026-05-01T00:00:00Z,Mobile,United States,Existing
USR07768,improved_results,2026-05-01T00:00:00Z,Mobile,United States,Existing
USR07769,control,2026-05-01T00:00:00Z,Mobile,United Kingdom,Existing
USR07770,improved_results,2026-05-01T00:00:00Z,Mobile,United States,Existing
USR07771,control,2026-05-01T00:00:00Z,Mobile,United States,Existing
USR07772,improved_results,2026-05-01T00:00:00Z,Mobile,United Kingdom,Existing
USR07773,control,2026-05-01T00:00:00Z,Mobile,Other,Existing
USR07774,improved_results,2026-05-01T00:00:00Z,Mobile,Canada,Existing
USR07775,control,2026-05-01T00:00:00Z,Mobile,United States,Existing
USR07776,improved_results,2026-05-01T00:00:00Z,Mobile,United States,Existing
USR07777,improved_results,2026-05-01T00:00:00Z,Mobile,United States,Existing
USR07778,control,2026-05-01T00:00:00Z,Mobile,Canada,Existing
USR07779,control,2026-05-01T00:00:00Z,Desktop,Other,Existing
USR07780,improved_results,2026-05-01T00:00:00Z,Desktop,United States,New
USR07781,control,2026-05-01T00:00:00Z,Mobile,United Kingdom,Existing
USR07782,control,2026-05-01T00:00:00Z,TV,Other,Existing
USR07783,improved_results,2026-05-01T00:00:00Z,Mobile,Other,Existing
USR07784,control,2026-05-01T00:00:00Z,Mobile,Canada,Existing
USR07785,improved_results,2026-05-01T00:00:00Z,Mobile,United States,New
USR07786,improved_results,2026-05-01T00:00:00Z,Mobile,United States,Existing
USR07787,control,2026-05-01T00:00:00Z,Desktop,United Kingdom,Existing
USR07788,control,2026-05-01T00:00:00Z,Mobile,United States,Existing
USR07789,improved_results,2026-05-01T00:00:00Z,Mobile,United States,Existing
USR07790,control,2026-05-01T00:00:00Z,Desktop,United States,Existing
USR07791,improved_results,2026-05-01T00:00:00Z,Desktop,United States,Existing
USR07792,improved_results,2026-05-01T00:00:00Z,Desktop,Other,New
USR07793,improved_results,2026-05-01T00:00:00Z,Mobile,United States,Existing
USR07794,improved_results,2026-05-01T00:00:00Z,Desktop,United Kingdom,New
USR07795,control,2026-05-01T00:00:00Z,Desktop,Other,Existing
USR07796,control,2026-05-01T00:00:00Z,Mobile,Canada,New
USR07797,improved_results,2026-05-01T00:00:00Z,Mobile,United States,Existing
USR07798,control,2026-05-01T00:00:00Z,Mobile,United Kingdom,New
USR07799,improved_results,2026-05-01T00:00:00Z,Mobile,United States,Existing
USR07800,control,2026-05-01T00:00:00Z,Desktop,United Kingdom,New
USR07801,control,2026-05-01T00:00:00Z,Desktop,Canada,Existing
USR07802,improved_results,2026-05-01T00:00:00Z,Desktop,United States,New
USR07803,control,2026-05-01T00:00:00Z,Desktop,United States,New
USR07804,improved_results,2026-05-01T00:00:00Z,Desktop,United States,Existing
USR07805,improved_results,2026-05-01T00:00:00Z,Desktop,Canada,Existing
USR07806,control,2026-05-01T00:00:00Z,Mobile,United States,New
USR07807,control,2026-05-01T00:00:00Z,Desktop,United States,Existing
USR07808,improved_results,2026-05-01T00:00:00Z,TV,Canada,Existing
USR07809,improved_results,2026-05-01T00:00:00Z,Desktop,Canada,Existing
USR07810,control,2026-05-01T00:00:00Z,Mobile,United States,Existing
USR07811,control,2026-05-01T00:00:00Z,TV,United States,Existing
USR07812,improved_results,2026-05-01T00:00:00Z,Mobile,United States,Existing
USR07813,improved_results,2026-05-01T00:00:00Z,TV,United States,Existing
USR07814,control,2026-05-01T00:00:00Z,Mobile,United Kingdom,Existing
USR07815,improved_results,2026-05-01T00:00:00Z,Mobile,Other,Existing
USR07816,improved_results,2026-05-01T00:00:00Z,Mobile,Canada,Existing
USR07817,control,2026-05-01T00:00:00Z,Mobile,United States,Existing
USR07818,improved_results,2026-05-01T00:00:00Z,Mobile,Other,Existing
USR07819,control,2026-05-01T00:00:00Z,Mobile,United Kingdom,Existing
USR07820,improved_results,2026-05-01T00:00:00Z,Mobile,United States,Existing
USR07821,improved_results,2026-05-01T00:00:00Z,Mobile,Other,Existing
USR07822,control,2026-05-01T00:00:00Z,Mobile,United States,New
USR07823,improved_results,2026-05-01T00:00:00Z,Mobile,United States,New
USR07824,control,2026-05-01T00:00:00Z,TV,United States,Existing
USR07825,improved_results,2026-05-01T00:00:00Z,TV,Other,Existing
USR07826,improved_results,2026-05-01T00:00:00Z,Mobile,United States,Existing
USR07827,improved_results,2026-05-01T00:00:00Z,TV,United States,Existing
USR07828,improved_results,2026-05-01T00:00:00Z,Mobile,United States,New
USR07829,improved_results,2026-05-01T00:00:00Z,Desktop,United States,Existing
USR07830,control,2026-05-01T00:00:00Z,Mobile,United States,Existing
USR07831,control,2026-05-01T00:00:00Z,Desktop,United States,Existing
USR07832,control,2026-05-01T00:00:00Z,Mobile,United Kingdom,Existing
USR07833,improved_results,2026-05-01T00:00:00Z,Mobile,Other,Existing
USR07834,improved_results,2026-05-01T00:00:00Z,Mobile,Other,New
USR07835,improved_results,2026-05-01T00:00:00Z,Mobile,Other,Existing
USR07836,control,2026-05-01T00:00:00Z,Mobile,United States,Existing
USR07837,control,2026-05-01T00:00:00Z,Mobile,Other,New
USR07838,improved_results,2026-05-01T00:00:00Z,Mobile,Canada,Existing
USR07839,improved_results,2026-05-01T00:00:00Z,Desktop,United Kingdom,Existing
USR07840,control,2026-05-01T00:00:00Z,TV,United States,Existing
USR07841,control,2026-05-01T00:00:00Z,Mobile,United States,Existing
USR07842,control,2026-05-01T00:00:00Z,Mobile,United States,New
USR07843,control,2026-05-01T00:00:00Z,Mobile,United States,New
USR07844,control,2026-05-01T00:00:00Z,Desktop,Canada,Existing
USR07845,control,2026-05-01T00:00:00Z,Mobile,United States,Existing
USR07846,control,2026-05-01T00:00:00Z,Desktop,United Kingdom,Existing
USR07847,improved_results,2026-05-01T00:00:00Z,Mobile,Other,Existing
USR07848,improved_results,2026-05-01T00:00:00Z,Desktop,United States,Existing
USR07849,control,2026-05-01T00:00:00Z,Mobile,United States,Existing
USR07850,control,2026-05-01T00:00:00Z,Mobile,United States,Existing
USR07851,improved_results,2026-05-01T00:00:00Z,Mobile,United States,Existing
USR07852,control,2026-05-01T00:00:00Z,Mobile,United States,New
USR07853,control,2026-05-01T00:00:00Z,Desktop,Canada,Existing
USR07854,control,2026-05-01T00:00:00Z,Desktop,United States,Existing
USR07855,improved_results,2026-05-01T00:00:00Z,TV,Other,New
USR07856,control,2026-05-01T00:00:00Z,Desktop,Canada,New
USR07857,improved_results,2026-05-01T00:00:00Z,Mobile,Canada,Existing
USR07858,control,2026-05-01T00:00:00Z,Desktop,Other,Existing
USR07859,improved_results,2026-05-01T00:00:00Z,Mobile,United Kingdom,Existing
USR07860,control,2026-05-01T00:00:00Z,Desktop,United States,New
USR07861,improved_results,2026-05-01T00:00:00Z,TV,United States,New
USR07862,improved_results,2026-05-01T00:00:00Z,TV,United States,Existing
USR07863,improved_results,2026-05-01T00:00:00Z,Desktop,United States,New
USR07864,control,2026-05-01T00:00:00Z,Desktop,United States,New
USR07865,control,2026-05-01T00:00:00Z,Mobile,Canada,Existing
USR07866,improved_results,2026-05-01T00:00:00Z,TV,United States,Existing
USR07867,control,2026-05-01T00:00:00Z,Desktop,Other,Existing
USR07868,control,2026-05-01T00:00:00Z,TV,United States,Existing
USR07869,improved_results,2026-05-01T00:00:00Z,Mobile,United States,Existing
USR07870,improved_results,2026-05-01T00:00:00Z,Mobile,United States,Existing
USR07871,control,2026-05-01T00:00:00Z,Mobile,United States,New
USR07872,control,2026-05-01T00:00:00Z,Mobile,United Kingdom,Existing
USR07873,control,2026-05-01T00:00:00Z,Mobile,Other,Existing
USR07874,control,2026-05-01T00:00:00Z,TV,United States,Existing
USR07875,control,2026-05-01T00:00:00Z,Desktop,United States,Existing
USR07876,improved_results,2026-05-01T00:00:00Z,Desktop,United States,New
USR07877,improved_results,2026-05-01T00:00:00Z,Desktop,Other,Existing
USR07878,control,2026-05-01T00:00:00Z,Desktop,United States,Existing
USR07879,improved_results,2026-05-01T00:00:00Z,Desktop,United States,Existing
USR07880,improved_results,2026-05-01T00:00:00Z,TV,Canada,Existing
USR07881,improved_results,2026-05-01T00:00:00Z,Mobile,United States,Existing
USR07882,control,2026-05-01T00:00:00Z,TV,United States,Existing
USR07883,improved_results,2026-05-01T00:00:00Z,Desktop,United States,New
USR07884,improved_results,2026-05-01T00:00:00Z,Mobile,United States,New
USR07885,improved_results,2026-05-01T00:00:00Z,Mobile,United States,New
USR07886,improved_results,2026-05-01T00:00:00Z,Mobile,Canada,Existing
USR07887,control,2026-05-01T00:00:00Z,Mobile,Other,Existing
USR07888,control,2026-05-01T00:00:00Z,Mobile,United States,Existing
USR07889,improved_results,2026-05-01T00:00:00Z,Desktop,Canada,Existing
USR07890,improved_results,2026-05-01T00:00:00Z,Mobile,United States,Existing
USR07891,control,2026-05-01T00:00:00Z,Mobile,Canada,New
USR07892,improved_results,2026-05-01T00:00:00Z,Desktop,Other,Existing
USR07893,control,2026-05-01T00:00:00Z,Mobile,Canada,New
USR07894,improved_results,2026-05-01T00:00:00Z,Mobile,United States,Existing
USR07895,improved_results,2026-05-01T00:00:00Z,Desktop,United States,Existing
USR07896,control,2026-05-01T00:00:00Z,Desktop,United States,Existing
USR07897,control,2026-05-01T00:00:00Z,Mobile,United States,Existing
USR07898,control,2026-05-01T00:00:00Z,Desktop,Canada,Existing
USR07899,improved_results,2026-05-01T00:00:00Z,Mobile,Other,Existing
USR07900,improved_results,2026-05-01T00:00:00Z,Mobile,United States,Existing
USR07901,control,2026-05-01T00:00:00Z,TV,United States,Existing
USR07902,improved_results,2026-05-01T00:00:00Z,Mobile,United States,Existing
USR07903,control,2026-05-01T00:00:00Z,Desktop,United States,New
USR07904,improved_results,2026-05-01T00:00:00Z,Mobile,United Kingdom,Existing
USR07905,improved_results,2026-05-01T00:00:00Z,Mobile,Canada,Existing
USR07906,improved_results,2026-05-01T00:00:00Z,Mobile,United States,Existing
USR07907,control,2026-05-01T00:00:00Z,Mobile,United States,Existing
USR07908,improved_results,2026-05-01T00:00:00Z,Desktop,United States,New
USR07909,improved_results,2026-05-01T00:00:00Z,Mobile,United States,Existing
USR07910,control,2026-05-01T00:00:00Z,Desktop,Other,New
USR07911,control,2026-05-01T00:00:00Z,Desktop,Canada,New
USR07912,control,2026-05-01T00:00:00Z,TV,United States,New
USR07913,control,2026-05-01T00:00:00Z,Mobile,Canada,Existing
USR07914,improved_results,2026-05-01T00:00:00Z,Mobile,United States,Existing
USR07915,improved_results,2026-05-01T00:00:00Z,TV,United States,Existing
USR07916,improved_results,2026-05-01T00:00:00Z,Desktop,Canada,Existing
USR07917,control,2026-05-01T00:00:00Z,Mobile,Other,New
USR07918,control,2026-05-01T00:00:00Z,Mobile,United States,Existing
USR07919,improved_results,2026-05-01T00:00:00Z,Mobile,Canada,Existing
USR07920,improved_results,2026-05-01T00:00:00Z,Desktop,Canada,Existing
USR07921,control,2026-05-01T00:00:00Z,Mobile,United States,Existing
USR07922,improved_results,2026-05-01T00:00:00Z,Mobile,United States,New
USR07923,improved_results,2026-05-01T00:00:00Z,Desktop,United States,Existing
USR07924,improved_results,2026-05-01T00:00:00Z,Desktop,United States,Existing
USR07925,control,2026-05-01T00:00:00Z,Desktop,Other,Existing
USR07926,improved_results,2026-05-01T00:00:00Z,Mobile,United States,Existing
USR07927,control,2026-05-01T00:00:00Z,Mobile,Canada,New
USR07928,control,2026-05-01T00:00:00Z,Desktop,United States,Existing
USR07929,control,2026-05-01T00:00:00Z,TV,United States,Existing
USR07930,control,2026-05-01T00:00:00Z,TV,United States,Existing
USR07931,improved_results,2026-05-01T00:00:00Z,Mobile,United States,New
USR07932,control,2026-05-01T00:00:00Z,Mobile,United States,Existing
USR07933,improved_results,2026-05-01T00:00:00Z,Mobile,United States,Existing
USR07934,control,2026-05-01T00:00:00Z,TV,Canada,New
USR07935,improved_results,2026-05-01T00:00:00Z,Desktop,Other,Existing
USR07936,improved_results,2026-05-01T00:00:00Z,Mobile,United States,Existing
USR07937,control,2026-05-01T00:00:00Z,TV,Canada,Existing
USR07938,improved_results,2026-05-01T00:00:00Z,TV,United States,Existing
USR07939,control,2026-05-01T00:00:00Z,Desktop,United States,New
USR07940,control,2026-05-01T00:00:00Z,Mobile,United States,New
USR07941,control,2026-05-01T00:00:00Z,TV,Other,Existing
USR07942,improved_results,2026-05-01T00:00:00Z,Mobile,United Kingdom,Existing
USR07943,improved_results,2026-05-01T00:00:00Z,TV,United States,Existing
USR07944,improved_results,2026-05-01T00:00:00Z,Mobile,United States,Existing
USR07945,improved_results,2026-05-01T00:00:00Z,Mobile,United States,Existing
USR07946,improved_results,2026-05-01T00:00:00Z,TV,United States,Existing
USR07947,improved_results,2026-05-01T00:00:00Z,Desktop,United States,Existing
USR07948,control,2026-05-01T00:00:00Z,Mobile,United States,Existing
USR07949,improved_results,2026-05-01T00:00:00Z,Mobile,United States,Existing
USR07950,improved_results,2026-05-01T00:00:00Z,Mobile,Other,Existing
USR07951,improved_results,2026-05-01T00:00:00Z,Desktop,United States,New
USR07952,improved_results,2026-05-01T00:00:00Z,TV,United States,Existing
USR07953,control,2026-05-01T00:00:00Z,Mobile,United States,Existing
USR07954,improved_results,2026-05-01T00:00:00Z,TV,United States,Existing
USR07955,control,2026-05-01T00:00:00Z,Desktop,United States,New
USR07956,improved_results,2026-05-01T00:00:00Z,Mobile,United States,Existing
USR07957,improved_results,2026-05-01T00:00:00Z,Desktop,United States,Existing
USR07958,control,2026-05-01T00:00:00Z,Mobile,United Kingdom,New
USR07959,improved_results,2026-05-01T00:00:00Z,Mobile,Canada,Existing
USR07960,control,2026-05-01T00:00:00Z,Desktop,United States,New
USR07961,control,2026-05-01T00:00:00Z,Mobile,United States,Existing
USR07962,control,2026-05-01T00:00:00Z,Mobile,United States,Existing
USR07963,improved_results,2026-05-01T00:00:00Z,TV,United States,Existing
USR07964,control,2026-05-01T00:00:00Z,Mobile,United Kingdom,Existing
USR07965,improved_results,2026-05-01T00:00:00Z,Mobile,United States,New
USR07966,improved_results,2026-05-01T00:00:00Z,TV,United States,Existing
USR07967,improved_results,2026-05-01T00:00:00Z,Desktop,United States,Existing
USR07968,improved_results,2026-05-01T00:00:00Z,Mobile,United States,Existing
USR07969,improved_results,2026-05-01T00:00:00Z,Mobile,United States,Existing
USR07970,control,2026-05-01T00:00:00Z,Mobile,United States,Existing
USR07971,control,2026-05-01T00:00:00Z,Mobile,Other,Existing
USR07972,control,2026-05-01T00:00:00Z,Desktop,United States,New
USR07973,control,2026-05-01T00:00:00Z,Mobile,United States,New
USR07974,control,2026-05-01T00:00:00Z,Mobile,United States,Existing
USR07975,improved_results,2026-05-01T00:00:00Z,TV,Other,Existing
USR07976,improved_results,2026-05-01T00:00:00Z,Desktop,United States,Existing
USR07977,improved_results,2026-05-01T00:00:00Z,TV,United States,New
USR07978,improved_results,2026-05-01T00:00:00Z,Mobile,United States,Existing
USR07979,improved_results,2026-05-01T00:00:00Z,Mobile,Canada,Existing
USR07980,control,2026-05-01T00:00:00Z,Mobile,United States,New
USR07981,control,2026-05-01T00:00:00Z,Mobile,United States,Existing
USR07982,improved_results,2026-05-01T00:00:00Z,Mobile,Other,New
USR07983,improved_results,2026-05-01T00:00:00Z,Mobile,Canada,Existing
USR07984,control,2026-05-01T00:00:00Z,Mobile,Other,Existing
USR07985,control,2026-05-01T00:00:00Z,TV,United States,New
USR07986,improved_results,2026-05-01T00:00:00Z,Mobile,United States,Existing
USR07987,control,2026-05-01T00:00:00Z,Mobile,United States,Existing
USR07988,control,2026-05-01T00:00:00Z,TV,Other,Existing
USR07989,control,2026-05-01T00:00:00Z,TV,Other,New
USR07990,improved_results,2026-05-01T00:00:00Z,Desktop,Canada,New
USR07991,improved_results,2026-05-01T00:00:00Z,Mobile,United States,Existing
USR07992,control,2026-05-01T00:00:00Z,TV,United States,Existing
USR07993,improved_results,2026-05-01T00:00:00Z,Desktop,United States,New
USR07994,control,2026-05-01T00:00:00Z,Mobile,United States,Existing
USR07995,improved_results,2026-05-01T00:00:00Z,Mobile,United States,New
USR07996,improved_results,2026-05-01T00:00:00Z,Mobile,Other,Existing
USR07997,control,2026-05-01T00:00:00Z,Mobile,United States,Existing
USR07998,control,2026-05-01T00:00:00Z,TV,Canada,New
USR07999,control,2026-05-01T00:00:00Z,Mobile,United States,Existing
USR08000,control,2026-05-01T00:00:00Z,Mobile,United States,Existing
USR08001,control,2026-05-01T00:00:00Z,TV,United States,Existing
USR08002,control,2026-05-01T00:00:00Z,Mobile,United States,Existing
USR08003,control,2026-05-01T00:00:00Z,Desktop,United States,Existing
USR08004,improved_results,2026-05-01T00:00:00Z,TV,Other,New
USR08005,improved_results,2026-05-01T00:00:00Z,Desktop,United States,Existing
USR08006,control,2026-05-01T00:00:00Z,Mobile,Other,New
USR08007,improved_results,2026-05-01T00:00:00Z,TV,United Kingdom,New
USR08008,control,2026-05-01T00:00:00Z,Mobile,United States,Existing
USR08009,improved_results,2026-05-01T00:00:00Z,Desktop,United States,New
USR08010,improved_results,2026-05-01T00:00:00Z,Mobile,United States,Existing
USR08011,control,2026-05-01T00:00:00Z,Mobile,United States,New
USR08012,control,2026-05-01T00:00:00Z,Mobile,United States,New
USR08013,improved_results,2026-05-01T00:00:00Z,Mobile,United States,New
USR08014,improved_results,2026-05-01T00:00:00Z,TV,Canada,Existing
USR08015,improved_results,2026-05-01T00:00:00Z,Mobile,United States,Existing
USR08016,improved_results,2026-05-01T00:00:00Z,Desktop,United Kingdom,New
USR08017,control,2026-05-01T00:00:00Z,Mobile,Canada,New
USR08018,control,2026-05-01T00:00:00Z,Mobile,United Kingdom,Existing
USR08019,control,2026-05-01T00:00:00Z,Desktop,United States,New
USR08020,improved_results,2026-05-01T00:00:00Z,Mobile,United States,Existing
USR08021,improved_results,2026-05-01T00:00:00Z,Desktop,United Kingdom,Existing
USR08022,control,2026-05-01T00:00:00Z,Desktop,United States,Existing
USR08023,improved_results,2026-05-01T00:00:00Z,Mobile,United Kingdom,Existing
USR08024,improved_results,2026-05-01T00:00:00Z,Mobile,United States,Existing
USR08025,control,2026-05-01T00:00:00Z,Desktop,United Kingdom,Existing
USR08026,improved_results,2026-05-01T00:00:00Z,Mobile,Canada,Existing
USR08027,control,2026-05-01T00:00:00Z,TV,Other,Existing
USR08028,control,2026-05-01T00:00:00Z,Desktop,United States,Existing
USR08029,improved_results,2026-05-01T00:00:00Z,Mobile,United States,Existing
USR08030,control,2026-05-01T00:00:00Z,Desktop,United States,New
USR08031,improved_results,2026-05-01T00:00:00Z,Mobile,United States,New
USR08032,control,2026-05-01T00:00:00Z,Mobile,United States,Existing
USR08033,improved_results,2026-05-01T00:00:00Z,TV,United States,Existing
USR08034,control,2026-05-01T00:00:00Z,Mobile,United States,Existing
USR08035,improved_results,2026-05-01T00:00:00Z,Mobile,Other,New
USR08036,improved_results,2026-05-01T00:00:00Z,Mobile,United Kingdom,Existing
USR08037,improved_results,2026-05-01T00:00:00Z,Desktop,United States,Existing
USR08038,control,2026-05-01T00:00:00Z,Desktop,Canada,Existing
USR08039,control,2026-05-01T00:00:00Z,Desktop,United States,Existing
USR08040,improved_results,2026-05-01T00:00:00Z,TV,United States,Existing
USR08041,improved_results,2026-05-01T00:00:00Z,Desktop,United Kingdom,New
USR08042,control,2026-05-01T00:00:00Z,Mobile,Canada,Existing
USR08043,control,2026-05-01T00:00:00Z,Mobile,United States,Existing
USR08044,control,2026-05-01T00:00:00Z,Mobile,United States,New
USR08045,improved_results,2026-05-01T00:00:00Z,Mobile,Other,New
USR08046,control,2026-05-01T00:00:00Z,Desktop,United States,Existing
USR08047,improved_results,2026-05-01T00:00:00Z,TV,Canada,New
USR08048,control,2026-05-01T00:00:00Z,Mobile,Canada,Existing
USR08049,control,2026-05-01T00:00:00Z,Desktop,United States,New
USR08050,improved_results,2026-05-01T00:00:00Z,Mobile,United Kingdom,New
USR08051,improved_results,2026-05-01T00:00:00Z,Desktop,United States,Existing
USR08052,improved_results,2026-05-01T00:00:00Z,Mobile,United States,Existing
USR08053,control,2026-05-01T00:00:00Z,Mobile,United Kingdom,Existing
USR08054,control,2026-05-01T00:00:00Z,Mobile,United States,Existing
USR08055,control,2026-05-01T00:00:00Z,Mobile,United States,New
USR08056,improved_results,2026-05-01T00:00:00Z,Desktop,United States,Existing
USR08057,control,2026-05-01T00:00:00Z,Mobile,United States,Existing
USR08058,improved_results,2026-05-01T00:00:00Z,Mobile,United States,Existing
USR08059,control,2026-05-01T00:00:00Z,Mobile,United States,Existing
USR08060,improved_results,2026-05-01T00:00:00Z,Mobile,Other,Existing
USR08061,improved_results,2026-05-01T00:00:00Z,Desktop,United Kingdom,Existing
USR08062,improved_results,2026-05-01T00:00:00Z,Mobile,United Kingdom,Existing
USR08063,control,2026-05-01T00:00:00Z,Mobile,United Kingdom,Existing
USR08064,improved_results,2026-05-01T00:00:00Z,TV,Other,Existing
USR08065,improved_results,2026-05-01T00:00:00Z,Mobile,United States,New
USR08066,improved_results,2026-05-01T00:00:00Z,Mobile,United Kingdom,Existing
USR08067,control,2026-05-01T00:00:00Z,Desktop,Other,New
USR08068,control,2026-05-01T00:00:00Z,Mobile,Other,Existing
USR08069,improved_results,2026-05-01T00:00:00Z,Mobile,United States,Existing
USR08070,improved_results,2026-05-01T00:00:00Z,Desktop,United States,New
USR08071,control,2026-05-01T00:00:00Z,TV,United Kingdom,Existing
USR08072,control,2026-05-01T00:00:00Z,Mobile,Other,New
USR08073,control,2026-05-01T00:00:00Z,Desktop,United States,Existing
USR08074,improved_results,2026-05-01T00:00:00Z,Mobile,United States,New
USR08075,control,2026-05-01T00:00:00Z,TV,United States,New
USR08076,control,2026-05-01T00:00:00Z,Mobile,United States,Existing
USR08077,control,2026-05-01T00:00:00Z,Desktop,United Kingdom,Existing
USR08078,improved_results,2026-05-01T00:00:00Z,Mobile,United States,Existing
USR08079,improved_results,2026-05-01T00:00:00Z,Mobile,United Kingdom,Existing
USR08080,control,2026-05-01T00:00:00Z,Desktop,United States,Existing
USR08081,control,2026-05-01T00:00:00Z,Mobile,Other,Existing
USR08082,improved_results,2026-05-01T00:00:00Z,Desktop,United States,Existing
USR08083,control,2026-05-01T00:00:00Z,Desktop,United States,Existing
USR08084,improved_results,2026-05-01T00:00:00Z,Desktop,Other,Existing
USR08085,improved_results,2026-05-01T00:00:00Z,Desktop,United Kingdom,New
USR08086,control,2026-05-01T00:00:00Z,Desktop,United States,New
USR08087,control,2026-05-01T00:00:00Z,Mobile,Canada,New
USR08088,control,2026-05-01T00:00:00Z,Desktop,Canada,Existing
USR08089,control,2026-05-01T00:00:00Z,Mobile,United States,Existing
USR08090,improved_results,2026-05-01T00:00:00Z,Desktop,Other,Existing
USR08091,control,2026-05-01T00:00:00Z,Mobile,Canada,Existing
USR08092,control,2026-05-01T00:00:00Z,Desktop,United States,New
USR08093,improved_results,2026-05-01T00:00:00Z,Mobile,United Kingdom,New
USR08094,control,2026-05-01T00:00:00Z,TV,United States,Existing
USR08095,control,2026-05-01T00:00:00Z,Mobile,United States,Existing
USR08096,control,2026-05-01T00:00:00Z,Mobile,United States,Existing
USR08097,improved_results,2026-05-01T00:00:00Z,Mobile,United States,New
USR08098,control,2026-05-01T00:00:00Z,TV,United States,Existing
USR08099,control,2026-05-01T00:00:00Z,Mobile,Other,Existing
USR08100,control,2026-05-01T00:00:00Z,Mobile,United States,Existing
USR08101,control,2026-05-01T00:00:00Z,Desktop,United States,New
USR08102,control,2026-05-01T00:00:00Z,Mobile,Other,Existing
USR08103,control,2026-05-01T00:00:00Z,TV,Canada,Existing
USR08104,improved_results,2026-05-01T00:00:00Z,TV,Canada,Existing
USR08105,improved_results,2026-05-01T00:00:00Z,Desktop,United States,Existing
USR08106,control,2026-05-01T00:00:00Z,Mobile,Canada,Existing
USR08107,improved_results,2026-05-01T00:00:00Z,Desktop,United States,New
USR08108,improved_results,2026-05-01T00:00:00Z,Desktop,United States,Existing
USR08109,improved_results,2026-05-01T00:00:00Z,Mobile,United States,Existing
USR08110,improved_results,2026-05-01T00:00:00Z,TV,United States,Existing
USR08111,control,2026-05-01T00:00:00Z,TV,Canada,Existing
USR08112,improved_results,2026-05-01T00:00:00Z,Desktop,United States,Existing
USR08113,improved_results,2026-05-01T00:00:00Z,Desktop,United States,Existing
USR08114,control,2026-05-01T00:00:00Z,TV,United States,Existing
USR08115,improved_results,2026-05-01T00:00:00Z,Mobile,United States,Existing
USR08116,improved_results,2026-05-01T00:00:00Z,Desktop,Canada,Existing
USR08117,improved_results,2026-05-01T00:00:00Z,Mobile,United States,Existing
USR08118,improved_results,2026-05-01T00:00:00Z,TV,Other,New
USR08119,improved_results,2026-05-01T00:00:00Z,Mobile,Canada,Existing
USR08120,control,2026-05-01T00:00:00Z,TV,United States,New
USR08121,improved_results,2026-05-01T00:00:00Z,Mobile,United States,New
USR08122,improved_results,2026-05-01T00:00:00Z,Mobile,United States,Existing
USR08123,improved_results,2026-05-01T00:00:00Z,Mobile,United States,Existing
USR08124,control,2026-05-01T00:00:00Z,Mobile,United States,Existing
USR08125,control,2026-05-01T00:00:00Z,Mobile,United Kingdom,Existing
USR08126,control,2026-05-01T00:00:00Z,Mobile,Other,New
USR08127,improved_results,2026-05-01T00:00:00Z,Mobile,United States,Existing
USR08128,improved_results,2026-05-01T00:00:00Z,Mobile,United States,Existing
USR08129,improved_results,2026-05-01T00:00:00Z,Mobile,United States,New
USR08130,control,2026-05-01T00:00:00Z,Mobile,Canada,Existing
USR08131,improved_results,2026-05-01T00:00:00Z,Mobile,United States,New
USR08132,control,2026-05-01T00:00:00Z,Mobile,United States,New
USR08133,control,2026-05-01T00:00:00Z,Mobile,United States,Existing
USR08134,improved_results,2026-05-01T00:00:00Z,Mobile,United States,Existing
USR08135,control,2026-05-01T00:00:00Z,Desktop,United Kingdom,New
USR08136,improved_results,2026-05-01T00:00:00Z,Mobile,United Kingdom,Existing
USR08137,control,2026-05-01T00:00:00Z,Mobile,United States,Existing
USR08138,control,2026-05-01T00:00:00Z,Desktop,United States,New
USR08139,control,2026-05-01T00:00:00Z,Desktop,United States,Existing
USR08140,improved_results,2026-05-01T00:00:00Z,Mobile,United States,Existing
USR08141,improved_results,2026-05-01T00:00:00Z,Mobile,United States,New
USR08142,improved_results,2026-05-01T00:00:00Z,Desktop,Canada,New
USR08143,control,2026-05-01T00:00:00Z,Mobile,Other,Existing
USR08144,improved_results,2026-05-01T00:00:00Z,Mobile,United States,Existing
USR08145,control,2026-05-01T00:00:00Z,Desktop,United States,New
USR08146,control,2026-05-01T00:00:00Z,Mobile,United States,New
USR08147,improved_results,2026-05-01T00:00:00Z,Mobile,United Kingdom,Existing
USR08148,improved_results,2026-05-01T00:00:00Z,Desktop,Canada,Existing
USR08149,control,2026-05-01T00:00:00Z,Mobile,United Kingdom,Existing
USR08150,improved_results,2026-05-01T00:00:00Z,Desktop,United States,Existing
USR08151,improved_results,2026-05-01T00:00:00Z,Mobile,Other,New
USR08152,control,2026-05-01T00:00:00Z,TV,United States,Existing
USR08153,improved_results,2026-05-01T00:00:00Z,Desktop,United States,Existing
USR08154,control,2026-05-01T00:00:00Z,Desktop,United States,Existing
USR08155,improved_results,2026-05-01T00:00:00Z,TV,United States,Existing
USR08156,control,2026-05-01T00:00:00Z,TV,United States,Existing
USR08157,improved_results,2026-05-01T00:00:00Z,Mobile,United States,New
USR08158,control,2026-05-01T00:00:00Z,Mobile,United States,New
USR08159,control,2026-05-01T00:00:00Z,Mobile,United States,Existing
USR08160,control,2026-05-01T00:00:00Z,Mobile,United States,New
USR08161,improved_results,2026-05-01T00:00:00Z,TV,Other,Existing
USR08162,control,2026-05-01T00:00:00Z,Mobile,United Kingdom,Existing
USR08163,control,2026-05-01T00:00:00Z,Mobile,United States,Existing
USR08164,improved_results,2026-05-01T00:00:00Z,Desktop,Other,Existing
USR08165,control,2026-05-01T00:00:00Z,Desktop,United Kingdom,Existing
USR08166,control,2026-05-01T00:00:00Z,Mobile,United States,Existing
USR08167,improved_results,2026-05-01T00:00:00Z,Mobile,United Kingdom,Existing
USR08168,control,2026-05-01T00:00:00Z,Desktop,United States,Existing
USR08169,improved_results,2026-05-01T00:00:00Z,Desktop,Other,Existing
USR08170,control,2026-05-01T00:00:00Z,Mobile,United States,New
USR08171,control,2026-05-01T00:00:00Z,Desktop,United States,New
USR08172,control,2026-05-01T00:00:00Z,Mobile,United States,Existing
USR08173,improved_results,2026-05-01T00:00:00Z,Desktop,United States,Existing
USR08174,improved_results,2026-05-01T00:00:00Z,Mobile,Canada,Existing
USR08175,control,2026-05-01T00:00:00Z,Mobile,United States,Existing
USR08176,improved_results,2026-05-01T00:00:00Z,Mobile,United Kingdom,Existing
USR08177,control,2026-05-01T00:00:00Z,TV,United States,New
USR08178,control,2026-05-01T00:00:00Z,TV,United States,New
USR08179,control,2026-05-01T00:00:00Z,Desktop,United States,Existing
USR08180,improved_results,2026-05-01T00:00:00Z,Mobile,Other,Existing
USR08181,improved_results,2026-05-01T00:00:00Z,Desktop,Other,Existing
USR08182,control,2026-05-01T00:00:00Z,TV,United States,Existing
USR08183,control,2026-05-01T00:00:00Z,Desktop,Other,Existing
USR08184,improved_results,2026-05-01T00:00:00Z,Mobile,United States,Existing
USR08185,control,2026-05-01T00:00:00Z,Mobile,Canada,Existing
USR08186,control,2026-05-01T00:00:00Z,TV,Canada,New
USR08187,control,2026-05-01T00:00:00Z,Mobile,United States,Existing
USR08188,control,2026-05-01T00:00:00Z,Mobile,Other,Existing
USR08189,improved_results,2026-05-01T00:00:00Z,Mobile,United States,Existing
USR08190,improved_results,2026-05-01T00:00:00Z,Desktop,United States,New
USR08191,control,2026-05-01T00:00:00Z,TV,United States,Existing
USR08192,control,2026-05-01T00:00:00Z,Desktop,United States,Existing
USR08193,improved_results,2026-05-01T00:00:00Z,Desktop,United Kingdom,New
USR08194,improved_results,2026-05-01T00:00:00Z,Mobile,United States,New
USR08195,control,2026-05-01T00:00:00Z,Mobile,United Kingdom,Existing
USR08196,control,2026-05-01T00:00:00Z,Mobile,United States,Existing
USR08197,improved_results,2026-05-01T00:00:00Z,Desktop,United States,Existing
USR08198,improved_results,2026-05-01T00:00:00Z,Mobile,United States,Existing
USR08199,control,2026-05-01T00:00:00Z,Mobile,United States,Existing
USR08200,improved_results,2026-05-01T00:00:00Z,Mobile,Canada,Existing
USR08201,control,2026-05-01T00:00:00Z,Mobile,United States,Existing
USR08202,improved_results,2026-05-01T00:00:00Z,Desktop,United States,Existing
USR08203,control,2026-05-01T00:00:00Z,Mobile,United States,Existing
USR08204,control,2026-05-01T00:00:00Z,TV,United Kingdom,New
USR08205,improved_results,2026-05-01T00:00:00Z,Desktop,Other,Existing
USR08206,control,2026-05-01T00:00:00Z,Mobile,United States,Existing
USR08207,improved_results,2026-05-01T00:00:00Z,Desktop,United States,Existing
USR08208,control,2026-05-01T00:00:00Z,Mobile,United States,Existing
USR08209,control,2026-05-01T00:00:00Z,Mobile,Canada,Existing
USR08210,control,2026-05-01T00:00:00Z,Mobile,United States,Existing
USR08211,improved_results,2026-05-01T00:00:00Z,Mobile,United States,Existing
USR08212,control,2026-05-01T00:00:00Z,TV,Other,Existing
USR08213,improved_results,2026-05-01T00:00:00Z,Mobile,United Kingdom,New
USR08214,control,2026-05-01T00:00:00Z,Mobile,United States,Existing
USR08215,control,2026-05-01T00:00:00Z,TV,United States,Existing
USR08216,improved_results,2026-05-01T00:00:00Z,Desktop,United States,New
USR08217,improved_results,2026-05-01T00:00:00Z,Mobile,United States,Existing
USR08218,improved_results,2026-05-01T00:00:00Z,TV,United States,Existing
USR08219,improved_results,2026-05-01T00:00:00Z,Mobile,United States,Existing
USR08220,control,2026-05-01T00:00:00Z,Mobile,United States,Existing
USR08221,improved_results,2026-05-01T00:00:00Z,Mobile,Other,Existing
USR08222,improved_results,2026-05-01T00:00:00Z,Mobile,United States,Existing
USR08223,control,2026-05-01T00:00:00Z,Desktop,United States,New
USR08224,improved_results,2026-05-01T00:00:00Z,Desktop,Other,Existing
USR08225,control,2026-05-01T00:00:00Z,Mobile,United States,Existing
USR08226,control,2026-05-01T00:00:00Z,Mobile,Canada,Existing
USR08227,control,2026-05-01T00:00:00Z,Desktop,United States,Existing
USR08228,control,2026-05-01T00:00:00Z,Desktop,United States,Existing
USR08229,control,2026-05-01T00:00:00Z,Desktop,United States,New
USR08230,control,2026-05-01T00:00:00Z,Desktop,United States,Existing
USR08231,control,2026-05-01T00:00:00Z,Mobile,United States,Existing
USR08232,improved_results,2026-05-01T00:00:00Z,Mobile,United States,New
USR08233,control,2026-05-01T00:00:00Z,Mobile,Other,Existing
USR08234,control,2026-05-01T00:00:00Z,Desktop,United Kingdom,Existing
USR08235,control,2026-05-01T00:00:00Z,Desktop,United States,Existing
USR08236,improved_results,2026-05-01T00:00:00Z,Mobile,United States,Existing
USR08237,improved_results,2026-05-01T00:00:00Z,Desktop,Other,Existing
USR08238,control,2026-05-01T00:00:00Z,Desktop,Other,Existing
USR08239,improved_results,2026-05-01T00:00:00Z,Mobile,United States,Existing
USR08240,improved_results,2026-05-01T00:00:00Z,Mobile,United States,Existing
USR08241,control,2026-05-01T00:00:00Z,Desktop,United States,Existing
USR08242,control,2026-05-01T00:00:00Z,Desktop,United States,Existing
USR08243,improved_results,2026-05-01T00:00:00Z,Desktop,United Kingdom,New
USR08244,control,2026-05-01T00:00:00Z,Mobile,United States,Existing
USR08245,control,2026-05-01T00:00:00Z,Mobile,Canada,New
USR08246,improved_results,2026-05-01T00:00:00Z,TV,United States,Existing
USR08247,improved_results,2026-05-01T00:00:00Z,Desktop,Other,New
USR08248,improved_results,2026-05-01T00:00:00Z,Mobile,Other,Existing
USR08249,improved_results,2026-05-01T00:00:00Z,Mobile,United States,Existing
USR08250,improved_results,2026-05-01T00:00:00Z,Desktop,United States,New
USR08251,improved_results,2026-05-01T00:00:00Z,TV,United States,New
USR08252,control,2026-05-01T00:00:00Z,Mobile,United States,Existing
USR08253,control,2026-05-01T00:00:00Z,Desktop,United States,Existing
USR08254,control,2026-05-01T00:00:00Z,Mobile,United States,New
USR08255,control,2026-05-01T00:00:00Z,Mobile,United States,Existing
USR08256,improved_results,2026-05-01T00:00:00Z,Mobile,Canada,Existing
USR08257,control,2026-05-01T00:00:00Z,Desktop,United States,New
USR08258,control,2026-05-01T00:00:00Z,Mobile,United Kingdom,Existing
USR08259,control,2026-05-01T00:00:00Z,Desktop,Canada,Existing
USR08260,improved_results,2026-05-01T00:00:00Z,Mobile,United States,Existing
USR08261,improved_results,2026-05-01T00:00:00Z,Mobile,United States,Existing
USR08262,control,2026-05-01T00:00:00Z,Desktop,United States,Existing
USR08263,control,2026-05-01T00:00:00Z,Desktop,United States,New
USR08264,improved_results,2026-05-01T00:00:00Z,Mobile,United States,Existing
USR08265,control,2026-05-01T00:00:00Z,TV,United States,New
USR08266,improved_results,2026-05-01T00:00:00Z,Mobile,Other,Existing
USR08267,control,2026-05-01T00:00:00Z,TV,United States,Existing
USR08268,control,2026-05-01T00:00:00Z,Mobile,Other,Existing
USR08269,control,2026-05-01T00:00:00Z,TV,Other,Existing
USR08270,improved_results,2026-05-01T00:00:00Z,Mobile,United States,New
USR08271,control,2026-05-01T00:00:00Z,TV,Canada,Existing
USR08272,improved_results,2026-05-01T00:00:00Z,Desktop,United States,New
USR08273,control,2026-05-01T00:00:00Z,TV,United States,Existing
USR08274,control,2026-05-01T00:00:00Z,Desktop,Canada,New
USR08275,improved_results,2026-05-01T00:00:00Z,Mobile,Other,Existing
USR08276,control,2026-05-01T00:00:00Z,Mobile,Canada,Existing
USR08277,control,2026-05-01T00:00:00Z,Mobile,United States,Existing
USR08278,control,2026-05-01T00:00:00Z,Mobile,United States,Existing
USR08279,improved_results,2026-05-01T00:00:00Z,Mobile,United States,Existing
USR08280,control,2026-05-01T00:00:00Z,Mobile,Other,Existing
USR08281,control,2026-05-01T00:00:00Z,Desktop,Other,New
USR08282,control,2026-05-01T00:00:00Z,Mobile,Canada,New
USR08283,improved_results,2026-05-01T00:00:00Z,Mobile,United States,Existing
USR08284,improved_results,2026-05-01T00:00:00Z,Mobile,Canada,Existing
USR08285,improved_results,2026-05-01T00:00:00Z,TV,Other,Existing
USR08286,improved_results,2026-05-01T00:00:00Z,Mobile,Canada,Existing
USR08287,improved_results,2026-05-01T00:00:00Z,Desktop,United States,Existing
USR08288,control,2026-05-01T00:00:00Z,TV,United States,Existing
USR08289,improved_results,2026-05-01T00:00:00Z,Mobile,United States,Existing
USR08290,improved_results,2026-05-01T00:00:00Z,Mobile,United States,Existing
USR08291,control,2026-05-01T00:00:00Z,Desktop,United States,Existing
USR08292,improved_results,2026-05-01T00:00:00Z,Mobile,United States,Existing
USR08293,improved_results,2026-05-01T00:00:00Z,Mobile,United Kingdom,Existing
USR08294,improved_results,2026-05-01T00:00:00Z,Mobile,United States,Existing
USR08295,improved_results,2026-05-01T00:00:00Z,Mobile,United States,New
USR08296,control,2026-05-01T00:00:00Z,Desktop,United States,Existing
USR08297,control,2026-05-01T00:00:00Z,Mobile,Canada,Existing
USR08298,improved_results,2026-05-01T00:00:00Z,Mobile,Other,New
USR08299,improved_results,2026-05-01T00:00:00Z,Mobile,Canada,Existing
USR08300,control,2026-05-01T00:00:00Z,Desktop,Other,Existing
USR08301,improved_results,2026-05-01T00:00:00Z,TV,Other,New
USR08302,improved_results,2026-05-01T00:00:00Z,Mobile,United States,New
USR08303,control,2026-05-01T00:00:00Z,Mobile,United States,Existing
USR08304,control,2026-05-01T00:00:00Z,Mobile,United States,Existing
USR08305,improved_results,2026-05-01T00:00:00Z,Mobile,Canada,Existing
USR08306,control,2026-05-01T00:00:00Z,Mobile,United States,Existing
USR08307,improved_results,2026-05-01T00:00:00Z,Mobile,United States,Existing
USR08308,control,2026-05-01T00:00:00Z,Desktop,United States,Existing
USR08309,control,2026-05-01T00:00:00Z,Mobile,Canada,New
USR08310,control,2026-05-01T00:00:00Z,Mobile,Canada,Existing
USR08311,improved_results,2026-05-01T00:00:00Z,Mobile,United States,New
USR08312,improved_results,2026-05-01T00:00:00Z,Mobile,Canada,New
USR08313,control,2026-05-01T00:00:00Z,Mobile,Canada,Existing
USR08314,control,2026-05-01T00:00:00Z,Mobile,United States,Existing
USR08315,control,2026-05-01T00:00:00Z,Mobile,United States,Existing
USR08316,improved_results,2026-05-01T00:00:00Z,Mobile,Other,Existing
USR08317,control,2026-05-01T00:00:00Z,Desktop,United States,Existing
USR08318,control,2026-05-01T00:00:00Z,Mobile,United States,New
USR08319,control,2026-05-01T00:00:00Z,Mobile,Canada,Existing
USR08320,control,2026-05-01T00:00:00Z,Mobile,Canada,New
USR08321,control,2026-05-01T00:00:00Z,Mobile,United States,New
USR08322,control,2026-05-01T00:00:00Z,Mobile,United States,New
USR08323,control,2026-05-01T00:00:00Z,Desktop,United States,Existing
USR08324,control,2026-05-01T00:00:00Z,Desktop,Other,Existing
USR08325,improved_results,2026-05-01T00:00:00Z,TV,Canada,Existing
USR08326,improved_results,2026-05-01T00:00:00Z,Desktop,United States,Existing
USR08327,improved_results,2026-05-01T00:00:00Z,Mobile,Canada,Existing
USR08328,control,2026-05-01T00:00:00Z,Mobile,United States,Existing
USR08329,improved_results,2026-05-01T00:00:00Z,Desktop,United States,Existing
USR08330,improved_results,2026-05-01T00:00:00Z,Desktop,United States,Existing
USR08331,improved_results,2026-05-01T00:00:00Z,Mobile,United States,Existing
USR08332,control,2026-05-01T00:00:00Z,Desktop,United States,Existing
USR08333,improved_results,2026-05-01T00:00:00Z,Mobile,United States,Existing
USR08334,improved_results,2026-05-01T00:00:00Z,Mobile,United States,Existing
USR08335,improved_results,2026-05-01T00:00:00Z,Mobile,Other,Existing
USR08336,improved_results,2026-05-01T00:00:00Z,Mobile,Canada,Existing
USR08337,control,2026-05-01T00:00:00Z,TV,United Kingdom,Existing
USR08338,improved_results,2026-05-01T00:00:00Z,Mobile,United States,Existing
USR08339,control,2026-05-01T00:00:00Z,Desktop,United States,Existing
USR08340,improved_results,2026-05-01T00:00:00Z,Mobile,United States,Existing
USR08341,control,2026-05-01T00:00:00Z,Mobile,United States,Existing
USR08342,improved_results,2026-05-01T00:00:00Z,Mobile,United States,New
USR08343,improved_results,2026-05-01T00:00:00Z,Desktop,United States,Existing
USR08344,improved_results,2026-05-01T00:00:00Z,Mobile,United States,New
USR08345,control,2026-05-01T00:00:00Z,Desktop,United Kingdom,Existing
USR08346,improved_results,2026-05-01T00:00:00Z,Mobile,United States,Existing
USR08347,control,2026-05-01T00:00:00Z,Desktop,United States,Existing
USR08348,control,2026-05-01T00:00:00Z,TV,United Kingdom,Existing
USR08349,control,2026-05-01T00:00:00Z,Mobile,United States,Existing
USR08350,improved_results,2026-05-01T00:00:00Z,Mobile,Other,New
USR08351,control,2026-05-01T00:00:00Z,Desktop,United States,Existing
USR08352,control,2026-05-01T00:00:00Z,Desktop,United States,Existing
USR08353,control,2026-05-01T00:00:00Z,Mobile,United States,Existing
USR08354,improved_results,2026-05-01T00:00:00Z,Mobile,United States,Existing
USR08355,control,2026-05-01T00:00:00Z,Mobile,Other,Existing
USR08356,control,2026-05-01T00:00:00Z,Desktop,Other,Existing
USR08357,improved_results,2026-05-01T00:00:00Z,Mobile,Canada,Existing
USR08358,improved_results,2026-05-01T00:00:00Z,Mobile,United States,Existing
USR08359,control,2026-05-01T00:00:00Z,Mobile,United Kingdom,Existing
USR08360,control,2026-05-01T00:00:00Z,Mobile,United States,Existing
USR08361,improved_results,2026-05-01T00:00:00Z,Mobile,United States,Existing
USR08362,control,2026-05-01T00:00:00Z,Mobile,United States,Existing
USR08363,improved_results,2026-05-01T00:00:00Z,Mobile,United States,Existing
USR08364,control,2026-05-01T00:00:00Z,Mobile,United States,Existing
USR08365,control,2026-05-01T00:00:00Z,Desktop,United Kingdom,Existing
USR08366,control,2026-05-01T00:00:00Z,Mobile,United States,Existing
USR08367,improved_results,2026-05-01T00:00:00Z,Mobile,Other,New
USR08368,improved_results,2026-05-01T00:00:00Z,TV,Canada,New
USR08369,control,2026-05-01T00:00:00Z,Desktop,United Kingdom,New
USR08370,improved_results,2026-05-01T00:00:00Z,TV,United States,Existing
USR08371,improved_results,2026-05-01T00:00:00Z,Desktop,United States,New
USR08372,improved_results,2026-05-01T00:00:00Z,Desktop,United States,Existing
USR08373,control,2026-05-01T00:00:00Z,Mobile,United States,New
USR08374,improved_results,2026-05-01T00:00:00Z,Mobile,United States,Existing
USR08375,control,2026-05-01T00:00:00Z,Mobile,Other,Existing
USR08376,improved_results,2026-05-01T00:00:00Z,Mobile,Other,New
USR08377,improved_results,2026-05-01T00:00:00Z,Mobile,United States,Existing
USR08378,improved_results,2026-05-01T00:00:00Z,Mobile,United States,Existing
USR08379,improved_results,2026-05-01T00:00:00Z,Desktop,Other,Existing
USR08380,improved_results,2026-05-01T00:00:00Z,Desktop,United States,Existing
USR08381,control,2026-05-01T00:00:00Z,Mobile,United States,New
USR08382,improved_results,2026-05-01T00:00:00Z,Desktop,Canada,New
USR08383,control,2026-05-01T00:00:00Z,Mobile,United States,New
USR08384,control,2026-05-01T00:00:00Z,Mobile,United States,Existing
USR08385,improved_results,2026-05-01T00:00:00Z,Mobile,United States,New
USR08386,control,2026-05-01T00:00:00Z,TV,United States,Existing
USR08387,control,2026-05-01T00:00:00Z,TV,United States,Existing
USR08388,control,2026-05-01T00:00:00Z,Mobile,United States,Existing
USR08389,improved_results,2026-05-01T00:00:00Z,Mobile,United Kingdom,Existing
USR08390,control,2026-05-01T00:00:00Z,Desktop,United States,New
USR08391,control,2026-05-01T00:00:00Z,Desktop,Canada,Existing
USR08392,control,2026-05-01T00:00:00Z,Mobile,United States,New
USR08393,improved_results,2026-05-01T00:00:00Z,Mobile,Canada,Existing
USR08394,control,2026-05-01T00:00:00Z,Desktop,Canada,Existing
USR08395,improved_results,2026-05-01T00:00:00Z,Mobile,Canada,Existing
USR08396,control,2026-05-01T00:00:00Z,Mobile,United States,Existing
USR08397,control,2026-05-01T00:00:00Z,TV,United States,Existing
USR08398,control,2026-05-01T00:00:00Z,Mobile,Other,Existing
USR08399,improved_results,2026-05-01T00:00:00Z,Desktop,Canada,Existing
USR08400,control,2026-05-01T00:00:00Z,Mobile,Other,Existing
USR08401,improved_results,2026-05-01T00:00:00Z,Mobile,United States,Existing
USR08402,improved_results,2026-05-01T00:00:00Z,TV,United States,Existing
USR08403,improved_results,2026-05-01T00:00:00Z,Desktop,Canada,Existing
USR08404,improved_results,2026-05-01T00:00:00Z,Mobile,Canada,Existing
USR08405,improved_results,2026-05-01T00:00:00Z,Desktop,United States,Existing
USR08406,improved_results,2026-05-01T00:00:00Z,Desktop,United States,Existing
USR08407,control,2026-05-01T00:00:00Z,TV,United States,New
USR08408,control,2026-05-01T00:00:00Z,Mobile,United States,New
USR08409,control,2026-05-01T00:00:00Z,Mobile,United States,Existing
USR08410,control,2026-05-01T00:00:00Z,Mobile,Other,Existing
USR08411,improved_results,2026-05-01T00:00:00Z,Mobile,United States,Existing
USR08412,improved_results,2026-05-01T00:00:00Z,Mobile,United States,New
USR08413,control,2026-05-01T00:00:00Z,Mobile,Canada,Existing
USR08414,control,2026-05-01T00:00:00Z,Desktop,United States,Existing
USR08415,control,2026-05-01T00:00:00Z,Mobile,United States,Existing
USR08416,control,2026-05-01T00:00:00Z,TV,Other,New
USR08417,control,2026-05-01T00:00:00Z,TV,United Kingdom,Existing
USR08418,improved_results,2026-05-01T00:00:00Z,Mobile,Canada,New
USR08419,control,2026-05-01T00:00:00Z,Desktop,United States,Existing
USR08420,control,2026-05-01T00:00:00Z,Mobile,United States,Existing
USR08421,control,2026-05-01T00:00:00Z,Mobile,United Kingdom,Existing
USR08422,control,2026-05-01T00:00:00Z,TV,United States,Existing
USR08423,improved_results,2026-05-01T00:00:00Z,Mobile,United States,New
USR08424,improved_results,2026-05-01T00:00:00Z,Mobile,United States,New
USR08425,control,2026-05-01T00:00:00Z,Mobile,United States,Existing
USR08426,control,2026-05-01T00:00:00Z,Desktop,United States,Existing
USR08427,control,2026-05-01T00:00:00Z,Mobile,United States,New
USR08428,control,2026-05-01T00:00:00Z,Mobile,United States,New
USR08429,control,2026-05-01T00:00:00Z,Desktop,United Kingdom,New
USR08430,improved_results,2026-05-01T00:00:00Z,Mobile,United Kingdom,New
USR08431,improved_results,2026-05-01T00:00:00Z,Desktop,United States,New
USR08432,control,2026-05-01T00:00:00Z,Desktop,United States,New
USR08433,improved_results,2026-05-01T00:00:00Z,Desktop,United States,Existing
USR08434,improved_results,2026-05-01T00:00:00Z,Mobile,United Kingdom,New
USR08435,control,2026-05-01T00:00:00Z,TV,United States,New
USR08436,improved_results,2026-05-01T00:00:00Z,Desktop,United States,Existing
USR08437,control,2026-05-01T00:00:00Z,Desktop,Other,New
USR08438,improved_results,2026-05-01T00:00:00Z,Desktop,United States,New
USR08439,improved_results,2026-05-01T00:00:00Z,Mobile,United States,New
USR08440,improved_results,2026-05-01T00:00:00Z,Mobile,Other,Existing
USR08441,improved_results,2026-05-01T00:00:00Z,Desktop,United States,Existing
USR08442,improved_results,2026-05-01T00:00:00Z,TV,United States,New
USR08443,improved_results,2026-05-01T00:00:00Z,Desktop,United States,Existing
USR08444,improved_results,2026-05-01T00:00:00Z,Mobile,Other,Existing
USR08445,control,2026-05-01T00:00:00Z,Desktop,United States,Existing
USR08446,improved_results,2026-05-01T00:00:00Z,Mobile,United States,Existing
USR08447,improved_results,2026-05-01T00:00:00Z,Mobile,United Kingdom,Existing
USR08448,control,2026-05-01T00:00:00Z,TV,United States,Existing
USR08449,control,2026-05-01T00:00:00Z,Mobile,United States,Existing
USR08450,control,2026-05-01T00:00:00Z,Mobile,United Kingdom,Existing
USR08451,improved_results,2026-05-01T00:00:00Z,Desktop,Other,Existing
USR08452,improved_results,2026-05-01T00:00:00Z,Mobile,United States,Existing
USR08453,control,2026-05-01T00:00:00Z,Mobile,United States,Existing
USR08454,control,2026-05-01T00:00:00Z,Desktop,United States,Existing
USR08455,improved_results,2026-05-01T00:00:00Z,Mobile,United Kingdom,New
USR08456,improved_results,2026-05-01T00:00:00Z,TV,United States,Existing
USR08457,control,2026-05-01T00:00:00Z,Mobile,United States,Existing
USR08458,control,2026-05-01T00:00:00Z,Desktop,Other,Existing
USR08459,control,2026-05-01T00:00:00Z,Desktop,Other,Existing
USR08460,control,2026-05-01T00:00:00Z,Mobile,United Kingdom,Existing
USR08461,improved_results,2026-05-01T00:00:00Z,Mobile,Other,New
USR08462,control,2026-05-01T00:00:00Z,Desktop,United States,Existing
USR08463,control,2026-05-01T00:00:00Z,Desktop,United States,Existing
USR08464,improved_results,2026-05-01T00:00:00Z,Mobile,Other,Existing
USR08465,control,2026-05-01T00:00:00Z,Mobile,Canada,Existing
USR08466,improved_results,2026-05-01T00:00:00Z,Mobile,United States,Existing
USR08467,control,2026-05-01T00:00:00Z,Mobile,United States,Existing
USR08468,improved_results,2026-05-01T00:00:00Z,Mobile,Canada,Existing
USR08469,improved_results,2026-05-01T00:00:00Z,Mobile,United States,New
USR08470,control,2026-05-01T00:00:00Z,TV,United States,Existing
USR08471,control,2026-05-01T00:00:00Z,Desktop,United States,New
USR08472,improved_results,2026-05-01T00:00:00Z,Mobile,United States,New
USR08473,control,2026-05-01T00:00:00Z,Mobile,United States,New
USR08474,improved_results,2026-05-01T00:00:00Z,Mobile,Other,Existing
USR08475,control,2026-05-01T00:00:00Z,Mobile,United Kingdom,Existing
USR08476,control,2026-05-01T00:00:00Z,Mobile,Canada,New
USR08477,control,2026-05-01T00:00:00Z,Desktop,United States,New
USR08478,control,2026-05-01T00:00:00Z,Mobile,United States,New
USR08479,control,2026-05-01T00:00:00Z,Mobile,United States,New
USR08480,control,2026-05-01T00:00:00Z,Desktop,United States,Existing
USR08481,improved_results,2026-05-01T00:00:00Z,Mobile,Canada,New
USR08482,control,2026-05-01T00:00:00Z,Mobile,United Kingdom,Existing
USR08483,control,2026-05-01T00:00:00Z,Mobile,United States,New
USR08484,control,2026-05-01T00:00:00Z,Mobile,Canada,Existing
USR08485,improved_results,2026-05-01T00:00:00Z,Mobile,United States,Existing
USR08486,control,2026-05-01T00:00:00Z,TV,Canada,Existing
USR08487,improved_results,2026-05-01T00:00:00Z,Mobile,United States,Existing
USR08488,control,2026-05-01T00:00:00Z,Mobile,Canada,Existing
USR08489,control,2026-05-01T00:00:00Z,Mobile,United States,Existing
USR08490,improved_results,2026-05-01T00:00:00Z,Mobile,United States,Existing
USR08491,control,2026-05-01T00:00:00Z,Mobile,United States,Existing
USR08492,control,2026-05-01T00:00:00Z,Mobile,United States,Existing
USR08493,control,2026-05-01T00:00:00Z,Mobile,Canada,New
USR08494,improved_results,2026-05-01T00:00:00Z,Desktop,United States,Existing
USR08495,improved_results,2026-05-01T00:00:00Z,Desktop,United Kingdom,Existing
USR08496,improved_results,2026-05-01T00:00:00Z,Desktop,United States,New
USR08497,control,2026-05-01T00:00:00Z,Mobile,United States,Existing
USR08498,control,2026-05-01T00:00:00Z,Mobile,Canada,Existing
USR08499,improved_results,2026-05-01T00:00:00Z,Mobile,United States,Existing
USR08500,improved_results,2026-05-01T00:00:00Z,Mobile,Other,Existing
USR08501,control,2026-05-01T00:00:00Z,Desktop,United States,Existing
USR08502,control,2026-05-01T00:00:00Z,Desktop,Canada,New
USR08503,control,2026-05-01T00:00:00Z,Desktop,Canada,New
USR08504,control,2026-05-01T00:00:00Z,Mobile,United Kingdom,Existing
USR08505,improved_results,2026-05-01T00:00:00Z,Mobile,United States,Existing
USR08506,control,2026-05-01T00:00:00Z,Desktop,United States,Existing
USR08507,improved_results,2026-05-01T00:00:00Z,Desktop,United States,New
USR08508,control,2026-05-01T00:00:00Z,TV,United States,Existing
USR08509,improved_results,2026-05-01T00:00:00Z,Desktop,Other,New
USR08510,improved_results,2026-05-01T00:00:00Z,Desktop,United Kingdom,New
USR08511,improved_results,2026-05-01T00:00:00Z,TV,United States,Existing
USR08512,control,2026-05-01T00:00:00Z,Desktop,United States,Existing
USR08513,improved_results,2026-05-01T00:00:00Z,TV,Other,New
USR08514,control,2026-05-01T00:00:00Z,Desktop,United States,Existing
USR08515,improved_results,2026-05-01T00:00:00Z,Mobile,United States,Existing
USR08516,control,2026-05-01T00:00:00Z,Desktop,United States,Existing
USR08517,improved_results,2026-05-01T00:00:00Z,Mobile,Canada,Existing
USR08518,control,2026-05-01T00:00:00Z,TV,United Kingdom,Existing
USR08519,control,2026-05-01T00:00:00Z,Mobile,United Kingdom,Existing
USR08520,control,2026-05-01T00:00:00Z,Mobile,United Kingdom,New
USR08521,improved_results,2026-05-01T00:00:00Z,TV,United States,Existing
USR08522,improved_results,2026-05-01T00:00:00Z,Desktop,Canada,Existing
USR08523,control,2026-05-01T00:00:00Z,Mobile,Canada,New
USR08524,control,2026-05-01T00:00:00Z,Desktop,United States,Existing
USR08525,improved_results,2026-05-01T00:00:00Z,Mobile,Canada,New
USR08526,improved_results,2026-05-01T00:00:00Z,Desktop,Other,Existing
USR08527,control,2026-05-01T00:00:00Z,Desktop,United States,Existing
USR08528,improved_results,2026-05-01T00:00:00Z,Mobile,United Kingdom,Existing
USR08529,control,2026-05-01T00:00:00Z,Mobile,United Kingdom,Existing
USR08530,control,2026-05-01T00:00:00Z,Mobile,United Kingdom,Existing
USR08531,control,2026-05-01T00:00:00Z,Mobile,Other,Existing
USR08532,improved_results,2026-05-01T00:00:00Z,Mobile,United States,Existing
USR08533,improved_results,2026-05-01T00:00:00Z,Desktop,Other,Existing
USR08534,improved_results,2026-05-01T00:00:00Z,Desktop,United States,New
USR08535,improved_results,2026-05-01T00:00:00Z,Desktop,Other,Existing
USR08536,control,2026-05-01T00:00:00Z,Mobile,United States,Existing
USR08537,improved_results,2026-05-01T00:00:00Z,Mobile,United States,Existing
USR08538,control,2026-05-01T00:00:00Z,Mobile,Other,Existing
USR08539,improved_results,2026-05-01T00:00:00Z,Mobile,United States,Existing
USR08540,improved_results,2026-05-01T00:00:00Z,Desktop,United States,Existing
USR08541,improved_results,2026-05-01T00:00:00Z,Desktop,United States,New
USR08542,improved_results,2026-05-01T00:00:00Z,Mobile,United States,Existing
USR08543,improved_results,2026-05-01T00:00:00Z,TV,Canada,Existing
USR08544,control,2026-05-01T00:00:00Z,Mobile,Canada,New
USR08545,control,2026-05-01T00:00:00Z,Mobile,United States,Existing
USR08546,control,2026-05-01T00:00:00Z,Mobile,United States,Existing
USR08547,control,2026-05-01T00:00:00Z,Mobile,United States,Existing
USR08548,improved_results,2026-05-01T00:00:00Z,Mobile,United States,Existing
USR08549,improved_results,2026-05-01T00:00:00Z,Mobile,Canada,Existing
USR08550,improved_results,2026-05-01T00:00:00Z,Desktop,United States,Existing
USR08551,improved_results,2026-05-01T00:00:00Z,Desktop,United States,Existing
USR08552,improved_results,2026-05-01T00:00:00Z,Desktop,Canada,Existing
USR08553,control,2026-05-01T00:00:00Z,Mobile,United States,Existing
USR08554,control,2026-05-01T00:00:00Z,Mobile,United States,New
USR08555,control,2026-05-01T00:00:00Z,Desktop,Canada,Existing
USR08556,improved_results,2026-05-01T00:00:00Z,Desktop,United States,New
USR08557,control,2026-05-01T00:00:00Z,TV,Other,Existing
USR08558,control,2026-05-01T00:00:00Z,TV,United States,Existing
USR08559,improved_results,2026-05-01T00:00:00Z,TV,United States,Existing
USR08560,control,2026-05-01T00:00:00Z,TV,United States,New
USR08561,control,2026-05-01T00:00:00Z,Desktop,United States,New
USR08562,control,2026-05-01T00:00:00Z,Desktop,United Kingdom,Existing
USR08563,control,2026-05-01T00:00:00Z,Mobile,United States,New
USR08564,improved_results,2026-05-01T00:00:00Z,Desktop,United States,Existing
USR08565,control,2026-05-01T00:00:00Z,Mobile,Canada,Existing
USR08566,control,2026-05-01T00:00:00Z,Mobile,United States,Existing
USR08567,improved_results,2026-05-01T00:00:00Z,Mobile,United States,Existing
USR08568,improved_results,2026-05-01T00:00:00Z,TV,Canada,New
USR08569,control,2026-05-01T00:00:00Z,Desktop,United Kingdom,Existing
USR08570,improved_results,2026-05-01T00:00:00Z,Mobile,Other,Existing
USR08571,improved_results,2026-05-01T00:00:00Z,Mobile,United States,Existing
USR08572,improved_results,2026-05-01T00:00:00Z,Mobile,United States,New
USR08573,improved_results,2026-05-01T00:00:00Z,Desktop,United Kingdom,New
USR08574,control,2026-05-01T00:00:00Z,Mobile,United Kingdom,New
USR08575,control,2026-05-01T00:00:00Z,Mobile,Other,Existing
USR08576,improved_results,2026-05-01T00:00:00Z,Mobile,United States,Existing
USR08577,control,2026-05-01T00:00:00Z,Desktop,United States,New
USR08578,improved_results,2026-05-01T00:00:00Z,Desktop,United States,New
USR08579,control,2026-05-01T00:00:00Z,Desktop,United States,Existing
USR08580,control,2026-05-01T00:00:00Z,Mobile,United States,Existing
USR08581,control,2026-05-01T00:00:00Z,TV,United States,Existing
USR08582,improved_results,2026-05-01T00:00:00Z,Mobile,United States,Existing
USR08583,control,2026-05-01T00:00:00Z,Mobile,Other,Existing
USR08584,control,2026-05-01T00:00:00Z,Mobile,United States,New
USR08585,improved_results,2026-05-01T00:00:00Z,Mobile,United States,Existing
USR08586,control,2026-05-01T00:00:00Z,Mobile,United States,Existing
USR08587,improved_results,2026-05-01T00:00:00Z,Desktop,United Kingdom,Existing
USR08588,control,2026-05-01T00:00:00Z,TV,Other,Existing
USR08589,improved_results,2026-05-01T00:00:00Z,Desktop,United States,Existing
USR08590,improved_results,2026-05-01T00:00:00Z,Mobile,United Kingdom,Existing
USR08591,improved_results,2026-05-01T00:00:00Z,Mobile,United States,New
USR08592,control,2026-05-01T00:00:00Z,TV,United States,Existing
USR08593,control,2026-05-01T00:00:00Z,Mobile,United Kingdom,Existing
USR08594,control,2026-05-01T00:00:00Z,TV,United States,Existing
USR08595,improved_results,2026-05-01T00:00:00Z,Mobile,United States,New
USR08596,improved_results,2026-05-01T00:00:00Z,TV,United States,Existing
USR08597,control,2026-05-01T00:00:00Z,Desktop,United States,Existing
USR08598,control,2026-05-01T00:00:00Z,TV,Other,New
USR08599,improved_results,2026-05-01T00:00:00Z,Desktop,United States,Existing
USR08600,improved_results,2026-05-01T00:00:00Z,Mobile,United States,Existing
USR08601,control,2026-05-01T00:00:00Z,Mobile,United States,New
USR08602,improved_results,2026-05-01T00:00:00Z,Mobile,Other,Existing
USR08603,improved_results,2026-05-01T00:00:00Z,Mobile,United States,Existing
USR08604,improved_results,2026-05-01T00:00:00Z,Mobile,Canada,New
USR08605,improved_results,2026-05-01T00:00:00Z,Mobile,Other,Existing
USR08606,control,2026-05-01T00:00:00Z,Mobile,United States,Existing
USR08607,improved_results,2026-05-01T00:00:00Z,Mobile,United Kingdom,Existing
USR08608,control,2026-05-01T00:00:00Z,Mobile,Canada,New
USR08609,improved_results,2026-05-01T00:00:00Z,Mobile,United States,Existing
USR08610,improved_results,2026-05-01T00:00:00Z,Mobile,United States,Existing
USR08611,control,2026-05-01T00:00:00Z,TV,United States,Existing
USR08612,control,2026-05-01T00:00:00Z,Mobile,United States,New
USR08613,improved_results,2026-05-01T00:00:00Z,Desktop,United States,Existing
USR08614,control,2026-05-01T00:00:00Z,Desktop,United States,Existing
USR08615,control,2026-05-01T00:00:00Z,Mobile,Canada,Existing
USR08616,improved_results,2026-05-01T00:00:00Z,TV,United States,Existing
USR08617,improved_results,2026-05-01T00:00:00Z,Desktop,United States,Existing
USR08618,control,2026-05-01T00:00:00Z,Mobile,United States,Existing
USR08619,improved_results,2026-05-01T00:00:00Z,Desktop,United Kingdom,New
USR08620,improved_results,2026-05-01T00:00:00Z,Mobile,Canada,Existing
USR08621,control,2026-05-01T00:00:00Z,Mobile,United States,New
USR08622,improved_results,2026-05-01T00:00:00Z,Mobile,United States,New
USR08623,control,2026-05-01T00:00:00Z,TV,United States,Existing
USR08624,control,2026-05-01T00:00:00Z,Mobile,United States,Existing
USR08625,control,2026-05-01T00:00:00Z,TV,United States,Existing
USR08626,improved_results,2026-05-01T00:00:00Z,Mobile,United States,New
USR08627,improved_results,2026-05-01T00:00:00Z,Mobile,United States,Existing
USR08628,control,2026-05-01T00:00:00Z,Desktop,United Kingdom,Existing
USR08629,control,2026-05-01T00:00:00Z,TV,United Kingdom,New
USR08630,control,2026-05-01T00:00:00Z,TV,United Kingdom,Existing
USR08631,control,2026-05-01T00:00:00Z,Mobile,United States,New
USR08632,improved_results,2026-05-01T00:00:00Z,Mobile,United States,Existing
USR08633,control,2026-05-01T00:00:00Z,Mobile,United States,Existing
USR08634,control,2026-05-01T00:00:00Z,TV,United States,New
USR08635,control,2026-05-01T00:00:00Z,Mobile,United Kingdom,Existing
USR08636,improved_results,2026-05-01T00:00:00Z,TV,Other,Existing
USR08637,control,2026-05-01T00:00:00Z,Mobile,United States,Existing
USR08638,control,2026-05-01T00:00:00Z,Mobile,United States,New
USR08639,control,2026-05-01T00:00:00Z,Mobile,United States,New
USR08640,control,2026-05-01T00:00:00Z,Mobile,Other,Existing
USR08641,control,2026-05-01T00:00:00Z,Mobile,United States,Existing
USR08642,improved_results,2026-05-01T00:00:00Z,Desktop,United States,Existing
USR08643,improved_results,2026-05-01T00:00:00Z,Mobile,Other,New
USR08644,improved_results,2026-05-01T00:00:00Z,Mobile,United States,New
USR08645,control,2026-05-01T00:00:00Z,Mobile,United States,Existing
USR08646,control,2026-05-01T00:00:00Z,Desktop,Other,Existing
USR08647,improved_results,2026-05-01T00:00:00Z,Mobile,United States,Existing
USR08648,improved_results,2026-05-01T00:00:00Z,Desktop,United States,New
USR08649,improved_results,2026-05-01T00:00:00Z,Mobile,United States,New
USR08650,improved_results,2026-05-01T00:00:00Z,TV,Other,Existing
USR08651,control,2026-05-01T00:00:00Z,Desktop,United States,Existing
USR08652,improved_results,2026-05-01T00:00:00Z,Mobile,United States,Existing
USR08653,control,2026-05-01T00:00:00Z,Desktop,United States,Existing
USR08654,improved_results,2026-05-01T00:00:00Z,Desktop,United States,Existing
USR08655,improved_results,2026-05-01T00:00:00Z,Desktop,Other,New
USR08656,control,2026-05-01T00:00:00Z,Desktop,United States,New
USR08657,control,2026-05-01T00:00:00Z,TV,Other,Existing
USR08658,improved_results,2026-05-01T00:00:00Z,Desktop,Other,Existing
USR08659,improved_results,2026-05-01T00:00:00Z,TV,United States,New
USR08660,control,2026-05-01T00:00:00Z,Mobile,United States,New
USR08661,control,2026-05-01T00:00:00Z,Desktop,United States,Existing
USR08662,improved_results,2026-05-01T00:00:00Z,Desktop,United States,Existing
USR08663,improved_results,2026-05-01T00:00:00Z,Desktop,United States,New
USR08664,improved_results,2026-05-01T00:00:00Z,Mobile,United States,Existing
USR08665,control,2026-05-01T00:00:00Z,Mobile,United States,New
USR08666,control,2026-05-01T00:00:00Z,Mobile,United States,Existing
USR08667,improved_results,2026-05-01T00:00:00Z,Desktop,United States,Existing
USR08668,improved_results,2026-05-01T00:00:00Z,Mobile,United States,Existing
USR08669,improved_results,2026-05-01T00:00:00Z,Mobile,Other,Existing
USR08670,control,2026-05-01T00:00:00Z,Mobile,United States,New
USR08671,control,2026-05-01T00:00:00Z,Mobile,United States,Existing
USR08672,improved_results,2026-05-01T00:00:00Z,Mobile,Canada,Existing
USR08673,improved_results,2026-05-01T00:00:00Z,Mobile,Other,Existing
USR08674,improved_results,2026-05-01T00:00:00Z,Desktop,United States,Existing
USR08675,control,2026-05-01T00:00:00Z,Mobile,Other,Existing
USR08676,control,2026-05-01T00:00:00Z,Desktop,United States,Existing
USR08677,control,2026-05-01T00:00:00Z,Desktop,United States,Existing
USR08678,control,2026-05-01T00:00:00Z,Mobile,United States,New
USR08679,control,2026-05-01T00:00:00Z,Mobile,United States,Existing
USR08680,improved_results,2026-05-01T00:00:00Z,Mobile,United States,Existing
USR08681,control,2026-05-01T00:00:00Z,Mobile,United States,Existing
USR08682,control,2026-05-01T00:00:00Z,TV,United States,Existing
USR08683,control,2026-05-01T00:00:00Z,Desktop,United States,Existing
USR08684,improved_results,2026-05-01T00:00:00Z,Mobile,United States,Existing
USR08685,control,2026-05-01T00:00:00Z,TV,United States,New
USR08686,improved_results,2026-05-01T00:00:00Z,Mobile,United States,Existing
USR08687,control,2026-05-01T00:00:00Z,Desktop,United States,New
USR08688,control,2026-05-01T00:00:00Z,Desktop,United States,Existing
USR08689,improved_results,2026-05-01T00:00:00Z,Mobile,United Kingdom,Existing
USR08690,improved_results,2026-05-01T00:00:00Z,Mobile,United States,Existing
USR08691,control,2026-05-01T00:00:00Z,Mobile,Canada,Existing
USR08692,improved_results,2026-05-01T00:00:00Z,Desktop,Other,Existing
USR08693,control,2026-05-01T00:00:00Z,Mobile,United States,Existing
USR08694,control,2026-05-01T00:00:00Z,Mobile,United States,Existing
USR08695,improved_results,2026-05-01T00:00:00Z,Mobile,United States,Existing
USR08696,improved_results,2026-05-01T00:00:00Z,Mobile,United States,Existing
USR08697,control,2026-05-01T00:00:00Z,Mobile,United States,Existing
USR08698,control,2026-05-01T00:00:00Z,Mobile,United States,Existing
USR08699,improved_results,2026-05-01T00:00:00Z,Mobile,United States,Existing
USR08700,control,2026-05-01T00:00:00Z,Mobile,United States,New
USR08701,control,2026-05-01T00:00:00Z,Desktop,United States,Existing
USR08702,improved_results,2026-05-01T00:00:00Z,Mobile,United Kingdom,Existing
USR08703,control,2026-05-01T00:00:00Z,Desktop,United Kingdom,Existing
USR08704,control,2026-05-01T00:00:00Z,Mobile,United States,Existing
USR08705,control,2026-05-01T00:00:00Z,Desktop,Other,Existing
USR08706,control,2026-05-01T00:00:00Z,Desktop,United States,Existing
USR08707,control,2026-05-01T00:00:00Z,Mobile,United States,New
USR08708,improved_results,2026-05-01T00:00:00Z,Mobile,United States,Existing
USR08709,control,2026-05-01T00:00:00Z,Mobile,United States,Existing
USR08710,improved_results,2026-05-01T00:00:00Z,Mobile,United States,Existing
USR08711,improved_results,2026-05-01T00:00:00Z,TV,United Kingdom,New
USR08712,control,2026-05-01T00:00:00Z,Desktop,United States,Existing
USR08713,control,2026-05-01T00:00:00Z,TV,United States,Existing
USR08714,improved_results,2026-05-01T00:00:00Z,Mobile,United States,Existing
USR08715,improved_results,2026-05-01T00:00:00Z,Mobile,United States,New
USR08716,control,2026-05-01T00:00:00Z,Desktop,United Kingdom,Existing
USR08717,control,2026-05-01T00:00:00Z,Mobile,United States,Existing
USR08718,control,2026-05-01T00:00:00Z,Mobile,United States,Existing
USR08719,control,2026-05-01T00:00:00Z,Mobile,Other,Existing
USR08720,improved_results,2026-05-01T00:00:00Z,Mobile,Canada,Existing
USR08721,improved_results,2026-05-01T00:00:00Z,Desktop,United States,Existing
USR08722,control,2026-05-01T00:00:00Z,Mobile,United States,New
USR08723,control,2026-05-01T00:00:00Z,Desktop,Canada,Existing
USR08724,improved_results,2026-05-01T00:00:00Z,Desktop,United States,Existing
USR08725,control,2026-05-01T00:00:00Z,Desktop,United States,Existing
USR08726,control,2026-05-01T00:00:00Z,Mobile,United States,Existing
USR08727,improved_results,2026-05-01T00:00:00Z,Mobile,United States,Existing
USR08728,control,2026-05-01T00:00:00Z,Desktop,United States,Existing
USR08729,control,2026-05-01T00:00:00Z,Mobile,United States,Existing
USR08730,control,2026-05-01T00:00:00Z,Mobile,United States,Existing
USR08731,control,2026-05-01T00:00:00Z,Desktop,Other,Existing
USR08732,control,2026-05-01T00:00:00Z,TV,United States,New
USR08733,control,2026-05-01T00:00:00Z,TV,United States,Existing
USR08734,improved_results,2026-05-01T00:00:00Z,TV,United States,Existing
USR08735,improved_results,2026-05-01T00:00:00Z,Mobile,United States,Existing
USR08736,improved_results,2026-05-01T00:00:00Z,Mobile,United States,Existing
USR08737,control,2026-05-01T00:00:00Z,Mobile,United Kingdom,Existing
USR08738,improved_results,2026-05-01T00:00:00Z,Mobile,United States,Existing
USR08739,control,2026-05-01T00:00:00Z,Mobile,United States,Existing
USR08740,improved_results,2026-05-01T00:00:00Z,Desktop,Canada,Existing
USR08741,improved_results,2026-05-01T00:00:00Z,Desktop,United States,Existing
USR08742,improved_results,2026-05-01T00:00:00Z,Mobile,United States,New
USR08743,control,2026-05-01T00:00:00Z,Desktop,United States,Existing
USR08744,improved_results,2026-05-01T00:00:00Z,Desktop,Canada,New
USR08745,improved_results,2026-05-01T00:00:00Z,Desktop,Canada,Existing
USR08746,improved_results,2026-05-01T00:00:00Z,Mobile,Canada,Existing
USR08747,improved_results,2026-05-01T00:00:00Z,Mobile,United States,Existing
USR08748,improved_results,2026-05-01T00:00:00Z,Desktop,Other,New
USR08749,control,2026-05-01T00:00:00Z,Mobile,Other,Existing
USR08750,control,2026-05-01T00:00:00Z,Mobile,United Kingdom,Existing
USR08751,improved_results,2026-05-01T00:00:00Z,Mobile,Canada,Existing
USR08752,improved_results,2026-05-01T00:00:00Z,Mobile,United States,New
USR08753,improved_results,2026-05-01T00:00:00Z,Mobile,United States,Existing
USR08754,improved_results,2026-05-01T00:00:00Z,TV,United States,Existing
USR08755,improved_results,2026-05-01T00:00:00Z,Desktop,Other,Existing
USR08756,control,2026-05-01T00:00:00Z,Mobile,United States,New
USR08757,improved_results,2026-05-01T00:00:00Z,Desktop,United States,Existing
USR08758,improved_results,2026-05-01T00:00:00Z,Desktop,Other,New
USR08759,improved_results,2026-05-01T00:00:00Z,Mobile,United States,New
USR08760,control,2026-05-01T00:00:00Z,Desktop,Other,Existing
USR08761,control,2026-05-01T00:00:00Z,Mobile,Canada,Existing
USR08762,improved_results,2026-05-01T00:00:00Z,Mobile,Other,Existing
USR08763,control,2026-05-01T00:00:00Z,Desktop,United Kingdom,Existing
USR08764,improved_results,2026-05-01T00:00:00Z,TV,Other,Existing
USR08765,control,2026-05-01T00:00:00Z,TV,United States,Existing
USR08766,control,2026-05-01T00:00:00Z,Mobile,United States,Existing
USR08767,control,2026-05-01T00:00:00Z,Mobile,Canada,Existing
USR08768,improved_results,2026-05-01T00:00:00Z,Desktop,Other,Existing
USR08769,improved_results,2026-05-01T00:00:00Z,Mobile,United States,New
USR08770,improved_results,2026-05-01T00:00:00Z,TV,United States,Existing
USR08771,control,2026-05-01T00:00:00Z,Mobile,Canada,New
USR08772,improved_results,2026-05-01T00:00:00Z,Desktop,United States,Existing
USR08773,improved_results,2026-05-01T00:00:00Z,TV,United Kingdom,New
USR08774,improved_results,2026-05-01T00:00:00Z,TV,United States,Existing
USR08775,control,2026-05-01T00:00:00Z,Mobile,Canada,Existing
USR08776,improved_results,2026-05-01T00:00:00Z,Desktop,United States,Existing
USR08777,control,2026-05-01T00:00:00Z,Mobile,United States,Existing
USR08778,control,2026-05-01T00:00:00Z,Mobile,Other,Existing
USR08779,improved_results,2026-05-01T00:00:00Z,TV,Canada,Existing
USR08780,improved_results,2026-05-01T00:00:00Z,Mobile,United States,New
USR08781,control,2026-05-01T00:00:00Z,Mobile,Other,New
USR08782,control,2026-05-01T00:00:00Z,TV,United Kingdom,New
USR08783,control,2026-05-01T00:00:00Z,Desktop,United States,New
USR08784,control,2026-05-01T00:00:00Z,TV,United States,Existing
USR08785,improved_results,2026-05-01T00:00:00Z,Mobile,United States,Existing
USR08786,improved_results,2026-05-01T00:00:00Z,Mobile,United States,Existing
USR08787,improved_results,2026-05-01T00:00:00Z,Mobile,United States,Existing
USR08788,improved_results,2026-05-01T00:00:00Z,TV,United States,New
USR08789,control,2026-05-01T00:00:00Z,Mobile,United States,Existing
USR08790,control,2026-05-01T00:00:00Z,Mobile,United States,New
USR08791,control,2026-05-01T00:00:00Z,Mobile,United States,Existing
USR08792,control,2026-05-01T00:00:00Z,Mobile,Canada,Existing
USR08793,improved_results,2026-05-01T00:00:00Z,Mobile,Canada,Existing
USR08794,improved_results,2026-05-01T00:00:00Z,Desktop,United States,Existing
USR08795,improved_results,2026-05-01T00:00:00Z,Mobile,United States,New
USR08796,improved_results,2026-05-01T00:00:00Z,Mobile,United States,Existing
USR08797,improved_results,2026-05-01T00:00:00Z,Desktop,United States,New
USR08798,control,2026-05-01T00:00:00Z,Desktop,Other,Existing
USR08799,control,2026-05-01T00:00:00Z,TV,United States,New
USR08800,improved_results,2026-05-01T00:00:00Z,Mobile,United States,Existing
USR08801,control,2026-05-01T00:00:00Z,TV,United States,Existing
USR08802,improved_results,2026-05-01T00:00:00Z,Desktop,Other,Existing
USR08803,improved_results,2026-05-01T00:00:00Z,Desktop,United States,Existing
USR08804,improved_results,2026-05-01T00:00:00Z,Mobile,United States,Existing
USR08805,control,2026-05-01T00:00:00Z,Mobile,United States,Existing
USR08806,improved_results,2026-05-01T00:00:00Z,Desktop,Canada,Existing
USR08807,control,2026-05-01T00:00:00Z,Mobile,Other,Existing
USR08808,control,2026-05-01T00:00:00Z,Mobile,United States,Existing
USR08809,control,2026-05-01T00:00:00Z,Mobile,United States,New
USR08810,control,2026-05-01T00:00:00Z,Mobile,United States,Existing
USR08811,control,2026-05-01T00:00:00Z,Desktop,United States,New
USR08812,improved_results,2026-05-01T00:00:00Z,Mobile,United States,New
USR08813,improved_results,2026-05-01T00:00:00Z,Mobile,United States,Existing
USR08814,control,2026-05-01T00:00:00Z,Mobile,Other,Existing
USR08815,improved_results,2026-05-01T00:00:00Z,Desktop,Canada,New
USR08816,improved_results,2026-05-01T00:00:00Z,TV,Canada,Existing
USR08817,control,2026-05-01T00:00:00Z,TV,Canada,Existing
USR08818,improved_results,2026-05-01T00:00:00Z,Mobile,United States,Existing
USR08819,improved_results,2026-05-01T00:00:00Z,Mobile,Other,New
USR08820,improved_results,2026-05-01T00:00:00Z,Mobile,United States,New
USR08821,control,2026-05-01T00:00:00Z,Desktop,United States,Existing
USR08822,control,2026-05-01T00:00:00Z,Mobile,United States,New
USR08823,control,2026-05-01T00:00:00Z,Mobile,Other,Existing
USR08824,control,2026-05-01T00:00:00Z,Desktop,United States,New
USR08825,control,2026-05-01T00:00:00Z,Mobile,United States,Existing
USR08826,improved_results,2026-05-01T00:00:00Z,Desktop,United States,Existing
USR08827,improved_results,2026-05-01T00:00:00Z,Desktop,Other,Existing
USR08828,improved_results,2026-05-01T00:00:00Z,TV,United States,Existing
USR08829,control,2026-05-01T00:00:00Z,Mobile,United Kingdom,Existing
USR08830,control,2026-05-01T00:00:00Z,TV,Canada,Existing
USR08831,improved_results,2026-05-01T00:00:00Z,Desktop,United States,Existing
USR08832,improved_results,2026-05-01T00:00:00Z,Desktop,United Kingdom,Existing
USR08833,control,2026-05-01T00:00:00Z,Mobile,United States,New
USR08834,improved_results,2026-05-01T00:00:00Z,Mobile,United States,Existing
USR08835,improved_results,2026-05-01T00:00:00Z,Mobile,Canada,Existing
USR08836,control,2026-05-01T00:00:00Z,Mobile,United States,Existing
USR08837,improved_results,2026-05-01T00:00:00Z,Desktop,United States,Existing
USR08838,improved_results,2026-05-01T00:00:00Z,Mobile,Other,New
USR08839,control,2026-05-01T00:00:00Z,Mobile,United Kingdom,Existing
USR08840,control,2026-05-01T00:00:00Z,Mobile,United States,Existing
USR08841,control,2026-05-01T00:00:00Z,Mobile,United Kingdom,Existing
USR08842,control,2026-05-01T00:00:00Z,Desktop,United States,New
USR08843,control,2026-05-01T00:00:00Z,Mobile,United States,Existing
USR08844,improved_results,2026-05-01T00:00:00Z,Mobile,United States,Existing
USR08845,control,2026-05-01T00:00:00Z,Desktop,United States,Existing
USR08846,improved_results,2026-05-01T00:00:00Z,TV,United States,Existing
USR08847,improved_results,2026-05-01T00:00:00Z,Desktop,Canada,Existing
USR08848,improved_results,2026-05-01T00:00:00Z,Mobile,United States,Existing
USR08849,control,2026-05-01T00:00:00Z,Desktop,United States,Existing
USR08850,improved_results,2026-05-01T00:00:00Z,Desktop,United States,Existing
USR08851,control,2026-05-01T00:00:00Z,Mobile,United Kingdom,Existing
USR08852,control,2026-05-01T00:00:00Z,Mobile,United States,New
USR08853,control,2026-05-01T00:00:00Z,Desktop,United States,Existing
USR08854,improved_results,2026-05-01T00:00:00Z,TV,Other,New
USR08855,improved_results,2026-05-01T00:00:00Z,Desktop,United States,New
USR08856,improved_results,2026-05-01T00:00:00Z,Mobile,United States,Existing
USR08857,improved_results,2026-05-01T00:00:00Z,Mobile,United Kingdom,Existing
USR08858,improved_results,2026-05-01T00:00:00Z,Mobile,United States,Existing
USR08859,control,2026-05-01T00:00:00Z,Mobile,United States,New
USR08860,control,2026-05-01T00:00:00Z,Desktop,Other,Existing
USR08861,improved_results,2026-05-01T00:00:00Z,Desktop,Other,Existing
USR08862,control,2026-05-01T00:00:00Z,TV,United States,Existing
USR08863,improved_results,2026-05-01T00:00:00Z,Mobile,United States,Existing
USR08864,control,2026-05-01T00:00:00Z,Desktop,United States,Existing
USR08865,control,2026-05-01T00:00:00Z,Mobile,United States,Existing
USR08866,improved_results,2026-05-01T00:00:00Z,Desktop,Other,Existing
USR08867,improved_results,2026-05-01T00:00:00Z,Mobile,Canada,Existing
USR08868,improved_results,2026-05-01T00:00:00Z,Mobile,United Kingdom,New
USR08869,control,2026-05-01T00:00:00Z,Mobile,United States,New
USR08870,improved_results,2026-05-01T00:00:00Z,Mobile,United States,New
USR08871,control,2026-05-01T00:00:00Z,TV,Other,Existing
USR08872,control,2026-05-01T00:00:00Z,Mobile,Canada,Existing
USR08873,control,2026-05-01T00:00:00Z,Mobile,United States,Existing
USR08874,improved_results,2026-05-01T00:00:00Z,Mobile,United Kingdom,Existing
USR08875,control,2026-05-01T00:00:00Z,Desktop,Other,New
USR08876,control,2026-05-01T00:00:00Z,TV,Canada,New
USR08877,improved_results,2026-05-01T00:00:00Z,Desktop,United States,Existing
USR08878,control,2026-05-01T00:00:00Z,Desktop,Canada,New
USR08879,improved_results,2026-05-01T00:00:00Z,Mobile,United States,New
USR08880,improved_results,2026-05-01T00:00:00Z,Mobile,United States,Existing
USR08881,control,2026-05-01T00:00:00Z,TV,United States,Existing
USR08882,control,2026-05-01T00:00:00Z,Desktop,Other,Existing
USR08883,improved_results,2026-05-01T00:00:00Z,Mobile,United States,Existing
USR08884,improved_results,2026-05-01T00:00:00Z,TV,United States,Existing
USR08885,improved_results,2026-05-01T00:00:00Z,TV,United States,Existing
USR08886,improved_results,2026-05-01T00:00:00Z,Mobile,United Kingdom,Existing
USR08887,control,2026-05-01T00:00:00Z,TV,Other,Existing
USR08888,control,2026-05-01T00:00:00Z,TV,Canada,Existing
USR08889,improved_results,2026-05-01T00:00:00Z,Mobile,United States,New
USR08890,control,2026-05-01T00:00:00Z,Mobile,Other,New
USR08891,improved_results,2026-05-01T00:00:00Z,TV,United States,Existing
USR08892,control,2026-05-01T00:00:00Z,Desktop,Canada,Existing
USR08893,control,2026-05-01T00:00:00Z,Mobile,United States,Existing
USR08894,control,2026-05-01T00:00:00Z,Mobile,Other,Existing
USR08895,improved_results,2026-05-01T00:00:00Z,TV,United States,Existing
USR08896,improved_results,2026-05-01T00:00:00Z,Desktop,Canada,Existing
USR08897,control,2026-05-01T00:00:00Z,Desktop,United States,Existing
USR08898,improved_results,2026-05-01T00:00:00Z,Mobile,United States,Existing
USR08899,control,2026-05-01T00:00:00Z,TV,United States,Existing
USR08900,control,2026-05-01T00:00:00Z,TV,Other,New
USR08901,improved_results,2026-05-01T00:00:00Z,Mobile,Other,Existing
USR08902,control,2026-05-01T00:00:00Z,Desktop,United States,Existing
USR08903,improved_results,2026-05-01T00:00:00Z,Mobile,United States,Existing
USR08904,control,2026-05-01T00:00:00Z,Mobile,United States,New
USR08905,control,2026-05-01T00:00:00Z,Mobile,United States,Existing
USR08906,control,2026-05-01T00:00:00Z,Desktop,United States,Existing
USR08907,control,2026-05-01T00:00:00Z,Desktop,United States,Existing
USR08908,improved_results,2026-05-01T00:00:00Z,Mobile,United Kingdom,Existing
USR08909,control,2026-05-01T00:00:00Z,TV,Canada,Existing
USR08910,improved_results,2026-05-01T00:00:00Z,Mobile,United States,Existing
USR08911,improved_results,2026-05-01T00:00:00Z,Mobile,United Kingdom,Existing
USR08912,control,2026-05-01T00:00:00Z,Desktop,Other,Existing
USR08913,improved_results,2026-05-01T00:00:00Z,Mobile,United States,Existing
USR08914,control,2026-05-01T00:00:00Z,Mobile,United Kingdom,New
USR08915,improved_results,2026-05-01T00:00:00Z,Mobile,Canada,Existing
USR08916,improved_results,2026-05-01T00:00:00Z,Mobile,Canada,Existing
USR08917,control,2026-05-01T00:00:00Z,TV,Canada,Existing
USR08918,control,2026-05-01T00:00:00Z,Desktop,Canada,Existing
USR08919,control,2026-05-01T00:00:00Z,Desktop,Canada,Existing
USR08920,improved_results,2026-05-01T00:00:00Z,Desktop,Other,Existing
USR08921,control,2026-05-01T00:00:00Z,Mobile,Other,New
USR08922,control,2026-05-01T00:00:00Z,Mobile,United States,Existing
USR08923,control,2026-05-01T00:00:00Z,Mobile,United States,Existing
USR08924,control,2026-05-01T00:00:00Z,Desktop,Other,Existing
USR08925,control,2026-05-01T00:00:00Z,Mobile,Other,Existing
USR08926,improved_results,2026-05-01T00:00:00Z,Mobile,United Kingdom,Existing
USR08927,control,2026-05-01T00:00:00Z,Mobile,United States,New
USR08928,control,2026-05-01T00:00:00Z,Mobile,United States,Existing
USR08929,control,2026-05-01T00:00:00Z,Mobile,United States,Existing
USR08930,control,2026-05-01T00:00:00Z,Mobile,Canada,Existing
USR08931,control,2026-05-01T00:00:00Z,Desktop,Other,Existing
USR08932,control,2026-05-01T00:00:00Z,Desktop,United States,New
USR08933,control,2026-05-01T00:00:00Z,Desktop,United States,New
USR08934,control,2026-05-01T00:00:00Z,Mobile,Canada,New
USR08935,control,2026-05-01T00:00:00Z,Mobile,Other,Existing
USR08936,improved_results,2026-05-01T00:00:00Z,Mobile,United States,Existing
USR08937,control,2026-05-01T00:00:00Z,Mobile,United States,New
USR08938,control,2026-05-01T00:00:00Z,TV,United States,Existing
USR08939,control,2026-05-01T00:00:00Z,Desktop,United States,New
USR08940,control,2026-05-01T00:00:00Z,Mobile,Canada,Existing
USR08941,control,2026-05-01T00:00:00Z,Desktop,United States,Existing
USR08942,improved_results,2026-05-01T00:00:00Z,Desktop,United States,New
USR08943,control,2026-05-01T00:00:00Z,Desktop,United States,New
USR08944,control,2026-05-01T00:00:00Z,Desktop,United States,Existing
USR08945,improved_results,2026-05-01T00:00:00Z,Mobile,United States,Existing
USR08946,improved_results,2026-05-01T00:00:00Z,TV,Canada,New
USR08947,control,2026-05-01T00:00:00Z,Desktop,United States,Existing
USR08948,improved_results,2026-05-01T00:00:00Z,Mobile,United States,Existing
USR08949,improved_results,2026-05-01T00:00:00Z,Mobile,United States,Existing
USR08950,control,2026-05-01T00:00:00Z,Mobile,United States,New
USR08951,improved_results,2026-05-01T00:00:00Z,Desktop,Canada,Existing
USR08952,control,2026-05-01T00:00:00Z,Mobile,Other,Existing
USR08953,improved_results,2026-05-01T00:00:00Z,Mobile,Other,Existing
USR08954,control,2026-05-01T00:00:00Z,Desktop,United States,New
USR08955,improved_results,2026-05-01T00:00:00Z,Mobile,United States,Existing
USR08956,improved_results,2026-05-01T00:00:00Z,Desktop,United States,Existing
USR08957,improved_results,2026-05-01T00:00:00Z,Desktop,United States,Existing
USR08958,control,2026-05-01T00:00:00Z,Desktop,United States,Existing
USR08959,improved_results,2026-05-01T00:00:00Z,Desktop,United States,New
USR08960,control,2026-05-01T00:00:00Z,Desktop,United States,Existing
USR08961,control,2026-05-01T00:00:00Z,Mobile,United States,Existing
USR08962,control,2026-05-01T00:00:00Z,Mobile,United States,Existing
USR08963,improved_results,2026-05-01T00:00:00Z,Desktop,Other,Existing
USR08964,control,2026-05-01T00:00:00Z,Desktop,United States,New
USR08965,control,2026-05-01T00:00:00Z,Mobile,United States,Existing
USR08966,control,2026-05-01T00:00:00Z,Mobile,Other,Existing
USR08967,control,2026-05-01T00:00:00Z,Mobile,United States,Existing
USR08968,control,2026-05-01T00:00:00Z,Mobile,United States,Existing
USR08969,control,2026-05-01T00:00:00Z,Desktop,Other,Existing
USR08970,improved_results,2026-05-01T00:00:00Z,Mobile,Other,Existing
USR08971,control,2026-05-01T00:00:00Z,Mobile,United States,Existing
USR08972,control,2026-05-01T00:00:00Z,Mobile,United States,Existing
USR08973,improved_results,2026-05-01T00:00:00Z,Desktop,United States,Existing
USR08974,control,2026-05-01T00:00:00Z,Mobile,Canada,Existing
USR08975,control,2026-05-01T00:00:00Z,Mobile,United Kingdom,Existing
USR08976,improved_results,2026-05-01T00:00:00Z,Mobile,United States,New
USR08977,improved_results,2026-05-01T00:00:00Z,Mobile,Other,Existing
USR08978,control,2026-05-01T00:00:00Z,Mobile,United States,New
USR08979,control,2026-05-01T00:00:00Z,Desktop,United States,Existing
USR08980,improved_results,2026-05-01T00:00:00Z,Desktop,United States,Existing
USR08981,improved_results,2026-05-01T00:00:00Z,Mobile,Other,New
USR08982,improved_results,2026-05-01T00:00:00Z,Mobile,United Kingdom,Existing
USR08983,improved_results,2026-05-01T00:00:00Z,Desktop,United States,Existing
USR08984,control,2026-05-01T00:00:00Z,Desktop,United States,Existing
USR08985,control,2026-05-01T00:00:00Z,Desktop,United Kingdom,Existing
USR08986,control,2026-05-01T00:00:00Z,Mobile,Other,Existing
USR08987,control,2026-05-01T00:00:00Z,Mobile,United Kingdom,Existing
USR08988,improved_results,2026-05-01T00:00:00Z,Mobile,United States,Existing
USR08989,control,2026-05-01T00:00:00Z,Desktop,United States,Existing
USR08990,control,2026-05-01T00:00:00Z,Mobile,United States,Existing
USR08991,improved_results,2026-05-01T00:00:00Z,Desktop,Other,New
USR08992,improved_results,2026-05-01T00:00:00Z,Desktop,United States,Existing
USR08993,control,2026-05-01T00:00:00Z,Desktop,United States,Existing
USR08994,improved_results,2026-05-01T00:00:00Z,Mobile,United States,Existing
USR08995,improved_results,2026-05-01T00:00:00Z,Mobile,United States,New
USR08996,improved_results,2026-05-01T00:00:00Z,Mobile,United States,Existing
USR08997,control,2026-05-01T00:00:00Z,Mobile,United States,Existing
USR08998,control,2026-05-01T00:00:00Z,Mobile,Other,Existing
USR08999,improved_results,2026-05-01T00:00:00Z,Desktop,United States,New
USR09000,improved_results,2026-05-01T00:00:00Z,Mobile,United States,Existing
USR09001,improved_results,2026-05-01T00:00:00Z,Mobile,United States,Existing
USR09002,improved_results,2026-05-01T00:00:00Z,TV,United States,New
USR09003,improved_results,2026-05-01T00:00:00Z,Desktop,United States,New
USR09004,control,2026-05-01T00:00:00Z,Mobile,United Kingdom,Existing
USR09005,improved_results,2026-05-01T00:00:00Z,Mobile,United States,New
USR09006,control,2026-05-01T00:00:00Z,Mobile,United States,New
USR09007,control,2026-05-01T00:00:00Z,Mobile,United States,Existing
USR09008,control,2026-05-01T00:00:00Z,Mobile,United States,Existing
USR09009,control,2026-05-01T00:00:00Z,Desktop,Other,Existing
USR09010,improved_results,2026-05-01T00:00:00Z,TV,United States,New
USR09011,control,2026-05-01T00:00:00Z,Mobile,Canada,Existing
USR09012,improved_results,2026-05-01T00:00:00Z,Desktop,United Kingdom,Existing
USR09013,control,2026-05-01T00:00:00Z,Desktop,Canada,New
USR09014,control,2026-05-01T00:00:00Z,Mobile,United States,Existing
USR09015,improved_results,2026-05-01T00:00:00Z,Mobile,United States,Existing
USR09016,improved_results,2026-05-01T00:00:00Z,Desktop,United States,Existing
USR09017,control,2026-05-01T00:00:00Z,Desktop,United States,Existing
USR09018,improved_results,2026-05-01T00:00:00Z,Desktop,United Kingdom,New
USR09019,improved_results,2026-05-01T00:00:00Z,Mobile,United States,New
USR09020,improved_results,2026-05-01T00:00:00Z,Mobile,Canada,Existing
USR09021,control,2026-05-01T00:00:00Z,Mobile,Other,Existing
USR09022,control,2026-05-01T00:00:00Z,Mobile,United Kingdom,New
USR09023,control,2026-05-01T00:00:00Z,Mobile,Other,Existing
USR09024,improved_results,2026-05-01T00:00:00Z,Mobile,United Kingdom,Existing
USR09025,improved_results,2026-05-01T00:00:00Z,TV,Other,Existing
USR09026,improved_results,2026-05-01T00:00:00Z,Mobile,United States,New
USR09027,improved_results,2026-05-01T00:00:00Z,Mobile,United Kingdom,Existing
USR09028,control,2026-05-01T00:00:00Z,TV,Canada,Existing
USR09029,improved_results,2026-05-01T00:00:00Z,Desktop,United States,New
USR09030,control,2026-05-01T00:00:00Z,Desktop,United States,Existing
USR09031,improved_results,2026-05-01T00:00:00Z,Mobile,Canada,Existing
USR09032,control,2026-05-01T00:00:00Z,Desktop,United Kingdom,New
USR09033,improved_results,2026-05-01T00:00:00Z,Desktop,United States,Existing
USR09034,control,2026-05-01T00:00:00Z,Desktop,Canada,Existing
USR09035,improved_results,2026-05-01T00:00:00Z,Mobile,Other,New
USR09036,improved_results,2026-05-01T00:00:00Z,Mobile,United States,Existing
USR09037,improved_results,2026-05-01T00:00:00Z,Mobile,United Kingdom,Existing
USR09038,improved_results,2026-05-01T00:00:00Z,TV,United States,Existing
USR09039,control,2026-05-01T00:00:00Z,Desktop,United States,New
USR09040,control,2026-05-01T00:00:00Z,Mobile,United States,Existing
USR09041,improved_results,2026-05-01T00:00:00Z,Mobile,United Kingdom,Existing
USR09042,improved_results,2026-05-01T00:00:00Z,Mobile,United States,Existing
USR09043,control,2026-05-01T00:00:00Z,Mobile,United States,Existing
USR09044,improved_results,2026-05-01T00:00:00Z,Mobile,United States,Existing
USR09045,improved_results,2026-05-01T00:00:00Z,Mobile,Canada,New
USR09046,control,2026-05-01T00:00:00Z,TV,United States,New
USR09047,control,2026-05-01T00:00:00Z,Mobile,United States,Existing
USR09048,improved_results,2026-05-01T00:00:00Z,Mobile,United Kingdom,New
USR09049,improved_results,2026-05-01T00:00:00Z,Mobile,United States,Existing
USR09050,control,2026-05-01T00:00:00Z,Mobile,United States,New
USR09051,improved_results,2026-05-01T00:00:00Z,Desktop,United States,Existing
USR09052,improved_results,2026-05-01T00:00:00Z,Mobile,Canada,Existing
USR09053,improved_results,2026-05-01T00:00:00Z,Desktop,United States,Existing
USR09054,improved_results,2026-05-01T00:00:00Z,Desktop,United States,Existing
USR09055,control,2026-05-01T00:00:00Z,Mobile,United States,Existing
USR09056,control,2026-05-01T00:00:00Z,Mobile,Canada,Existing
USR09057,control,2026-05-01T00:00:00Z,TV,Canada,New
USR09058,control,2026-05-01T00:00:00Z,Desktop,Other,Existing
USR09059,control,2026-05-01T00:00:00Z,Desktop,United States,Existing
USR09060,control,2026-05-01T00:00:00Z,Mobile,United States,New
USR09061,control,2026-05-01T00:00:00Z,Mobile,United States,Existing
USR09062,improved_results,2026-05-01T00:00:00Z,Mobile,Other,New
USR09063,control,2026-05-01T00:00:00Z,Mobile,Canada,New
USR09064,improved_results,2026-05-01T00:00:00Z,Desktop,Other,Existing
USR09065,control,2026-05-01T00:00:00Z,Mobile,Canada,New
USR09066,improved_results,2026-05-01T00:00:00Z,Mobile,Other,Existing
USR09067,improved_results,2026-05-01T00:00:00Z,TV,Other,Existing
USR09068,improved_results,2026-05-01T00:00:00Z,Mobile,Canada,Existing
USR09069,control,2026-05-01T00:00:00Z,Mobile,United States,Existing
USR09070,control,2026-05-01T00:00:00Z,Desktop,Canada,New
USR09071,control,2026-05-01T00:00:00Z,Mobile,Other,Existing
USR09072,control,2026-05-01T00:00:00Z,Mobile,Canada,New
USR09073,improved_results,2026-05-01T00:00:00Z,Mobile,Canada,New
USR09074,improved_results,2026-05-01T00:00:00Z,Mobile,United States,Existing
USR09075,improved_results,2026-05-01T00:00:00Z,Mobile,United States,New
USR09076,improved_results,2026-05-01T00:00:00Z,Mobile,United States,Existing
USR09077,improved_results,2026-05-01T00:00:00Z,TV,United States,Existing
USR09078,improved_results,2026-05-01T00:00:00Z,Mobile,Other,Existing
USR09079,improved_results,2026-05-01T00:00:00Z,Mobile,United States,Existing
USR09080,improved_results,2026-05-01T00:00:00Z,Desktop,Other,Existing
USR09081,improved_results,2026-05-01T00:00:00Z,Mobile,United States,Existing
USR09082,control,2026-05-01T00:00:00Z,Mobile,United States,Existing
USR09083,control,2026-05-01T00:00:00Z,Desktop,United States,Existing
USR09084,control,2026-05-01T00:00:00Z,Mobile,Canada,Existing
USR09085,improved_results,2026-05-01T00:00:00Z,Mobile,Canada,Existing
USR09086,improved_results,2026-05-01T00:00:00Z,Mobile,Other,Existing
USR09087,improved_results,2026-05-01T00:00:00Z,Mobile,United Kingdom,New
USR09088,improved_results,2026-05-01T00:00:00Z,Mobile,United States,New
USR09089,improved_results,2026-05-01T00:00:00Z,Mobile,United States,Existing
USR09090,control,2026-05-01T00:00:00Z,Mobile,Canada,Existing
USR09091,control,2026-05-01T00:00:00Z,Mobile,Canada,Existing
USR09092,control,2026-05-01T00:00:00Z,Mobile,United States,Existing
USR09093,improved_results,2026-05-01T00:00:00Z,Mobile,Other,Existing
USR09094,improved_results,2026-05-01T00:00:00Z,Mobile,United States,Existing
USR09095,improved_results,2026-05-01T00:00:00Z,Desktop,United Kingdom,Existing
USR09096,improved_results,2026-05-01T00:00:00Z,TV,United States,New
USR09097,control,2026-05-01T00:00:00Z,TV,United States,New
USR09098,control,2026-05-01T00:00:00Z,Desktop,Other,New
USR09099,control,2026-05-01T00:00:00Z,TV,United States,New
USR09100,control,2026-05-01T00:00:00Z,Mobile,Other,New
USR09101,improved_results,2026-05-01T00:00:00Z,Mobile,United States,Existing
USR09102,control,2026-05-01T00:00:00Z,Desktop,United States,Existing
USR09103,control,2026-05-01T00:00:00Z,Mobile,United Kingdom,Existing
USR09104,improved_results,2026-05-01T00:00:00Z,Mobile,Canada,New
USR09105,control,2026-05-01T00:00:00Z,Desktop,United States,Existing
USR09106,improved_results,2026-05-01T00:00:00Z,Mobile,United States,Existing
USR09107,improved_results,2026-05-01T00:00:00Z,Mobile,United States,Existing
USR09108,control,2026-05-01T00:00:00Z,Mobile,United Kingdom,Existing
USR09109,control,2026-05-01T00:00:00Z,Desktop,Canada,New
USR09110,improved_results,2026-05-01T00:00:00Z,Desktop,Other,Existing
USR09111,control,2026-05-01T00:00:00Z,Mobile,United States,Existing
USR09112,control,2026-05-01T00:00:00Z,Mobile,Other,Existing
USR09113,improved_results,2026-05-01T00:00:00Z,Desktop,United States,Existing
USR09114,improved_results,2026-05-01T00:00:00Z,TV,United Kingdom,Existing
USR09115,control,2026-05-01T00:00:00Z,Desktop,United Kingdom,Existing
USR09116,control,2026-05-01T00:00:00Z,Mobile,United States,Existing
USR09117,improved_results,2026-05-01T00:00:00Z,Mobile,Other,Existing
USR09118,control,2026-05-01T00:00:00Z,Mobile,United States,Existing
USR09119,improved_results,2026-05-01T00:00:00Z,Desktop,United States,Existing
USR09120,control,2026-05-01T00:00:00Z,Mobile,Canada,Existing
USR09121,improved_results,2026-05-01T00:00:00Z,Desktop,United States,Existing
USR09122,improved_results,2026-05-01T00:00:00Z,Desktop,United States,Existing
USR09123,control,2026-05-01T00:00:00Z,Mobile,United States,Existing
USR09124,improved_results,2026-05-01T00:00:00Z,Mobile,Canada,New
USR09125,improved_results,2026-05-01T00:00:00Z,Mobile,United States,New
USR09126,control,2026-05-01T00:00:00Z,Mobile,United States,New
USR09127,improved_results,2026-05-01T00:00:00Z,Mobile,United States,New
USR09128,control,2026-05-01T00:00:00Z,Mobile,United States,Existing
USR09129,improved_results,2026-05-01T00:00:00Z,TV,United States,Existing
USR09130,improved_results,2026-05-01T00:00:00Z,Mobile,United States,Existing
USR09131,improved_results,2026-05-01T00:00:00Z,Mobile,United States,New
USR09132,control,2026-05-01T00:00:00Z,Mobile,United States,New
USR09133,control,2026-05-01T00:00:00Z,Mobile,United States,Existing
USR09134,improved_results,2026-05-01T00:00:00Z,Mobile,United States,Existing
USR09135,control,2026-05-01T00:00:00Z,Mobile,United Kingdom,New
USR09136,control,2026-05-01T00:00:00Z,Mobile,Other,Existing
USR09137,improved_results,2026-05-01T00:00:00Z,Mobile,Canada,Existing
USR09138,improved_results,2026-05-01T00:00:00Z,Mobile,United States,Existing
USR09139,control,2026-05-01T00:00:00Z,Desktop,United States,Existing
USR09140,control,2026-05-01T00:00:00Z,Mobile,United States,Existing
USR09141,control,2026-05-01T00:00:00Z,Desktop,United States,New
USR09142,improved_results,2026-05-01T00:00:00Z,Mobile,Canada,Existing
USR09143,control,2026-05-01T00:00:00Z,Mobile,United States,Existing
USR09144,improved_results,2026-05-01T00:00:00Z,TV,United States,Existing
USR09145,control,2026-05-01T00:00:00Z,Desktop,United States,Existing
USR09146,control,2026-05-01T00:00:00Z,Desktop,United States,New
USR09147,improved_results,2026-05-01T00:00:00Z,Mobile,United Kingdom,New
USR09148,improved_results,2026-05-01T00:00:00Z,Desktop,Other,New
USR09149,control,2026-05-01T00:00:00Z,Mobile,United States,Existing
USR09150,improved_results,2026-05-01T00:00:00Z,Desktop,United States,Existing
USR09151,improved_results,2026-05-01T00:00:00Z,TV,Other,Existing
USR09152,improved_results,2026-05-01T00:00:00Z,Desktop,United States,New
USR09153,improved_results,2026-05-01T00:00:00Z,Mobile,United States,Existing
USR09154,control,2026-05-01T00:00:00Z,Mobile,Other,Existing
USR09155,control,2026-05-01T00:00:00Z,Mobile,Canada,New
USR09156,improved_results,2026-05-01T00:00:00Z,Mobile,United Kingdom,Existing
USR09157,control,2026-05-01T00:00:00Z,Mobile,Other,Existing
USR09158,improved_results,2026-05-01T00:00:00Z,Desktop,United States,Existing
USR09159,control,2026-05-01T00:00:00Z,Mobile,United States,Existing
USR09160,control,2026-05-01T00:00:00Z,Desktop,United States,Existing
USR09161,control,2026-05-01T00:00:00Z,Mobile,United States,Existing
USR09162,improved_results,2026-05-01T00:00:00Z,Mobile,United States,Existing
USR09163,control,2026-05-01T00:00:00Z,Mobile,United Kingdom,Existing
USR09164,improved_results,2026-05-01T00:00:00Z,Mobile,United States,Existing
USR09165,control,2026-05-01T00:00:00Z,Desktop,United States,Existing
USR09166,control,2026-05-01T00:00:00Z,TV,United States,Existing
USR09167,control,2026-05-01T00:00:00Z,Mobile,Other,New
USR09168,improved_results,2026-05-01T00:00:00Z,Mobile,Other,New
USR09169,control,2026-05-01T00:00:00Z,Desktop,Other,Existing
USR09170,improved_results,2026-05-01T00:00:00Z,Mobile,United States,Existing
USR09171,control,2026-05-01T00:00:00Z,Desktop,United States,Existing
USR09172,control,2026-05-01T00:00:00Z,Mobile,United States,New
USR09173,control,2026-05-01T00:00:00Z,Desktop,United States,New
USR09174,control,2026-05-01T00:00:00Z,Mobile,United States,Existing
USR09175,control,2026-05-01T00:00:00Z,Mobile,United States,New
USR09176,control,2026-05-01T00:00:00Z,Desktop,Other,New
USR09177,control,2026-05-01T00:00:00Z,Mobile,United States,Existing
USR09178,improved_results,2026-05-01T00:00:00Z,Mobile,United Kingdom,New
USR09179,improved_results,2026-05-01T00:00:00Z,TV,United States,New
USR09180,control,2026-05-01T00:00:00Z,Mobile,Other,New
USR09181,control,2026-05-01T00:00:00Z,Mobile,United States,Existing
USR09182,improved_results,2026-05-01T00:00:00Z,Desktop,Canada,Existing
USR09183,control,2026-05-01T00:00:00Z,TV,United States,New
USR09184,improved_results,2026-05-01T00:00:00Z,Desktop,United States,Existing
USR09185,improved_results,2026-05-01T00:00:00Z,Mobile,Other,Existing
USR09186,control,2026-05-01T00:00:00Z,Mobile,United Kingdom,Existing
USR09187,improved_results,2026-05-01T00:00:00Z,TV,United States,Existing
USR09188,control,2026-05-01T00:00:00Z,Mobile,Canada,Existing
USR09189,improved_results,2026-05-01T00:00:00Z,Mobile,United States,New
USR09190,improved_results,2026-05-01T00:00:00Z,TV,Canada,Existing
USR09191,improved_results,2026-05-01T00:00:00Z,Desktop,United States,Existing
USR09192,improved_results,2026-05-01T00:00:00Z,TV,Canada,New
USR09193,control,2026-05-01T00:00:00Z,TV,United States,Existing
USR09194,control,2026-05-01T00:00:00Z,Desktop,Other,Existing
USR09195,improved_results,2026-05-01T00:00:00Z,Desktop,Other,New
USR09196,improved_results,2026-05-01T00:00:00Z,Mobile,Other,New
USR09197,improved_results,2026-05-01T00:00:00Z,Mobile,United States,Existing
USR09198,control,2026-05-01T00:00:00Z,Desktop,United Kingdom,Existing
USR09199,improved_results,2026-05-01T00:00:00Z,Mobile,Other,Existing
USR09200,control,2026-05-01T00:00:00Z,TV,United States,Existing
USR09201,control,2026-05-01T00:00:00Z,Mobile,United States,Existing
USR09202,control,2026-05-01T00:00:00Z,Desktop,Other,Existing
USR09203,control,2026-05-01T00:00:00Z,Mobile,United States,Existing
USR09204,improved_results,2026-05-01T00:00:00Z,Mobile,United States,New
USR09205,improved_results,2026-05-01T00:00:00Z,Mobile,United States,New
USR09206,control,2026-05-01T00:00:00Z,Desktop,United Kingdom,Existing
USR09207,control,2026-05-01T00:00:00Z,Mobile,United States,Existing
USR09208,control,2026-05-01T00:00:00Z,Mobile,United States,Existing
USR09209,control,2026-05-01T00:00:00Z,Mobile,Other,Existing
USR09210,control,2026-05-01T00:00:00Z,TV,United Kingdom,Existing
USR09211,control,2026-05-01T00:00:00Z,Mobile,United States,Existing
USR09212,control,2026-05-01T00:00:00Z,Desktop,United States,New
USR09213,improved_results,2026-05-01T00:00:00Z,Desktop,United States,Existing
USR09214,control,2026-05-01T00:00:00Z,TV,Other,Existing
USR09215,control,2026-05-01T00:00:00Z,Mobile,United States,Existing
USR09216,control,2026-05-01T00:00:00Z,Desktop,United States,Existing
USR09217,improved_results,2026-05-01T00:00:00Z,Desktop,United States,Existing
USR09218,control,2026-05-01T00:00:00Z,Desktop,United States,Existing
USR09219,control,2026-05-01T00:00:00Z,TV,United States,Existing
USR09220,improved_results,2026-05-01T00:00:00Z,Mobile,United States,Existing
USR09221,improved_results,2026-05-01T00:00:00Z,Mobile,United States,Existing
USR09222,improved_results,2026-05-01T00:00:00Z,Mobile,Canada,Existing
USR09223,control,2026-05-01T00:00:00Z,Desktop,United States,Existing
USR09224,improved_results,2026-05-01T00:00:00Z,Mobile,Other,Existing
USR09225,control,2026-05-01T00:00:00Z,Mobile,United Kingdom,Existing
USR09226,improved_results,2026-05-01T00:00:00Z,Mobile,United States,New
USR09227,improved_results,2026-05-01T00:00:00Z,Mobile,Canada,Existing
USR09228,improved_results,2026-05-01T00:00:00Z,Desktop,United States,New
USR09229,improved_results,2026-05-01T00:00:00Z,TV,United Kingdom,Existing
USR09230,control,2026-05-01T00:00:00Z,Mobile,United Kingdom,Existing
USR09231,control,2026-05-01T00:00:00Z,TV,United States,Existing
USR09232,improved_results,2026-05-01T00:00:00Z,Mobile,Other,Existing
USR09233,control,2026-05-01T00:00:00Z,Desktop,United States,Existing
USR09234,improved_results,2026-05-01T00:00:00Z,Mobile,United States,Existing
USR09235,improved_results,2026-05-01T00:00:00Z,TV,Canada,Existing
USR09236,control,2026-05-01T00:00:00Z,Mobile,Other,Existing
USR09237,improved_results,2026-05-01T00:00:00Z,Mobile,Canada,Existing
USR09238,control,2026-05-01T00:00:00Z,Mobile,United States,New
USR09239,control,2026-05-01T00:00:00Z,Mobile,Other,Existing
USR09240,improved_results,2026-05-01T00:00:00Z,TV,United States,New
USR09241,improved_results,2026-05-01T00:00:00Z,Desktop,United States,Existing
USR09242,control,2026-05-01T00:00:00Z,Mobile,United States,Existing
USR09243,improved_results,2026-05-01T00:00:00Z,Desktop,United States,New
USR09244,improved_results,2026-05-01T00:00:00Z,TV,Canada,New
USR09245,control,2026-05-01T00:00:00Z,Desktop,United States,Existing
USR09246,improved_results,2026-05-01T00:00:00Z,Mobile,United Kingdom,Existing
USR09247,control,2026-05-01T00:00:00Z,Desktop,Canada,Existing
USR09248,control,2026-05-01T00:00:00Z,TV,United States,New
USR09249,control,2026-05-01T00:00:00Z,Mobile,United States,Existing
USR09250,improved_results,2026-05-01T00:00:00Z,Desktop,United States,Existing
USR09251,improved_results,2026-05-01T00:00:00Z,Mobile,United States,New
USR09252,improved_results,2026-05-01T00:00:00Z,Mobile,United States,Existing
USR09253,control,2026-05-01T00:00:00Z,Mobile,United States,Existing
USR09254,control,2026-05-01T00:00:00Z,Mobile,United States,Existing
USR09255,control,2026-05-01T00:00:00Z,Mobile,United States,New
USR09256,control,2026-05-01T00:00:00Z,Desktop,United States,Existing
USR09257,control,2026-05-01T00:00:00Z,Mobile,United States,Existing
USR09258,control,2026-05-01T00:00:00Z,TV,Other,Existing
USR09259,control,2026-05-01T00:00:00Z,Mobile,Canada,Existing
USR09260,control,2026-05-01T00:00:00Z,Mobile,United States,New
USR09261,improved_results,2026-05-01T00:00:00Z,Desktop,Canada,Existing
USR09262,improved_results,2026-05-01T00:00:00Z,Mobile,United States,New
USR09263,control,2026-05-01T00:00:00Z,Desktop,United States,Existing
USR09264,improved_results,2026-05-01T00:00:00Z,Mobile,United States,Existing
USR09265,improved_results,2026-05-01T00:00:00Z,TV,United Kingdom,Existing
USR09266,improved_results,2026-05-01T00:00:00Z,Mobile,United States,New
USR09267,improved_results,2026-05-01T00:00:00Z,Mobile,United States,Existing
USR09268,improved_results,2026-05-01T00:00:00Z,Desktop,United Kingdom,Existing
USR09269,improved_results,2026-05-01T00:00:00Z,Mobile,United States,Existing
USR09270,control,2026-05-01T00:00:00Z,Mobile,Other,Existing
USR09271,control,2026-05-01T00:00:00Z,Mobile,United States,Existing
USR09272,control,2026-05-01T00:00:00Z,Mobile,Other,Existing
USR09273,control,2026-05-01T00:00:00Z,Mobile,United States,Existing
USR09274,improved_results,2026-05-01T00:00:00Z,Mobile,United Kingdom,Existing
USR09275,control,2026-05-01T00:00:00Z,Mobile,United Kingdom,New
USR09276,improved_results,2026-05-01T00:00:00Z,Mobile,Other,New
USR09277,improved_results,2026-05-01T00:00:00Z,Mobile,Canada,Existing
USR09278,improved_results,2026-05-01T00:00:00Z,Mobile,United States,Existing
USR09279,improved_results,2026-05-01T00:00:00Z,Mobile,United Kingdom,Existing
USR09280,control,2026-05-01T00:00:00Z,TV,United States,Existing
USR09281,control,2026-05-01T00:00:00Z,Mobile,United States,New
USR09282,control,2026-05-01T00:00:00Z,TV,United States,New
USR09283,improved_results,2026-05-01T00:00:00Z,Mobile,Other,Existing
USR09284,improved_results,2026-05-01T00:00:00Z,Mobile,United States,Existing
USR09285,improved_results,2026-05-01T00:00:00Z,Desktop,United States,Existing
USR09286,improved_results,2026-05-01T00:00:00Z,Desktop,United States,Existing
USR09287,control,2026-05-01T00:00:00Z,Desktop,United States,New
USR09288,control,2026-05-01T00:00:00Z,Mobile,United States,New
USR09289,improved_results,2026-05-01T00:00:00Z,Mobile,United States,New
USR09290,improved_results,2026-05-01T00:00:00Z,Desktop,Canada,New
USR09291,control,2026-05-01T00:00:00Z,TV,United States,New
USR09292,improved_results,2026-05-01T00:00:00Z,Mobile,United Kingdom,Existing
USR09293,control,2026-05-01T00:00:00Z,Desktop,United Kingdom,Existing
USR09294,improved_results,2026-05-01T00:00:00Z,Mobile,United States,Existing
USR09295,improved_results,2026-05-01T00:00:00Z,Mobile,United Kingdom,Existing
USR09296,improved_results,2026-05-01T00:00:00Z,Mobile,United States,Existing
USR09297,control,2026-05-01T00:00:00Z,Mobile,United States,Existing
USR09298,improved_results,2026-05-01T00:00:00Z,Mobile,Canada,Existing
USR09299,control,2026-05-01T00:00:00Z,Mobile,United States,Existing
USR09300,improved_results,2026-05-01T00:00:00Z,Mobile,United States,New
USR09301,control,2026-05-01T00:00:00Z,Mobile,United States,Existing
USR09302,improved_results,2026-05-01T00:00:00Z,Mobile,United States,Existing
USR09303,improved_results,2026-05-01T00:00:00Z,Desktop,United States,New
USR09304,control,2026-05-01T00:00:00Z,Mobile,United States,New
USR09305,improved_results,2026-05-01T00:00:00Z,Mobile,United States,New
USR09306,improved_results,2026-05-01T00:00:00Z,Desktop,United States,New
USR09307,control,2026-05-01T00:00:00Z,Mobile,Canada,Existing
USR09308,improved_results,2026-05-01T00:00:00Z,Mobile,United States,Existing
USR09309,control,2026-05-01T00:00:00Z,Desktop,United States,Existing
USR09310,improved_results,2026-05-01T00:00:00Z,TV,Other,New
USR09311,control,2026-05-01T00:00:00Z,Mobile,Canada,Existing
USR09312,control,2026-05-01T00:00:00Z,Mobile,Canada,Existing
USR09313,control,2026-05-01T00:00:00Z,TV,United States,Existing
USR09314,improved_results,2026-05-01T00:00:00Z,Mobile,United States,Existing
USR09315,improved_results,2026-05-01T00:00:00Z,Mobile,Other,Existing
USR09316,improved_results,2026-05-01T00:00:00Z,Mobile,United Kingdom,Existing
USR09317,control,2026-05-01T00:00:00Z,Mobile,United States,Existing
USR09318,improved_results,2026-05-01T00:00:00Z,Mobile,United States,New
USR09319,improved_results,2026-05-01T00:00:00Z,Desktop,United States,Existing
USR09320,control,2026-05-01T00:00:00Z,Mobile,United Kingdom,Existing
USR09321,improved_results,2026-05-01T00:00:00Z,TV,United States,New
USR09322,improved_results,2026-05-01T00:00:00Z,TV,United States,Existing
USR09323,improved_results,2026-05-01T00:00:00Z,Desktop,United Kingdom,Existing
USR09324,control,2026-05-01T00:00:00Z,Mobile,United States,Existing
USR09325,improved_results,2026-05-01T00:00:00Z,Mobile,United States,Existing
USR09326,control,2026-05-01T00:00:00Z,Mobile,Other,Existing
USR09327,improved_results,2026-05-01T00:00:00Z,Mobile,United States,Existing
USR09328,improved_results,2026-05-01T00:00:00Z,Mobile,United States,Existing
USR09329,improved_results,2026-05-01T00:00:00Z,Mobile,United States,Existing
USR09330,control,2026-05-01T00:00:00Z,Mobile,United States,Existing
USR09331,improved_results,2026-05-01T00:00:00Z,Mobile,United States,Existing
USR09332,improved_results,2026-05-01T00:00:00Z,Mobile,United States,New
USR09333,control,2026-05-01T00:00:00Z,Mobile,Canada,Existing
USR09334,improved_results,2026-05-01T00:00:00Z,Desktop,United States,Existing
USR09335,control,2026-05-01T00:00:00Z,Mobile,Other,Existing
USR09336,improved_results,2026-05-01T00:00:00Z,Desktop,United States,Existing
USR09337,improved_results,2026-05-01T00:00:00Z,Mobile,United States,New
USR09338,improved_results,2026-05-01T00:00:00Z,Mobile,United States,Existing
USR09339,control,2026-05-01T00:00:00Z,Mobile,United States,New
USR09340,control,2026-05-01T00:00:00Z,Desktop,United Kingdom,Existing
USR09341,control,2026-05-01T00:00:00Z,TV,Other,Existing
USR09342,improved_results,2026-05-01T00:00:00Z,Mobile,United States,Existing
USR09343,control,2026-05-01T00:00:00Z,TV,United States,Existing
USR09344,control,2026-05-01T00:00:00Z,Desktop,United States,New
USR09345,control,2026-05-01T00:00:00Z,Mobile,Other,Existing
USR09346,control,2026-05-01T00:00:00Z,Desktop,United States,Existing
USR09347,improved_results,2026-05-01T00:00:00Z,TV,United Kingdom,Existing
USR09348,improved_results,2026-05-01T00:00:00Z,Desktop,Other,Existing
USR09349,control,2026-05-01T00:00:00Z,Desktop,Other,Existing
USR09350,improved_results,2026-05-01T00:00:00Z,Desktop,United States,Existing
USR09351,control,2026-05-01T00:00:00Z,TV,Canada,Existing
USR09352,improved_results,2026-05-01T00:00:00Z,Mobile,United States,Existing
USR09353,improved_results,2026-05-01T00:00:00Z,Mobile,United States,New
USR09354,improved_results,2026-05-01T00:00:00Z,TV,United Kingdom,Existing
USR09355,improved_results,2026-05-01T00:00:00Z,Mobile,United States,Existing
USR09356,control,2026-05-01T00:00:00Z,Desktop,United States,Existing
USR09357,control,2026-05-01T00:00:00Z,Mobile,United States,Existing
USR09358,improved_results,2026-05-01T00:00:00Z,TV,Other,Existing
USR09359,control,2026-05-01T00:00:00Z,Mobile,United States,New
USR09360,improved_results,2026-05-01T00:00:00Z,Mobile,United States,Existing
USR09361,improved_results,2026-05-01T00:00:00Z,Mobile,United States,Existing
USR09362,control,2026-05-01T00:00:00Z,TV,United Kingdom,New
USR09363,control,2026-05-01T00:00:00Z,TV,Canada,New
USR09364,improved_results,2026-05-01T00:00:00Z,TV,United States,New
USR09365,improved_results,2026-05-01T00:00:00Z,Mobile,United Kingdom,Existing
USR09366,improved_results,2026-05-01T00:00:00Z,Mobile,United Kingdom,New
USR09367,control,2026-05-01T00:00:00Z,TV,United States,Existing
USR09368,control,2026-05-01T00:00:00Z,Desktop,Other,Existing
USR09369,control,2026-05-01T00:00:00Z,Mobile,United States,New
USR09370,improved_results,2026-05-01T00:00:00Z,TV,United States,New
USR09371,improved_results,2026-05-01T00:00:00Z,TV,United States,Existing
USR09372,control,2026-05-01T00:00:00Z,Mobile,Canada,New
USR09373,control,2026-05-01T00:00:00Z,Mobile,Canada,Existing
USR09374,improved_results,2026-05-01T00:00:00Z,Desktop,United States,Existing
USR09375,improved_results,2026-05-01T00:00:00Z,TV,United States,Existing
USR09376,improved_results,2026-05-01T00:00:00Z,Mobile,United States,Existing
USR09377,control,2026-05-01T00:00:00Z,Desktop,United Kingdom,Existing
USR09378,control,2026-05-01T00:00:00Z,Mobile,Canada,New
USR09379,improved_results,2026-05-01T00:00:00Z,Mobile,United States,Existing
USR09380,improved_results,2026-05-01T00:00:00Z,Mobile,United States,Existing
USR09381,control,2026-05-01T00:00:00Z,Mobile,United Kingdom,New
USR09382,control,2026-05-01T00:00:00Z,Desktop,United States,Existing
USR09383,improved_results,2026-05-01T00:00:00Z,Mobile,United States,Existing
USR09384,improved_results,2026-05-01T00:00:00Z,Desktop,United States,Existing
USR09385,control,2026-05-01T00:00:00Z,Desktop,Canada,Existing
USR09386,improved_results,2026-05-01T00:00:00Z,Mobile,United Kingdom,Existing
USR09387,control,2026-05-01T00:00:00Z,Desktop,Canada,Existing
USR09388,improved_results,2026-05-01T00:00:00Z,TV,Canada,Existing
USR09389,control,2026-05-01T00:00:00Z,Mobile,United States,New
USR09390,control,2026-05-01T00:00:00Z,Desktop,United States,New
USR09391,improved_results,2026-05-01T00:00:00Z,TV,United Kingdom,New
USR09392,control,2026-05-01T00:00:00Z,Mobile,United States,New
USR09393,control,2026-05-01T00:00:00Z,Mobile,United Kingdom,Existing
USR09394,control,2026-05-01T00:00:00Z,Mobile,United States,Existing
USR09395,control,2026-05-01T00:00:00Z,Mobile,Other,Existing
USR09396,improved_results,2026-05-01T00:00:00Z,Desktop,United States,Existing
USR09397,control,2026-05-01T00:00:00Z,Mobile,United States,New
USR09398,control,2026-05-01T00:00:00Z,Mobile,Canada,Existing
USR09399,control,2026-05-01T00:00:00Z,Mobile,United States,New
USR09400,control,2026-05-01T00:00:00Z,Mobile,United States,New
USR09401,control,2026-05-01T00:00:00Z,Desktop,United States,Existing
USR09402,improved_results,2026-05-01T00:00:00Z,Mobile,United States,Existing
USR09403,improved_results,2026-05-01T00:00:00Z,Mobile,United States,Existing
USR09404,control,2026-05-01T00:00:00Z,Mobile,Other,Existing
USR09405,improved_results,2026-05-01T00:00:00Z,Desktop,United States,Existing
USR09406,control,2026-05-01T00:00:00Z,Mobile,United States,Existing
USR09407,control,2026-05-01T00:00:00Z,Mobile,Canada,New
USR09408,improved_results,2026-05-01T00:00:00Z,TV,Canada,New
USR09409,control,2026-05-01T00:00:00Z,Desktop,United States,New
USR09410,improved_results,2026-05-01T00:00:00Z,TV,United States,Existing
USR09411,improved_results,2026-05-01T00:00:00Z,Mobile,Canada,Existing
USR09412,control,2026-05-01T00:00:00Z,Mobile,United States,New
USR09413,improved_results,2026-05-01T00:00:00Z,Desktop,Canada,Existing
USR09414,improved_results,2026-05-01T00:00:00Z,Mobile,United States,Existing
USR09415,improved_results,2026-05-01T00:00:00Z,Mobile,United States,New
USR09416,improved_results,2026-05-01T00:00:00Z,Mobile,Canada,New
USR09417,control,2026-05-01T00:00:00Z,Mobile,United States,New
USR09418,control,2026-05-01T00:00:00Z,TV,United States,Existing
USR09419,improved_results,2026-05-01T00:00:00Z,Mobile,United States,Existing
USR09420,control,2026-05-01T00:00:00Z,Mobile,United States,Existing
USR09421,control,2026-05-01T00:00:00Z,Desktop,Canada,Existing
USR09422,control,2026-05-01T00:00:00Z,Mobile,United States,Existing
USR09423,improved_results,2026-05-01T00:00:00Z,Desktop,United States,New
USR09424,control,2026-05-01T00:00:00Z,Desktop,Other,Existing
USR09425,control,2026-05-01T00:00:00Z,Mobile,Other,New
USR09426,improved_results,2026-05-01T00:00:00Z,Mobile,United States,New
USR09427,improved_results,2026-05-01T00:00:00Z,Mobile,United States,Existing
USR09428,control,2026-05-01T00:00:00Z,Desktop,United States,New
USR09429,improved_results,2026-05-01T00:00:00Z,Mobile,United States,New
USR09430,improved_results,2026-05-01T00:00:00Z,Desktop,United States,Existing
USR09431,control,2026-05-01T00:00:00Z,Mobile,United Kingdom,Existing
USR09432,improved_results,2026-05-01T00:00:00Z,Mobile,Canada,Existing
USR09433,improved_results,2026-05-01T00:00:00Z,Mobile,United States,Existing
USR09434,control,2026-05-01T00:00:00Z,Mobile,Other,Existing
USR09435,control,2026-05-01T00:00:00Z,TV,United Kingdom,Existing
USR09436,improved_results,2026-05-01T00:00:00Z,Mobile,United Kingdom,Existing
USR09437,control,2026-05-01T00:00:00Z,Desktop,United States,Existing
USR09438,control,2026-05-01T00:00:00Z,Desktop,Other,Existing
USR09439,control,2026-05-01T00:00:00Z,TV,United States,Existing
USR09440,control,2026-05-01T00:00:00Z,Desktop,United States,Existing
USR09441,improved_results,2026-05-01T00:00:00Z,Desktop,United States,Existing
USR09442,improved_results,2026-05-01T00:00:00Z,Desktop,United States,New
USR09443,control,2026-05-01T00:00:00Z,Desktop,United States,Existing
USR09444,control,2026-05-01T00:00:00Z,TV,United States,Existing
USR09445,control,2026-05-01T00:00:00Z,Mobile,United States,Existing
USR09446,control,2026-05-01T00:00:00Z,TV,Other,Existing
USR09447,control,2026-05-01T00:00:00Z,Mobile,United States,Existing
USR09448,improved_results,2026-05-01T00:00:00Z,TV,Canada,Existing
USR09449,control,2026-05-01T00:00:00Z,Desktop,Other,Existing
USR09450,control,2026-05-01T00:00:00Z,Mobile,United States,Existing
USR09451,improved_results,2026-05-01T00:00:00Z,TV,United States,Existing
USR09452,control,2026-05-01T00:00:00Z,Desktop,United States,Existing
USR09453,improved_results,2026-05-01T00:00:00Z,Desktop,United States,Existing
USR09454,improved_results,2026-05-01T00:00:00Z,Mobile,United States,Existing
USR09455,improved_results,2026-05-01T00:00:00Z,Desktop,United States,Existing
USR09456,control,2026-05-01T00:00:00Z,Desktop,United States,Existing
USR09457,improved_results,2026-05-01T00:00:00Z,TV,Other,Existing
USR09458,control,2026-05-01T00:00:00Z,Desktop,Canada,Existing
USR09459,control,2026-05-01T00:00:00Z,Mobile,United States,New
USR09460,improved_results,2026-05-01T00:00:00Z,Mobile,United States,Existing
USR09461,control,2026-05-01T00:00:00Z,Mobile,Other,New
USR09462,control,2026-05-01T00:00:00Z,TV,United States,Existing
USR09463,control,2026-05-01T00:00:00Z,Mobile,Other,Existing
USR09464,control,2026-05-01T00:00:00Z,Desktop,United States,Existing
USR09465,improved_results,2026-05-01T00:00:00Z,TV,United States,New
USR09466,improved_results,2026-05-01T00:00:00Z,Desktop,United States,Existing
USR09467,control,2026-05-01T00:00:00Z,Desktop,United States,Existing
USR09468,improved_results,2026-05-01T00:00:00Z,Mobile,United States,New
USR09469,control,2026-05-01T00:00:00Z,Desktop,United States,Existing
USR09470,control,2026-05-01T00:00:00Z,Mobile,Other,Existing
USR09471,control,2026-05-01T00:00:00Z,Mobile,United States,Existing
USR09472,improved_results,2026-05-01T00:00:00Z,Mobile,United States,New
USR09473,improved_results,2026-05-01T00:00:00Z,Mobile,United States,Existing
USR09474,improved_results,2026-05-01T00:00:00Z,Mobile,United States,Existing
USR09475,control,2026-05-01T00:00:00Z,Mobile,United States,Existing
USR09476,improved_results,2026-05-01T00:00:00Z,Mobile,Canada,New
USR09477,improved_results,2026-05-01T00:00:00Z,TV,United Kingdom,Existing
USR09478,improved_results,2026-05-01T00:00:00Z,TV,Canada,Existing
USR09479,improved_results,2026-05-01T00:00:00Z,Mobile,United States,New
USR09480,control,2026-05-01T00:00:00Z,Desktop,United States,Existing
USR09481,control,2026-05-01T00:00:00Z,TV,United Kingdom,Existing
USR09482,improved_results,2026-05-01T00:00:00Z,TV,United Kingdom,Existing
USR09483,improved_results,2026-05-01T00:00:00Z,Mobile,United States,Existing
USR09484,control,2026-05-01T00:00:00Z,Mobile,United States,Existing
USR09485,control,2026-05-01T00:00:00Z,Mobile,United States,Existing
USR09486,control,2026-05-01T00:00:00Z,Mobile,United States,Existing
USR09487,control,2026-05-01T00:00:00Z,Mobile,United States,Existing
USR09488,control,2026-05-01T00:00:00Z,Mobile,United States,Existing
USR09489,control,2026-05-01T00:00:00Z,TV,United States,Existing
USR09490,improved_results,2026-05-01T00:00:00Z,Mobile,United States,Existing
USR09491,control,2026-05-01T00:00:00Z,TV,United States,Existing
USR09492,control,2026-05-01T00:00:00Z,Mobile,United States,Existing
USR09493,control,2026-05-01T00:00:00Z,Desktop,United States,New
USR09494,improved_results,2026-05-01T00:00:00Z,Desktop,United States,New
USR09495,improved_results,2026-05-01T00:00:00Z,TV,United States,Existing
USR09496,improved_results,2026-05-01T00:00:00Z,Mobile,United States,Existing
USR09497,improved_results,2026-05-01T00:00:00Z,Mobile,United States,Existing
USR09498,improved_results,2026-05-01T00:00:00Z,Desktop,United States,New
USR09499,control,2026-05-01T00:00:00Z,Mobile,Other,Existing
USR09500,control,2026-05-01T00:00:00Z,Desktop,United States,Existing
USR09501,control,2026-05-01T00:00:00Z,Mobile,United States,Existing
USR09502,control,2026-05-01T00:00:00Z,Desktop,United States,New
USR09503,control,2026-05-01T00:00:00Z,Desktop,Other,Existing
USR09504,control,2026-05-01T00:00:00Z,TV,United States,Existing
USR09505,improved_results,2026-05-01T00:00:00Z,Desktop,United States,New
USR09506,control,2026-05-01T00:00:00Z,Mobile,United States,New
USR09507,control,2026-05-01T00:00:00Z,Mobile,United States,Existing
USR09508,improved_results,2026-05-01T00:00:00Z,Desktop,United States,Existing
USR09509,improved_results,2026-05-01T00:00:00Z,TV,United States,Existing
USR09510,control,2026-05-01T00:00:00Z,TV,United States,Existing
USR09511,improved_results,2026-05-01T00:00:00Z,TV,United States,Existing
USR09512,improved_results,2026-05-01T00:00:00Z,Mobile,Canada,Existing
USR09513,control,2026-05-01T00:00:00Z,TV,Other,New
USR09514,control,2026-05-01T00:00:00Z,Mobile,United States,New
USR09515,improved_results,2026-05-01T00:00:00Z,Mobile,United States,New
USR09516,control,2026-05-01T00:00:00Z,Mobile,United States,Existing
USR09517,control,2026-05-01T00:00:00Z,Mobile,United States,Existing
USR09518,control,2026-05-01T00:00:00Z,Desktop,Canada,New
USR09519,improved_results,2026-05-01T00:00:00Z,Mobile,Other,Existing
USR09520,improved_results,2026-05-01T00:00:00Z,Desktop,United States,New
USR09521,control,2026-05-01T00:00:00Z,Mobile,United States,Existing
USR09522,control,2026-05-01T00:00:00Z,TV,United States,Existing
USR09523,control,2026-05-01T00:00:00Z,Mobile,Canada,Existing
USR09524,control,2026-05-01T00:00:00Z,Mobile,United States,Existing
USR09525,control,2026-05-01T00:00:00Z,Mobile,United States,Existing
USR09526,control,2026-05-01T00:00:00Z,Desktop,Other,Existing
USR09527,improved_results,2026-05-01T00:00:00Z,Mobile,United States,New
USR09528,control,2026-05-01T00:00:00Z,Desktop,United States,New
USR09529,improved_results,2026-05-01T00:00:00Z,TV,United States,Existing
USR09530,control,2026-05-01T00:00:00Z,TV,United States,New
USR09531,control,2026-05-01T00:00:00Z,Desktop,United Kingdom,New
USR09532,control,2026-05-01T00:00:00Z,Desktop,United States,Existing
USR09533,control,2026-05-01T00:00:00Z,Desktop,United States,New
USR09534,improved_results,2026-05-01T00:00:00Z,TV,United States,Existing
USR09535,improved_results,2026-05-01T00:00:00Z,Mobile,Canada,New
USR09536,control,2026-05-01T00:00:00Z,Desktop,United States,Existing
USR09537,improved_results,2026-05-01T00:00:00Z,Mobile,Canada,Existing
USR09538,improved_results,2026-05-01T00:00:00Z,Desktop,United States,Existing
USR09539,control,2026-05-01T00:00:00Z,TV,United States,New
USR09540,control,2026-05-01T00:00:00Z,Mobile,United States,Existing
USR09541,control,2026-05-01T00:00:00Z,Mobile,United Kingdom,Existing
USR09542,improved_results,2026-05-01T00:00:00Z,Desktop,United Kingdom,Existing
USR09543,control,2026-05-01T00:00:00Z,Mobile,Other,New
USR09544,improved_results,2026-05-01T00:00:00Z,TV,Canada,New
USR09545,improved_results,2026-05-01T00:00:00Z,Desktop,Canada,Existing
USR09546,control,2026-05-01T00:00:00Z,Mobile,United States,Existing
USR09547,improved_results,2026-05-01T00:00:00Z,Mobile,United States,Existing
USR09548,improved_results,2026-05-01T00:00:00Z,Mobile,United Kingdom,Existing
USR09549,control,2026-05-01T00:00:00Z,Desktop,United States,Existing
USR09550,improved_results,2026-05-01T00:00:00Z,Mobile,Canada,New
USR09551,improved_results,2026-05-01T00:00:00Z,Desktop,United States,New
USR09552,improved_results,2026-05-01T00:00:00Z,Mobile,United States,Existing
USR09553,control,2026-05-01T00:00:00Z,Mobile,United States,Existing
USR09554,improved_results,2026-05-01T00:00:00Z,Mobile,United States,New
USR09555,control,2026-05-01T00:00:00Z,Mobile,United States,Existing
USR09556,improved_results,2026-05-01T00:00:00Z,Mobile,United States,Existing
USR09557,improved_results,2026-05-01T00:00:00Z,Mobile,United States,New
USR09558,control,2026-05-01T00:00:00Z,TV,Canada,New
USR09559,improved_results,2026-05-01T00:00:00Z,TV,United States,Existing
USR09560,improved_results,2026-05-01T00:00:00Z,Desktop,United States,Existing
USR09561,improved_results,2026-05-01T00:00:00Z,TV,United States,Existing
USR09562,control,2026-05-01T00:00:00Z,Desktop,United States,Existing
USR09563,improved_results,2026-05-01T00:00:00Z,Mobile,United States,Existing
USR09564,improved_results,2026-05-01T00:00:00Z,Desktop,Other,New
USR09565,control,2026-05-01T00:00:00Z,Mobile,Canada,Existing
USR09566,control,2026-05-01T00:00:00Z,Mobile,United States,Existing
USR09567,improved_results,2026-05-01T00:00:00Z,Mobile,Other,Existing
USR09568,control,2026-05-01T00:00:00Z,Mobile,Canada,New
USR09569,improved_results,2026-05-01T00:00:00Z,Mobile,United States,New
USR09570,improved_results,2026-05-01T00:00:00Z,Desktop,United States,Existing
USR09571,improved_results,2026-05-01T00:00:00Z,Desktop,Other,Existing
USR09572,control,2026-05-01T00:00:00Z,Mobile,United States,New
USR09573,control,2026-05-01T00:00:00Z,Desktop,United States,Existing
USR09574,control,2026-05-01T00:00:00Z,Mobile,United States,New
USR09575,improved_results,2026-05-01T00:00:00Z,TV,Other,Existing
USR09576,control,2026-05-01T00:00:00Z,Desktop,United States,Existing
USR09577,improved_results,2026-05-01T00:00:00Z,Mobile,United Kingdom,Existing
USR09578,control,2026-05-01T00:00:00Z,Desktop,Canada,New
USR09579,control,2026-05-01T00:00:00Z,Mobile,United States,Existing
USR09580,control,2026-05-01T00:00:00Z,Desktop,United States,Existing
USR09581,control,2026-05-01T00:00:00Z,Mobile,United States,New
USR09582,control,2026-05-01T00:00:00Z,Desktop,United States,New
USR09583,control,2026-05-01T00:00:00Z,Mobile,United States,Existing
USR09584,improved_results,2026-05-01T00:00:00Z,Desktop,Other,Existing
USR09585,control,2026-05-01T00:00:00Z,Desktop,United States,Existing
USR09586,control,2026-05-01T00:00:00Z,Mobile,United States,Existing
USR09587,improved_results,2026-05-01T00:00:00Z,Mobile,United Kingdom,New
USR09588,improved_results,2026-05-01T00:00:00Z,Mobile,Canada,Existing
USR09589,control,2026-05-01T00:00:00Z,TV,Other,Existing
USR09590,improved_results,2026-05-01T00:00:00Z,Desktop,United States,New
USR09591,control,2026-05-01T00:00:00Z,Desktop,United States,Existing
USR09592,improved_results,2026-05-01T00:00:00Z,TV,United Kingdom,Existing
USR09593,control,2026-05-01T00:00:00Z,TV,United States,Existing
USR09594,control,2026-05-01T00:00:00Z,Mobile,United States,Existing
USR09595,improved_results,2026-05-01T00:00:00Z,Mobile,United States,Existing
USR09596,improved_results,2026-05-01T00:00:00Z,Desktop,United States,Existing
USR09597,control,2026-05-01T00:00:00Z,Mobile,United Kingdom,Existing
USR09598,improved_results,2026-05-01T00:00:00Z,Mobile,United States,Existing
USR09599,control,2026-05-01T00:00:00Z,Mobile,United States,New
USR09600,improved_results,2026-05-01T00:00:00Z,Mobile,United States,New
USR09601,control,2026-05-01T00:00:00Z,Mobile,Canada,Existing
USR09602,control,2026-05-01T00:00:00Z,TV,United States,Existing
USR09603,control,2026-05-01T00:00:00Z,Desktop,United Kingdom,Existing
USR09604,improved_results,2026-05-01T00:00:00Z,Desktop,United Kingdom,Existing
USR09605,improved_results,2026-05-01T00:00:00Z,Mobile,United States,Existing
USR09606,control,2026-05-01T00:00:00Z,TV,United States,Existing
USR09607,control,2026-05-01T00:00:00Z,Mobile,Other,Existing
USR09608,improved_results,2026-05-01T00:00:00Z,Desktop,United States,Existing
USR09609,control,2026-05-01T00:00:00Z,Mobile,United Kingdom,New
USR09610,improved_results,2026-05-01T00:00:00Z,Mobile,United States,Existing
USR09611,control,2026-05-01T00:00:00Z,Mobile,United States,Existing
USR09612,control,2026-05-01T00:00:00Z,Mobile,Canada,New
USR09613,control,2026-05-01T00:00:00Z,Desktop,United States,Existing
USR09614,improved_results,2026-05-01T00:00:00Z,TV,United States,Existing
USR09615,improved_results,2026-05-01T00:00:00Z,Mobile,United States,Existing
USR09616,improved_results,2026-05-01T00:00:00Z,Desktop,United States,Existing
USR09617,improved_results,2026-05-01T00:00:00Z,Mobile,United States,Existing
USR09618,improved_results,2026-05-01T00:00:00Z,Desktop,United States,New
USR09619,control,2026-05-01T00:00:00Z,Mobile,United States,Existing
USR09620,improved_results,2026-05-01T00:00:00Z,Desktop,United States,Existing
USR09621,control,2026-05-01T00:00:00Z,Desktop,Other,New
USR09622,improved_results,2026-05-01T00:00:00Z,Mobile,United States,Existing
USR09623,improved_results,2026-05-01T00:00:00Z,Mobile,Canada,Existing
USR09624,control,2026-05-01T00:00:00Z,Mobile,United States,Existing
USR09625,improved_results,2026-05-01T00:00:00Z,Desktop,United States,Existing
USR09626,improved_results,2026-05-01T00:00:00Z,Mobile,United States,Existing
USR09627,control,2026-05-01T00:00:00Z,Desktop,United States,Existing
USR09628,control,2026-05-01T00:00:00Z,Mobile,United States,Existing
USR09629,control,2026-05-01T00:00:00Z,Mobile,United States,Existing
USR09630,control,2026-05-01T00:00:00Z,Desktop,United States,Existing
USR09631,improved_results,2026-05-01T00:00:00Z,Mobile,United States,New
USR09632,improved_results,2026-05-01T00:00:00Z,Mobile,United States,Existing
USR09633,improved_results,2026-05-01T00:00:00Z,Mobile,United States,Existing
USR09634,control,2026-05-01T00:00:00Z,Mobile,Other,New
USR09635,control,2026-05-01T00:00:00Z,Mobile,United States,Existing
USR09636,improved_results,2026-05-01T00:00:00Z,TV,Other,Existing
USR09637,control,2026-05-01T00:00:00Z,Mobile,United States,Existing
USR09638,control,2026-05-01T00:00:00Z,Desktop,United States,Existing
USR09639,control,2026-05-01T00:00:00Z,Desktop,United States,Existing
USR09640,improved_results,2026-05-01T00:00:00Z,Mobile,United Kingdom,New
USR09641,control,2026-05-01T00:00:00Z,Mobile,Other,Existing
USR09642,control,2026-05-01T00:00:00Z,Mobile,United States,New
USR09643,control,2026-05-01T00:00:00Z,Mobile,United States,New
USR09644,control,2026-05-01T00:00:00Z,TV,United States,Existing
USR09645,improved_results,2026-05-01T00:00:00Z,Mobile,Other,Existing
USR09646,improved_results,2026-05-01T00:00:00Z,Desktop,United States,Existing
USR09647,control,2026-05-01T00:00:00Z,TV,United States,Existing
USR09648,improved_results,2026-05-01T00:00:00Z,TV,Other,Existing
USR09649,control,2026-05-01T00:00:00Z,Mobile,United Kingdom,Existing
USR09650,improved_results,2026-05-01T00:00:00Z,Mobile,United States,Existing
USR09651,control,2026-05-01T00:00:00Z,Mobile,Canada,Existing
USR09652,control,2026-05-01T00:00:00Z,Mobile,United States,Existing
USR09653,control,2026-05-01T00:00:00Z,Mobile,Other,Existing
USR09654,improved_results,2026-05-01T00:00:00Z,Mobile,United States,Existing
USR09655,improved_results,2026-05-01T00:00:00Z,Mobile,United States,Existing
USR09656,improved_results,2026-05-01T00:00:00Z,Mobile,Other,Existing
USR09657,improved_results,2026-05-01T00:00:00Z,Mobile,United Kingdom,New
USR09658,improved_results,2026-05-01T00:00:00Z,Mobile,United Kingdom,Existing
USR09659,control,2026-05-01T00:00:00Z,Desktop,United States,Existing
USR09660,control,2026-05-01T00:00:00Z,Mobile,United States,New
USR09661,improved_results,2026-05-01T00:00:00Z,Mobile,United States,New
USR09662,control,2026-05-01T00:00:00Z,Mobile,United States,Existing
USR09663,control,2026-05-01T00:00:00Z,Mobile,United States,New
USR09664,control,2026-05-01T00:00:00Z,Mobile,United States,Existing
USR09665,control,2026-05-01T00:00:00Z,Mobile,United States,Existing
USR09666,improved_results,2026-05-01T00:00:00Z,Desktop,United States,Existing
USR09667,control,2026-05-01T00:00:00Z,Mobile,United States,Existing
USR09668,improved_results,2026-05-01T00:00:00Z,Mobile,United Kingdom,Existing
USR09669,control,2026-05-01T00:00:00Z,Mobile,United States,Existing
USR09670,control,2026-05-01T00:00:00Z,Desktop,Canada,New
USR09671,control,2026-05-01T00:00:00Z,Mobile,United States,New
USR09672,improved_results,2026-05-01T00:00:00Z,Mobile,United States,Existing
USR09673,control,2026-05-01T00:00:00Z,Desktop,Other,Existing
USR09674,improved_results,2026-05-01T00:00:00Z,Desktop,United States,Existing
USR09675,control,2026-05-01T00:00:00Z,Mobile,United Kingdom,Existing
USR09676,improved_results,2026-05-01T00:00:00Z,Desktop,United States,Existing
USR09677,control,2026-05-01T00:00:00Z,Mobile,Other,New
USR09678,control,2026-05-01T00:00:00Z,TV,United States,New
USR09679,control,2026-05-01T00:00:00Z,Desktop,Other,Existing
USR09680,improved_results,2026-05-01T00:00:00Z,Desktop,Canada,Existing
USR09681,improved_results,2026-05-01T00:00:00Z,Desktop,Other,Existing
USR09682,improved_results,2026-05-01T00:00:00Z,Desktop,United States,New
USR09683,control,2026-05-01T00:00:00Z,Mobile,Other,New
USR09684,control,2026-05-01T00:00:00Z,Mobile,United Kingdom,Existing
USR09685,control,2026-05-01T00:00:00Z,Mobile,United Kingdom,Existing
USR09686,control,2026-05-01T00:00:00Z,Mobile,United States,New
USR09687,improved_results,2026-05-01T00:00:00Z,Desktop,United States,Existing
USR09688,improved_results,2026-05-01T00:00:00Z,Mobile,Canada,Existing
USR09689,control,2026-05-01T00:00:00Z,Desktop,Canada,New
USR09690,improved_results,2026-05-01T00:00:00Z,Mobile,United States,New
USR09691,control,2026-05-01T00:00:00Z,Desktop,United States,Existing
USR09692,control,2026-05-01T00:00:00Z,Desktop,Other,New
USR09693,improved_results,2026-05-01T00:00:00Z,Desktop,Other,Existing
USR09694,control,2026-05-01T00:00:00Z,Mobile,Other,Existing
USR09695,improved_results,2026-05-01T00:00:00Z,Mobile,Canada,New
USR09696,improved_results,2026-05-01T00:00:00Z,TV,Canada,Existing
USR09697,control,2026-05-01T00:00:00Z,Mobile,Other,New
USR09698,control,2026-05-01T00:00:00Z,Desktop,Canada,Existing
USR09699,improved_results,2026-05-01T00:00:00Z,Mobile,United States,Existing
USR09700,control,2026-05-01T00:00:00Z,Desktop,United Kingdom,Existing
USR09701,control,2026-05-01T00:00:00Z,Mobile,United States,New
USR09702,control,2026-05-01T00:00:00Z,Mobile,United States,Existing
USR09703,control,2026-05-01T00:00:00Z,Mobile,Canada,Existing
USR09704,control,2026-05-01T00:00:00Z,TV,Other,New
USR09705,control,2026-05-01T00:00:00Z,Mobile,United States,New
USR09706,control,2026-05-01T00:00:00Z,Mobile,United States,Existing
USR09707,control,2026-05-01T00:00:00Z,Mobile,United States,Existing
USR09708,control,2026-05-01T00:00:00Z,Mobile,United States,Existing
USR09709,control,2026-05-01T00:00:00Z,Mobile,United States,Existing
USR09710,control,2026-05-01T00:00:00Z,Mobile,United States,Existing
USR09711,improved_results,2026-05-01T00:00:00Z,Mobile,United States,Existing
USR09712,improved_results,2026-05-01T00:00:00Z,Desktop,Other,Existing
USR09713,control,2026-05-01T00:00:00Z,Mobile,United States,Existing
USR09714,improved_results,2026-05-01T00:00:00Z,Mobile,Other,New
USR09715,improved_results,2026-05-01T00:00:00Z,Mobile,United States,Existing
USR09716,improved_results,2026-05-01T00:00:00Z,Desktop,United States,Existing
USR09717,improved_results,2026-05-01T00:00:00Z,Desktop,United States,Existing
USR09718,improved_results,2026-05-01T00:00:00Z,Desktop,Canada,Existing
USR09719,control,2026-05-01T00:00:00Z,Mobile,United States,Existing
USR09720,improved_results,2026-05-01T00:00:00Z,Mobile,Other,Existing
USR09721,improved_results,2026-05-01T00:00:00Z,Mobile,United Kingdom,Existing
USR09722,improved_results,2026-05-01T00:00:00Z,Desktop,United States,New
USR09723,improved_results,2026-05-01T00:00:00Z,Mobile,United States,Existing
USR09724,control,2026-05-01T00:00:00Z,Desktop,Canada,New
USR09725,improved_results,2026-05-01T00:00:00Z,Desktop,United States,New
USR09726,control,2026-05-01T00:00:00Z,Desktop,United States,Existing
USR09727,improved_results,2026-05-01T00:00:00Z,Desktop,Other,New
USR09728,control,2026-05-01T00:00:00Z,Desktop,United States,Existing
USR09729,improved_results,2026-05-01T00:00:00Z,Desktop,United States,New
USR09730,control,2026-05-01T00:00:00Z,Mobile,Canada,Existing
USR09731,improved_results,2026-05-01T00:00:00Z,Mobile,United States,Existing
USR09732,control,2026-05-01T00:00:00Z,Mobile,United States,New
USR09733,control,2026-05-01T00:00:00Z,Desktop,United States,Existing
USR09734,control,2026-05-01T00:00:00Z,Desktop,United States,Existing
USR09735,control,2026-05-01T00:00:00Z,TV,Canada,Existing
USR09736,control,2026-05-01T00:00:00Z,Mobile,United States,Existing
USR09737,control,2026-05-01T00:00:00Z,TV,Canada,Existing
USR09738,improved_results,2026-05-01T00:00:00Z,Mobile,Canada,Existing
USR09739,improved_results,2026-05-01T00:00:00Z,Desktop,Canada,Existing
USR09740,control,2026-05-01T00:00:00Z,TV,United States,Existing
USR09741,improved_results,2026-05-01T00:00:00Z,Mobile,Other,Existing
USR09742,improved_results,2026-05-01T00:00:00Z,Mobile,United States,New
USR09743,improved_results,2026-05-01T00:00:00Z,Desktop,United States,New
USR09744,improved_results,2026-05-01T00:00:00Z,Desktop,United States,New
USR09745,control,2026-05-01T00:00:00Z,Mobile,Other,Existing
USR09746,improved_results,2026-05-01T00:00:00Z,Desktop,United Kingdom,Existing
USR09747,improved_results,2026-05-01T00:00:00Z,Desktop,United Kingdom,Existing
USR09748,improved_results,2026-05-01T00:00:00Z,Desktop,Other,Existing
USR09749,control,2026-05-01T00:00:00Z,Desktop,United States,Existing
USR09750,control,2026-05-01T00:00:00Z,Mobile,United States,Existing
USR09751,control,2026-05-01T00:00:00Z,Desktop,United States,Existing
USR09752,control,2026-05-01T00:00:00Z,Desktop,United Kingdom,Existing
USR09753,control,2026-05-01T00:00:00Z,Mobile,United States,Existing
USR09754,control,2026-05-01T00:00:00Z,Mobile,United States,Existing
USR09755,improved_results,2026-05-01T00:00:00Z,Mobile,United States,Existing
USR09756,improved_results,2026-05-01T00:00:00Z,Desktop,Other,Existing
USR09757,control,2026-05-01T00:00:00Z,TV,United States,New
USR09758,control,2026-05-01T00:00:00Z,Mobile,United States,Existing
USR09759,control,2026-05-01T00:00:00Z,TV,Other,New
USR09760,control,2026-05-01T00:00:00Z,TV,United States,Existing
USR09761,improved_results,2026-05-01T00:00:00Z,TV,United Kingdom,Existing
USR09762,improved_results,2026-05-01T00:00:00Z,TV,Other,New
USR09763,control,2026-05-01T00:00:00Z,Mobile,United States,Existing
USR09764,control,2026-05-01T00:00:00Z,Mobile,Canada,Existing
USR09765,improved_results,2026-05-01T00:00:00Z,Mobile,United States,Existing
USR09766,control,2026-05-01T00:00:00Z,Mobile,United Kingdom,Existing
USR09767,control,2026-05-01T00:00:00Z,Mobile,United States,Existing
USR09768,improved_results,2026-05-01T00:00:00Z,Mobile,United States,New
USR09769,control,2026-05-01T00:00:00Z,Mobile,Canada,Existing
USR09770,improved_results,2026-05-01T00:00:00Z,Desktop,United States,Existing
USR09771,improved_results,2026-05-01T00:00:00Z,TV,United States,Existing
USR09772,improved_results,2026-05-01T00:00:00Z,Desktop,Canada,Existing
USR09773,control,2026-05-01T00:00:00Z,Mobile,Other,New
USR09774,improved_results,2026-05-01T00:00:00Z,Mobile,Other,New
USR09775,control,2026-05-01T00:00:00Z,Mobile,United States,Existing
USR09776,control,2026-05-01T00:00:00Z,TV,United States,Existing
USR09777,control,2026-05-01T00:00:00Z,Mobile,United States,New
USR09778,improved_results,2026-05-01T00:00:00Z,Desktop,Canada,Existing
USR09779,control,2026-05-01T00:00:00Z,Mobile,United Kingdom,Existing
USR09780,improved_results,2026-05-01T00:00:00Z,Mobile,United States,New
USR09781,improved_results,2026-05-01T00:00:00Z,TV,United States,Existing
USR09782,improved_results,2026-05-01T00:00:00Z,Mobile,Canada,Existing
USR09783,improved_results,2026-05-01T00:00:00Z,Mobile,Canada,Existing
USR09784,improved_results,2026-05-01T00:00:00Z,Mobile,United States,Existing
USR09785,control,2026-05-01T00:00:00Z,Mobile,United States,Existing
USR09786,improved_results,2026-05-01T00:00:00Z,TV,United States,New
USR09787,improved_results,2026-05-01T00:00:00Z,Mobile,United Kingdom,Existing
USR09788,improved_results,2026-05-01T00:00:00Z,TV,United States,Existing
USR09789,control,2026-05-01T00:00:00Z,Desktop,United States,Existing
USR09790,control,2026-05-01T00:00:00Z,Mobile,United States,Existing
USR09791,control,2026-05-01T00:00:00Z,Mobile,Canada,Existing
USR09792,control,2026-05-01T00:00:00Z,Desktop,United States,Existing
USR09793,improved_results,2026-05-01T00:00:00Z,Desktop,United States,Existing
USR09794,control,2026-05-01T00:00:00Z,Mobile,Canada,New
USR09795,improved_results,2026-05-01T00:00:00Z,Desktop,Canada,New
USR09796,control,2026-05-01T00:00:00Z,Mobile,United States,Existing
USR09797,control,2026-05-01T00:00:00Z,Mobile,United States,New
USR09798,control,2026-05-01T00:00:00Z,Mobile,United States,Existing
USR09799,improved_results,2026-05-01T00:00:00Z,Mobile,United States,Existing
USR09800,improved_results,2026-05-01T00:00:00Z,Mobile,United States,New
USR09801,control,2026-05-01T00:00:00Z,Mobile,Other,Existing
USR09802,control,2026-05-01T00:00:00Z,Desktop,United Kingdom,Existing
USR09803,improved_results,2026-05-01T00:00:00Z,Mobile,United States,Existing
USR09804,improved_results,2026-05-01T00:00:00Z,Mobile,United Kingdom,Existing
USR09805,improved_results,2026-05-01T00:00:00Z,Mobile,United States,Existing
USR09806,improved_results,2026-05-01T00:00:00Z,Desktop,United Kingdom,Existing
USR09807,control,2026-05-01T00:00:00Z,Mobile,Canada,New
USR09808,control,2026-05-01T00:00:00Z,Desktop,United States,Existing
USR09809,improved_results,2026-05-01T00:00:00Z,Mobile,Canada,New
USR09810,control,2026-05-01T00:00:00Z,Mobile,United States,Existing
USR09811,improved_results,2026-05-01T00:00:00Z,Desktop,United States,New
USR09812,improved_results,2026-05-01T00:00:00Z,Desktop,United States,Existing
USR09813,control,2026-05-01T00:00:00Z,Mobile,United States,Existing
USR09814,control,2026-05-01T00:00:00Z,Desktop,United States,New
USR09815,improved_results,2026-05-01T00:00:00Z,Mobile,United States,New
USR09816,control,2026-05-01T00:00:00Z,Mobile,United States,New
USR09817,improved_results,2026-05-01T00:00:00Z,TV,United States,Existing
USR09818,control,2026-05-01T00:00:00Z,Mobile,United States,Existing
USR09819,improved_results,2026-05-01T00:00:00Z,Desktop,United States,Existing
USR09820,control,2026-05-01T00:00:00Z,Desktop,United States,New
USR09821,improved_results,2026-05-01T00:00:00Z,Mobile,United Kingdom,Existing
USR09822,improved_results,2026-05-01T00:00:00Z,Desktop,Other,New
USR09823,improved_results,2026-05-01T00:00:00Z,Desktop,United States,Existing
USR09824,control,2026-05-01T00:00:00Z,Mobile,United States,Existing
USR09825,control,2026-05-01T00:00:00Z,Mobile,Other,Existing
USR09826,improved_results,2026-05-01T00:00:00Z,Mobile,Other,Existing
USR09827,improved_results,2026-05-01T00:00:00Z,TV,United States,New
USR09828,improved_results,2026-05-01T00:00:00Z,Mobile,United States,New
USR09829,control,2026-05-01T00:00:00Z,Desktop,United States,Existing
USR09830,control,2026-05-01T00:00:00Z,Desktop,Other,Existing
USR09831,control,2026-05-01T00:00:00Z,Mobile,United States,Existing
USR09832,control,2026-05-01T00:00:00Z,Mobile,Canada,New
USR09833,control,2026-05-01T00:00:00Z,Mobile,United States,New
USR09834,control,2026-05-01T00:00:00Z,Desktop,Canada,New
USR09835,control,2026-05-01T00:00:00Z,Mobile,United States,Existing
USR09836,control,2026-05-01T00:00:00Z,Mobile,United States,New
USR09837,improved_results,2026-05-01T00:00:00Z,Mobile,United Kingdom,Existing
USR09838,improved_results,2026-05-01T00:00:00Z,Mobile,United States,New
USR09839,improved_results,2026-05-01T00:00:00Z,TV,United States,Existing
USR09840,improved_results,2026-05-01T00:00:00Z,Mobile,Other,New
USR09841,control,2026-05-01T00:00:00Z,TV,Canada,New
USR09842,improved_results,2026-05-01T00:00:00Z,Mobile,Other,Existing
USR09843,improved_results,2026-05-01T00:00:00Z,Mobile,United States,Existing
USR09844,control,2026-05-01T00:00:00Z,Desktop,United States,Existing
USR09845,control,2026-05-01T00:00:00Z,Desktop,United States,Existing
USR09846,improved_results,2026-05-01T00:00:00Z,Mobile,United States,Existing
USR09847,improved_results,2026-05-01T00:00:00Z,Mobile,United States,Existing
USR09848,improved_results,2026-05-01T00:00:00Z,Mobile,Other,Existing
USR09849,improved_results,2026-05-01T00:00:00Z,Mobile,United States,New
USR09850,improved_results,2026-05-01T00:00:00Z,Desktop,United States,Existing
USR09851,control,2026-05-01T00:00:00Z,Mobile,United States,Existing
USR09852,control,2026-05-01T00:00:00Z,Desktop,United States,New
USR09853,improved_results,2026-05-01T00:00:00Z,Mobile,United States,Existing
USR09854,improved_results,2026-05-01T00:00:00Z,Desktop,United States,New
USR09855,improved_results,2026-05-01T00:00:00Z,Mobile,Other,Existing
USR09856,control,2026-05-01T00:00:00Z,Mobile,Canada,New
USR09857,improved_results,2026-05-01T00:00:00Z,Mobile,United States,New
USR09858,control,2026-05-01T00:00:00Z,Mobile,United States,Existing
USR09859,improved_results,2026-05-01T00:00:00Z,Mobile,Other,New
USR09860,improved_results,2026-05-01T00:00:00Z,Desktop,United States,New
USR09861,control,2026-05-01T00:00:00Z,Mobile,United States,Existing
USR09862,improved_results,2026-05-01T00:00:00Z,TV,United States,Existing
USR09863,control,2026-05-01T00:00:00Z,Mobile,United States,Existing
USR09864,improved_results,2026-05-01T00:00:00Z,Desktop,Other,Existing
USR09865,control,2026-05-01T00:00:00Z,Mobile,Other,Existing
USR09866,improved_results,2026-05-01T00:00:00Z,Mobile,Other,Existing
USR09867,improved_results,2026-05-01T00:00:00Z,Mobile,United States,Existing
USR09868,improved_results,2026-05-01T00:00:00Z,TV,United States,Existing
USR09869,control,2026-05-01T00:00:00Z,Desktop,United States,Existing
USR09870,improved_results,2026-05-01T00:00:00Z,Mobile,United States,Existing
USR09871,control,2026-05-01T00:00:00Z,Desktop,United States,Existing
USR09872,control,2026-05-01T00:00:00Z,Mobile,United States,Existing
USR09873,control,2026-05-01T00:00:00Z,Mobile,United States,New
USR09874,improved_results,2026-05-01T00:00:00Z,Mobile,United States,Existing
USR09875,improved_results,2026-05-01T00:00:00Z,Desktop,Other,New
USR09876,control,2026-05-01T00:00:00Z,Desktop,United States,Existing
USR09877,control,2026-05-01T00:00:00Z,Desktop,United States,New
USR09878,improved_results,2026-05-01T00:00:00Z,Mobile,United States,Existing
USR09879,control,2026-05-01T00:00:00Z,Mobile,United States,Existing
USR09880,control,2026-05-01T00:00:00Z,Desktop,United States,Existing
USR09881,improved_results,2026-05-01T00:00:00Z,Desktop,Other,Existing
USR09882,improved_results,2026-05-01T00:00:00Z,Mobile,United States,Existing
USR09883,improved_results,2026-05-01T00:00:00Z,TV,United States,Existing
USR09884,control,2026-05-01T00:00:00Z,Mobile,United States,New
USR09885,improved_results,2026-05-01T00:00:00Z,Mobile,Other,Existing
USR09886,control,2026-05-01T00:00:00Z,TV,United Kingdom,Existing
USR09887,control,2026-05-01T00:00:00Z,Mobile,United States,Existing
USR09888,improved_results,2026-05-01T00:00:00Z,Mobile,United States,Existing
USR09889,improved_results,2026-05-01T00:00:00Z,Desktop,United States,New
USR09890,improved_results,2026-05-01T00:00:00Z,Mobile,Canada,Existing
USR09891,control,2026-05-01T00:00:00Z,Mobile,Other,Existing
USR09892,control,2026-05-01T00:00:00Z,Desktop,United States,Existing
USR09893,control,2026-05-01T00:00:00Z,TV,Canada,New
USR09894,control,2026-05-01T00:00:00Z,Mobile,Canada,Existing
USR09895,control,2026-05-01T00:00:00Z,TV,United States,Existing
USR09896,improved_results,2026-05-01T00:00:00Z,Desktop,United States,New
USR09897,control,2026-05-01T00:00:00Z,Mobile,Canada,Existing
USR09898,control,2026-05-01T00:00:00Z,Mobile,United States,Existing
USR09899,control,2026-05-01T00:00:00Z,Mobile,United Kingdom,Existing
USR09900,improved_results,2026-05-01T00:00:00Z,Mobile,United Kingdom,New
USR09901,improved_results,2026-05-01T00:00:00Z,TV,Canada,Existing
USR09902,improved_results,2026-05-01T00:00:00Z,Mobile,United States,New
USR09903,improved_results,2026-05-01T00:00:00Z,Mobile,Canada,New
USR09904,control,2026-05-01T00:00:00Z,Desktop,United States,Existing
USR09905,control,2026-05-01T00:00:00Z,Mobile,United States,Existing
USR09906,control,2026-05-01T00:00:00Z,Desktop,United States,Existing
USR09907,improved_results,2026-05-01T00:00:00Z,TV,United States,Existing
USR09908,improved_results,2026-05-01T00:00:00Z,Desktop,United States,New
USR09909,control,2026-05-01T00:00:00Z,Mobile,Other,Existing
USR09910,improved_results,2026-05-01T00:00:00Z,Mobile,United States,Existing
USR09911,improved_results,2026-05-01T00:00:00Z,Desktop,United States,New
USR09912,improved_results,2026-05-01T00:00:00Z,TV,United States,Existing
USR09913,improved_results,2026-05-01T00:00:00Z,TV,United States,Existing
USR09914,control,2026-05-01T00:00:00Z,Desktop,United Kingdom,Existing
USR09915,control,2026-05-01T00:00:00Z,Desktop,United States,Existing
USR09916,improved_results,2026-05-01T00:00:00Z,Mobile,United Kingdom,Existing
USR09917,improved_results,2026-05-01T00:00:00Z,Mobile,United States,Existing
USR09918,control,2026-05-01T00:00:00Z,Mobile,United States,Existing
USR09919,improved_results,2026-05-01T00:00:00Z,Desktop,Other,Existing
USR09920,improved_results,2026-05-01T00:00:00Z,Desktop,United States,Existing
USR09921,control,2026-05-01T00:00:00Z,Mobile,United States,New
USR09922,improved_results,2026-05-01T00:00:00Z,Mobile,United States,New
USR09923,improved_results,2026-05-01T00:00:00Z,Desktop,United States,Existing
USR09924,improved_results,2026-05-01T00:00:00Z,Mobile,United States,Existing
USR09925,improved_results,2026-05-01T00:00:00Z,Desktop,United Kingdom,Existing
USR09926,control,2026-05-01T00:00:00Z,Mobile,United Kingdom,Existing
USR09927,control,2026-05-01T00:00:00Z,Mobile,United Kingdom,Existing
USR09928,control,2026-05-01T00:00:00Z,Mobile,United States,Existing
USR09929,control,2026-05-01T00:00:00Z,Mobile,United States,New
USR09930,control,2026-05-01T00:00:00Z,Mobile,United States,Existing
USR09931,improved_results,2026-05-01T00:00:00Z,Mobile,Other,Existing
USR09932,control,2026-05-01T00:00:00Z,Desktop,Canada,New
USR09933,improved_results,2026-05-01T00:00:00Z,TV,United States,Existing
USR09934,control,2026-05-01T00:00:00Z,Mobile,United States,Existing
USR09935,control,2026-05-01T00:00:00Z,Mobile,United States,Existing
USR09936,improved_results,2026-05-01T00:00:00Z,Mobile,United States,Existing
USR09937,improved_results,2026-05-01T00:00:00Z,Desktop,United Kingdom,Existing
USR09938,control,2026-05-01T00:00:00Z,TV,United States,Existing
USR09939,improved_results,2026-05-01T00:00:00Z,Mobile,Other,Existing
USR09940,improved_results,2026-05-01T00:00:00Z,Desktop,Other,New
USR09941,improved_results,2026-05-01T00:00:00Z,Desktop,United States,Existing
USR09942,improved_results,2026-05-01T00:00:00Z,Mobile,United States,Existing
USR09943,control,2026-05-01T00:00:00Z,Mobile,United States,Existing
USR09944,control,2026-05-01T00:00:00Z,Mobile,United States,Existing
USR09945,control,2026-05-01T00:00:00Z,Mobile,Canada,Existing
USR09946,improved_results,2026-05-01T00:00:00Z,Desktop,United States,Existing
USR09947,control,2026-05-01T00:00:00Z,Mobile,United States,Existing
USR09948,improved_results,2026-05-01T00:00:00Z,TV,United States,New
USR09949,control,2026-05-01T00:00:00Z,Desktop,United States,New
USR09950,improved_results,2026-05-01T00:00:00Z,TV,United States,Existing
USR09951,improved_results,2026-05-01T00:00:00Z,Mobile,Other,Existing
USR09952,control,2026-05-01T00:00:00Z,Mobile,United States,Existing
USR09953,control,2026-05-01T00:00:00Z,Desktop,United States,Existing
USR09954,control,2026-05-01T00:00:00Z,Mobile,Canada,New
USR09955,improved_results,2026-05-01T00:00:00Z,TV,United States,Existing
USR09956,control,2026-05-01T00:00:00Z,Mobile,United States,Existing
USR09957,improved_results,2026-05-01T00:00:00Z,Desktop,United States,Existing
USR09958,improved_results,2026-05-01T00:00:00Z,Mobile,United States,Existing
USR09959,improved_results,2026-05-01T00:00:00Z,TV,Canada,Existing
USR09960,improved_results,2026-05-01T00:00:00Z,Desktop,United States,New
USR09961,control,2026-05-01T00:00:00Z,Desktop,United States,New
USR09962,improved_results,2026-05-01T00:00:00Z,Mobile,United States,Existing
USR09963,improved_results,2026-05-01T00:00:00Z,TV,United States,Existing
USR09964,improved_results,2026-05-01T00:00:00Z,Mobile,United States,New
USR09965,improved_results,2026-05-01T00:00:00Z,TV,United Kingdom,Existing
USR09966,improved_results,2026-05-01T00:00:00Z,TV,United States,Existing
USR09967,improved_results,2026-05-01T00:00:00Z,Desktop,United States,Existing
USR09968,control,2026-05-01T00:00:00Z,TV,United States,New
USR09969,improved_results,2026-05-01T00:00:00Z,TV,Other,Existing
USR09970,improved_results,2026-05-01T00:00:00Z,Mobile,United States,Existing
USR09971,control,2026-05-01T00:00:00Z,Desktop,United States,Existing
USR09972,control,2026-05-01T00:00:00Z,Mobile,United Kingdom,New
USR09973,improved_results,2026-05-01T00:00:00Z,Desktop,United States,New
USR09974,control,2026-05-01T00:00:00Z,Desktop,United States,Existing
USR09975,improved_results,2026-05-01T00:00:00Z,Mobile,United States,Existing
USR09976,control,2026-05-01T00:00:00Z,Desktop,Other,Existing
USR09977,control,2026-05-01T00:00:00Z,TV,Other,New
USR09978,control,2026-05-01T00:00:00Z,Mobile,United States,New
USR09979,control,2026-05-01T00:00:00Z,Mobile,United States,Existing
USR09980,improved_results,2026-05-01T00:00:00Z,Mobile,United States,Existing
USR09981,improved_results,2026-05-01T00:00:00Z,Mobile,Other,Existing
USR09982,control,2026-05-01T00:00:00Z,Mobile,United States,Existing
USR09983,control,2026-05-01T00:00:00Z,Desktop,Canada,New
USR09984,improved_results,2026-05-01T00:00:00Z,Mobile,United States,Existing
USR09985,improved_results,2026-05-01T00:00:00Z,Mobile,United States,Existing
USR09986,control,2026-05-01T00:00:00Z,Mobile,United States,Existing
USR09987,control,2026-05-01T00:00:00Z,Mobile,Other,Existing
USR09988,improved_results,2026-05-01T00:00:00Z,TV,United States,Existing
USR09989,improved_results,2026-05-01T00:00:00Z,Mobile,United States,New
USR09990,control,2026-05-01T00:00:00Z,Desktop,United Kingdom,Existing
USR09991,control,2026-05-01T00:00:00Z,Mobile,United Kingdom,Existing
USR09992,improved_results,2026-05-01T00:00:00Z,Desktop,United States,New
USR09993,control,2026-05-01T00:00:00Z,Mobile,United States,New
USR09994,control,2026-05-01T00:00:00Z,Mobile,United States,Existing
USR09995,control,2026-05-01T00:00:00Z,Mobile,Other,Existing
USR09996,control,2026-05-01T00:00:00Z,Desktop,United States,Existing
USR09997,improved_results,2026-05-01T00:00:00Z,Mobile,United States,Existing
USR09998,improved_results,2026-05-01T00:00:00Z,Mobile,Canada,New
USR09999,improved_results,2026-05-01T00:00:00Z,Mobile,United States,Existing
USR10000,improved_results,2026-05-01T00:00:00Z,Desktop,United States,Existing
USR10001,control,2026-05-01T00:00:00Z,Mobile,United States,New
USR10002,improved_results,2026-05-01T00:00:00Z,TV,United States,Existing
USR10003,improved_results,2026-05-01T00:00:00Z,Mobile,United States,New
USR10004,control,2026-05-01T00:00:00Z,Mobile,United States,Existing
USR10005,improved_results,2026-05-01T00:00:00Z,Mobile,United Kingdom,New
USR10006,control,2026-05-01T00:00:00Z,Mobile,United States,Existing
USR10007,improved_results,2026-05-01T00:00:00Z,Mobile,United States,Existing
USR10008,improved_results,2026-05-01T00:00:00Z,Mobile,United States,New
USR10009,control,2026-05-01T00:00:00Z,Mobile,Other,Existing
USR10010,control,2026-05-01T00:00:00Z,TV,United States,Existing
USR10011,improved_results,2026-05-01T00:00:00Z,Mobile,Canada,New
USR10012,improved_results,2026-05-01T00:00:00Z,Desktop,United States,New
USR10013,control,2026-05-01T00:00:00Z,Mobile,United States,Existing
USR10014,control,2026-05-01T00:00:00Z,Mobile,United States,Existing
USR10015,control,2026-05-01T00:00:00Z,Desktop,United States,New
USR10016,control,2026-05-01T00:00:00Z,TV,United States,Existing
USR10017,improved_results,2026-05-01T00:00:00Z,TV,United Kingdom,Existing
USR10018,improved_results,2026-05-01T00:00:00Z,Mobile,Other,Existing
USR10019,improved_results,2026-05-01T00:00:00Z,Mobile,United States,Existing
USR10020,control,2026-05-01T00:00:00Z,Desktop,United States,Existing
USR10021,improved_results,2026-05-01T00:00:00Z,Desktop,Other,New
USR10022,improved_results,2026-05-01T00:00:00Z,Desktop,Canada,Existing
USR10023,control,2026-05-01T00:00:00Z,Mobile,Other,New
USR10024,control,2026-05-01T00:00:00Z,Desktop,Other,Existing
USR10025,improved_results,2026-05-01T00:00:00Z,Mobile,United States,Existing
USR10026,improved_results,2026-05-01T00:00:00Z,Mobile,United States,Existing
USR10027,improved_results,2026-05-01T00:00:00Z,Mobile,United States,New
USR10028,control,2026-05-01T00:00:00Z,TV,Other,New
USR10029,improved_results,2026-05-01T00:00:00Z,Mobile,United States,New
USR10030,improved_results,2026-05-01T00:00:00Z,Mobile,United States,Existing
USR10031,improved_results,2026-05-01T00:00:00Z,Desktop,United States,Existing
USR10032,control,2026-05-01T00:00:00Z,Mobile,Canada,Existing
USR10033,improved_results,2026-05-01T00:00:00Z,Desktop,United States,Existing
USR10034,improved_results,2026-05-01T00:00:00Z,TV,United States,Existing
USR10035,control,2026-05-01T00:00:00Z,Desktop,United States,Existing
USR10036,improved_results,2026-05-01T00:00:00Z,Mobile,Other,Existing
USR10037,improved_results,2026-05-01T00:00:00Z,Mobile,United States,Existing
USR10038,improved_results,2026-05-01T00:00:00Z,Desktop,United States,New
USR10039,control,2026-05-01T00:00:00Z,Mobile,United States,Existing
USR10040,control,2026-05-01T00:00:00Z,TV,United States,Existing
USR10041,improved_results,2026-05-01T00:00:00Z,TV,Canada,Existing
USR10042,control,2026-05-01T00:00:00Z,Mobile,United States,Existing
USR10043,control,2026-05-01T00:00:00Z,Mobile,Other,New
USR10044,control,2026-05-01T00:00:00Z,Desktop,United States,Existing
USR10045,improved_results,2026-05-01T00:00:00Z,Mobile,United States,Existing
USR10046,improved_results,2026-05-01T00:00:00Z,TV,United States,Existing
USR10047,control,2026-05-01T00:00:00Z,Desktop,United States,Existing
USR10048,improved_results,2026-05-01T00:00:00Z,Mobile,United States,Existing
USR10049,control,2026-05-01T00:00:00Z,Mobile,United States,Existing
USR10050,control,2026-05-01T00:00:00Z,Desktop,United States,Existing
USR10051,improved_results,2026-05-01T00:00:00Z,TV,United States,Existing
USR10052,control,2026-05-01T00:00:00Z,Mobile,United States,Existing
USR10053,improved_results,2026-05-01T00:00:00Z,Mobile,United States,New
USR10054,improved_results,2026-05-01T00:00:00Z,Mobile,United States,New
USR10055,improved_results,2026-05-01T00:00:00Z,Mobile,Canada,Existing
USR10056,improved_results,2026-05-01T00:00:00Z,Mobile,United States,Existing
USR10057,improved_results,2026-05-01T00:00:00Z,Mobile,United States,New
USR10058,improved_results,2026-05-01T00:00:00Z,Mobile,United States,Existing
USR10059,improved_results,2026-05-01T00:00:00Z,Mobile,United States,Existing
USR10060,improved_results,2026-05-01T00:00:00Z,Desktop,United Kingdom,Existing
USR10061,improved_results,2026-05-01T00:00:00Z,TV,United States,New
USR10062,control,2026-05-01T00:00:00Z,Mobile,Other,Existing
USR10063,control,2026-05-01T00:00:00Z,Mobile,Other,New
USR10064,control,2026-05-01T00:00:00Z,Mobile,United States,Existing
USR10065,improved_results,2026-05-01T00:00:00Z,TV,United States,Existing
USR10066,control,2026-05-01T00:00:00Z,Mobile,United States,Existing
USR10067,improved_results,2026-05-01T00:00:00Z,Mobile,United States,Existing
USR10068,improved_results,2026-05-01T00:00:00Z,Mobile,United States,New
USR10069,improved_results,2026-05-01T00:00:00Z,TV,United States,Existing
USR10070,improved_results,2026-05-01T00:00:00Z,Mobile,United States,Existing
USR10071,improved_results,2026-05-01T00:00:00Z,TV,United States,Existing
USR10072,control,2026-05-01T00:00:00Z,TV,United States,Existing
USR10073,control,2026-05-01T00:00:00Z,Mobile,Other,Existing
USR10074,improved_results,2026-05-01T00:00:00Z,Mobile,United States,New
USR10075,improved_results,2026-05-01T00:00:00Z,Mobile,Other,New
USR10076,improved_results,2026-05-01T00:00:00Z,Mobile,United States,Existing
USR10077,control,2026-05-01T00:00:00Z,Mobile,Other,Existing
USR10078,improved_results,2026-05-01T00:00:00Z,Mobile,Canada,Existing
USR10079,control,2026-05-01T00:00:00Z,Mobile,United States,New
USR10080,control,2026-05-01T00:00:00Z,Desktop,United States,Existing
USR10081,control,2026-05-01T00:00:00Z,Mobile,United States,Existing
USR10082,control,2026-05-01T00:00:00Z,Mobile,United States,Existing
USR10083,improved_results,2026-05-01T00:00:00Z,Mobile,Other,Existing
USR10084,improved_results,2026-05-01T00:00:00Z,Desktop,United States,New
USR10085,improved_results,2026-05-01T00:00:00Z,Desktop,United States,Existing
USR10086,improved_results,2026-05-01T00:00:00Z,Desktop,United States,Existing
USR10087,control,2026-05-01T00:00:00Z,Mobile,United Kingdom,Existing
USR10088,improved_results,2026-05-01T00:00:00Z,Desktop,United States,Existing
USR10089,control,2026-05-01T00:00:00Z,Desktop,United States,New
USR10090,improved_results,2026-05-01T00:00:00Z,Desktop,Canada,Existing
USR10091,control,2026-05-01T00:00:00Z,Desktop,United States,Existing
USR10092,control,2026-05-01T00:00:00Z,Mobile,Other,Existing
USR10093,control,2026-05-01T00:00:00Z,TV,United States,Existing
USR10094,improved_results,2026-05-01T00:00:00Z,Mobile,United States,Existing
USR10095,control,2026-05-01T00:00:00Z,Mobile,United States,Existing
USR10096,control,2026-05-01T00:00:00Z,Mobile,Other,Existing
USR10097,control,2026-05-01T00:00:00Z,Desktop,United Kingdom,Existing
USR10098,control,2026-05-01T00:00:00Z,TV,United States,New
USR10099,control,2026-05-01T00:00:00Z,Desktop,United States,Existing
USR10100,control,2026-05-01T00:00:00Z,Mobile,United States,Existing
USR10101,control,2026-05-01T00:00:00Z,Mobile,United States,Existing
USR10102,control,2026-05-01T00:00:00Z,TV,United States,Existing
USR10103,improved_results,2026-05-01T00:00:00Z,TV,United Kingdom,New
USR10104,improved_results,2026-05-01T00:00:00Z,Mobile,United States,Existing
USR10105,control,2026-05-01T00:00:00Z,Desktop,United States,Existing
USR10106,improved_results,2026-05-01T00:00:00Z,Mobile,United States,New
USR10107,improved_results,2026-05-01T00:00:00Z,Desktop,United States,Existing
USR10108,improved_results,2026-05-01T00:00:00Z,TV,United Kingdom,Existing
USR10109,control,2026-05-01T00:00:00Z,Desktop,United States,Existing
USR10110,improved_results,2026-05-01T00:00:00Z,Mobile,United States,Existing
USR10111,improved_results,2026-05-01T00:00:00Z,Mobile,United States,Existing
USR10112,improved_results,2026-05-01T00:00:00Z,Mobile,United States,Existing
USR10113,control,2026-05-01T00:00:00Z,Mobile,United States,New
USR10114,control,2026-05-01T00:00:00Z,Mobile,United States,Existing
USR10115,control,2026-05-01T00:00:00Z,Mobile,Canada,Existing
USR10116,improved_results,2026-05-01T00:00:00Z,Desktop,United States,Existing
USR10117,control,2026-05-01T00:00:00Z,Mobile,Other,Existing
USR10118,control,2026-05-01T00:00:00Z,Desktop,Canada,Existing
USR10119,control,2026-05-01T00:00:00Z,Desktop,United States,Existing
USR10120,control,2026-05-01T00:00:00Z,Mobile,United States,Existing
USR10121,improved_results,2026-05-01T00:00:00Z,Desktop,Other,Existing
USR10122,improved_results,2026-05-01T00:00:00Z,Desktop,Other,Existing
USR10123,improved_results,2026-05-01T00:00:00Z,Desktop,United States,Existing
USR10124,improved_results,2026-05-01T00:00:00Z,Mobile,Other,Existing
USR10125,control,2026-05-01T00:00:00Z,Mobile,Other,Existing
USR10126,control,2026-05-01T00:00:00Z,Desktop,United States,Existing
USR10127,control,2026-05-01T00:00:00Z,TV,Canada,Existing
USR10128,improved_results,2026-05-01T00:00:00Z,TV,United States,Existing
USR10129,improved_results,2026-05-01T00:00:00Z,Mobile,United States,Existing
USR10130,improved_results,2026-05-01T00:00:00Z,Desktop,United Kingdom,Existing
USR10131,improved_results,2026-05-01T00:00:00Z,TV,United States,Existing
USR10132,control,2026-05-01T00:00:00Z,Mobile,United States,Existing
USR10133,control,2026-05-01T00:00:00Z,Desktop,Canada,Existing
USR10134,control,2026-05-01T00:00:00Z,Mobile,United States,Existing
USR10135,control,2026-05-01T00:00:00Z,Mobile,United States,New
USR10136,improved_results,2026-05-01T00:00:00Z,Mobile,United States,New
USR10137,improved_results,2026-05-01T00:00:00Z,Desktop,Other,Existing
USR10138,improved_results,2026-05-01T00:00:00Z,Mobile,United States,Existing
USR10139,control,2026-05-01T00:00:00Z,TV,United States,Existing
USR10140,control,2026-05-01T00:00:00Z,Mobile,United States,New
USR10141,control,2026-05-01T00:00:00Z,Desktop,United States,Existing
USR10142,control,2026-05-01T00:00:00Z,TV,United States,Existing
USR10143,improved_results,2026-05-01T00:00:00Z,Desktop,United States,New
USR10144,control,2026-05-01T00:00:00Z,Mobile,United States,Existing
USR10145,control,2026-05-01T00:00:00Z,Mobile,Other,New
USR10146,control,2026-05-01T00:00:00Z,Mobile,Other,Existing
USR10147,improved_results,2026-05-01T00:00:00Z,Mobile,United States,Existing
USR10148,improved_results,2026-05-01T00:00:00Z,Mobile,United States,Existing
USR10149,control,2026-05-01T00:00:00Z,Mobile,United States,New
USR10150,improved_results,2026-05-01T00:00:00Z,Mobile,United States,Existing
USR10151,improved_results,2026-05-01T00:00:00Z,Desktop,United States,Existing
USR10152,improved_results,2026-05-01T00:00:00Z,Mobile,United States,Existing
USR10153,improved_results,2026-05-01T00:00:00Z,Mobile,United States,New
USR10154,control,2026-05-01T00:00:00Z,Mobile,United States,New
USR10155,control,2026-05-01T00:00:00Z,Mobile,Canada,New
USR10156,control,2026-05-01T00:00:00Z,Desktop,Other,New
USR10157,control,2026-05-01T00:00:00Z,Mobile,United States,New
USR10158,control,2026-05-01T00:00:00Z,Mobile,United States,Existing
USR10159,control,2026-05-01T00:00:00Z,Mobile,United States,Existing
USR10160,control,2026-05-01T00:00:00Z,Mobile,United Kingdom,Existing
USR10161,control,2026-05-01T00:00:00Z,TV,United States,Existing
USR10162,control,2026-05-01T00:00:00Z,Mobile,United States,Existing
USR10163,control,2026-05-01T00:00:00Z,Mobile,United States,Existing
USR10164,improved_results,2026-05-01T00:00:00Z,Mobile,Canada,Existing
USR10165,improved_results,2026-05-01T00:00:00Z,Desktop,Canada,Existing
USR10166,control,2026-05-01T00:00:00Z,Mobile,Canada,Existing
USR10167,improved_results,2026-05-01T00:00:00Z,TV,United States,New
USR10168,control,2026-05-01T00:00:00Z,Mobile,United States,New
USR10169,improved_results,2026-05-01T00:00:00Z,TV,United States,Existing
USR10170,control,2026-05-01T00:00:00Z,Mobile,Canada,Existing
USR10171,improved_results,2026-05-01T00:00:00Z,Mobile,United Kingdom,Existing
USR10172,control,2026-05-01T00:00:00Z,Mobile,United States,Existing
USR10173,improved_results,2026-05-01T00:00:00Z,Mobile,United States,New
USR10174,control,2026-05-01T00:00:00Z,Mobile,United States,New
USR10175,improved_results,2026-05-01T00:00:00Z,Mobile,United States,Existing
USR10176,improved_results,2026-05-01T00:00:00Z,Mobile,Canada,New
USR10177,improved_results,2026-05-01T00:00:00Z,Mobile,United Kingdom,Existing
USR10178,control,2026-05-01T00:00:00Z,Desktop,United States,Existing
USR10179,improved_results,2026-05-01T00:00:00Z,Mobile,United States,Existing
USR10180,control,2026-05-01T00:00:00Z,Mobile,United States,Existing
USR10181,improved_results,2026-05-01T00:00:00Z,TV,Other,Existing
USR10182,improved_results,2026-05-01T00:00:00Z,Mobile,United States,New
USR10183,improved_results,2026-05-01T00:00:00Z,Desktop,United States,Existing
USR10184,improved_results,2026-05-01T00:00:00Z,TV,United States,Existing
USR10185,improved_results,2026-05-01T00:00:00Z,Mobile,Other,Existing
USR10186,improved_results,2026-05-01T00:00:00Z,Mobile,Canada,New
USR10187,improved_results,2026-05-01T00:00:00Z,Desktop,United States,New
USR10188,improved_results,2026-05-01T00:00:00Z,Mobile,Other,Existing
USR10189,control,2026-05-01T00:00:00Z,Mobile,United States,Existing
USR10190,control,2026-05-01T00:00:00Z,Mobile,Canada,Existing
USR10191,control,2026-05-01T00:00:00Z,TV,United States,Existing
USR10192,improved_results,2026-05-01T00:00:00Z,Mobile,United Kingdom,New
USR10193,control,2026-05-01T00:00:00Z,Mobile,United States,Existing
USR10194,control,2026-05-01T00:00:00Z,Mobile,United States,Existing
USR10195,improved_results,2026-05-01T00:00:00Z,Mobile,United States,Existing
USR10196,control,2026-05-01T00:00:00Z,Mobile,United States,Existing
USR10197,improved_results,2026-05-01T00:00:00Z,Mobile,United States,New
USR10198,improved_results,2026-05-01T00:00:00Z,Mobile,Other,Existing
USR10199,improved_results,2026-05-01T00:00:00Z,Mobile,United States,Existing
USR10200,improved_results,2026-05-01T00:00:00Z,Mobile,United Kingdom,Existing
USR10201,improved_results,2026-05-01T00:00:00Z,Mobile,United States,Existing
USR10202,control,2026-05-01T00:00:00Z,Mobile,United States,New
USR10203,improved_results,2026-05-01T00:00:00Z,Mobile,United States,New
USR10204,control,2026-05-01T00:00:00Z,TV,United States,Existing
USR10205,improved_results,2026-05-01T00:00:00Z,TV,Canada,New
USR10206,control,2026-05-01T00:00:00Z,Mobile,United States,New
USR10207,control,2026-05-01T00:00:00Z,TV,United Kingdom,Existing
USR10208,improved_results,2026-05-01T00:00:00Z,TV,United Kingdom,Existing
USR10209,control,2026-05-01T00:00:00Z,Mobile,United States,Existing
USR10210,improved_results,2026-05-01T00:00:00Z,Mobile,Other,Existing
USR10211,improved_results,2026-05-01T00:00:00Z,Mobile,United States,New
USR10212,control,2026-05-01T00:00:00Z,Mobile,United States,Existing
USR10213,improved_results,2026-05-01T00:00:00Z,TV,Other,Existing
USR10214,control,2026-05-01T00:00:00Z,Desktop,United States,New
USR10215,control,2026-05-01T00:00:00Z,Desktop,United States,New
USR10216,improved_results,2026-05-01T00:00:00Z,Mobile,United States,Existing
USR10217,control,2026-05-01T00:00:00Z,Desktop,United States,Existing
USR10218,improved_results,2026-05-01T00:00:00Z,TV,Canada,Existing
USR10219,control,2026-05-01T00:00:00Z,TV,Other,Existing
USR10220,control,2026-05-01T00:00:00Z,Mobile,United States,New
USR10221,control,2026-05-01T00:00:00Z,TV,United Kingdom,New
USR10222,control,2026-05-01T00:00:00Z,Mobile,United States,Existing
USR10223,control,2026-05-01T00:00:00Z,Mobile,Other,Existing
USR10224,control,2026-05-01T00:00:00Z,Mobile,Canada,Existing
USR10225,improved_results,2026-05-01T00:00:00Z,Desktop,United Kingdom,Existing
USR10226,improved_results,2026-05-01T00:00:00Z,Mobile,Other,New
USR10227,improved_results,2026-05-01T00:00:00Z,Mobile,United States,Existing
USR10228,control,2026-05-01T00:00:00Z,Desktop,United States,Existing
USR10229,control,2026-05-01T00:00:00Z,Mobile,United States,Existing
USR10230,control,2026-05-01T00:00:00Z,Mobile,United States,Existing
USR10231,control,2026-05-01T00:00:00Z,Desktop,United States,New
USR10232,improved_results,2026-05-01T00:00:00Z,Desktop,United Kingdom,Existing
USR10233,control,2026-05-01T00:00:00Z,TV,Canada,Existing
USR10234,control,2026-05-01T00:00:00Z,Desktop,United States,Existing
USR10235,improved_results,2026-05-01T00:00:00Z,Desktop,United States,Existing
USR10236,control,2026-05-01T00:00:00Z,Mobile,United States,Existing
USR10237,control,2026-05-01T00:00:00Z,Mobile,United States,Existing
USR10238,control,2026-05-01T00:00:00Z,Desktop,Other,New
USR10239,improved_results,2026-05-01T00:00:00Z,Desktop,Canada,Existing
USR10240,improved_results,2026-05-01T00:00:00Z,Mobile,United States,Existing
USR10241,control,2026-05-01T00:00:00Z,Mobile,Other,Existing
USR10242,improved_results,2026-05-01T00:00:00Z,Desktop,Other,Existing
USR10243,control,2026-05-01T00:00:00Z,Desktop,United States,Existing
USR10244,control,2026-05-01T00:00:00Z,Mobile,United States,Existing
USR10245,improved_results,2026-05-01T00:00:00Z,Mobile,United Kingdom,New
USR10246,improved_results,2026-05-01T00:00:00Z,Desktop,United States,Existing
USR10247,improved_results,2026-05-01T00:00:00Z,Desktop,Canada,Existing
USR10248,control,2026-05-01T00:00:00Z,Mobile,United States,Existing
USR10249,improved_results,2026-05-01T00:00:00Z,Mobile,United States,Existing
USR10250,control,2026-05-01T00:00:00Z,Desktop,United States,New
USR10251,improved_results,2026-05-01T00:00:00Z,TV,Canada,New
USR10252,control,2026-05-01T00:00:00Z,Mobile,United States,New
USR10253,improved_results,2026-05-01T00:00:00Z,Desktop,Canada,New
USR10254,control,2026-05-01T00:00:00Z,Mobile,Canada,Existing
USR10255,control,2026-05-01T00:00:00Z,Desktop,United States,Existing
USR10256,control,2026-05-01T00:00:00Z,Mobile,Canada,Existing
USR10257,control,2026-05-01T00:00:00Z,Mobile,Canada,Existing
USR10258,improved_results,2026-05-01T00:00:00Z,Mobile,United States,New
USR10259,control,2026-05-01T00:00:00Z,Desktop,United States,Existing
USR10260,improved_results,2026-05-01T00:00:00Z,Desktop,United Kingdom,Existing
USR10261,improved_results,2026-05-01T00:00:00Z,Mobile,United States,Existing
USR10262,control,2026-05-01T00:00:00Z,Mobile,United Kingdom,Existing
USR10263,control,2026-05-01T00:00:00Z,Mobile,United States,Existing
USR10264,improved_results,2026-05-01T00:00:00Z,Desktop,Other,New
USR10265,control,2026-05-01T00:00:00Z,Mobile,United Kingdom,New
USR10266,control,2026-05-01T00:00:00Z,Desktop,United States,Existing
USR10267,control,2026-05-01T00:00:00Z,TV,United States,Existing
USR10268,improved_results,2026-05-01T00:00:00Z,Desktop,United States,Existing
USR10269,control,2026-05-01T00:00:00Z,TV,United States,Existing
USR10270,control,2026-05-01T00:00:00Z,TV,United States,Existing
USR10271,improved_results,2026-05-01T00:00:00Z,Desktop,United States,Existing
USR10272,improved_results,2026-05-01T00:00:00Z,Mobile,United States,Existing
USR10273,control,2026-05-01T00:00:00Z,TV,Other,Existing
USR10274,improved_results,2026-05-01T00:00:00Z,Mobile,United States,Existing
USR10275,improved_results,2026-05-01T00:00:00Z,Mobile,United States,New
USR10276,control,2026-05-01T00:00:00Z,TV,Other,New
USR10277,improved_results,2026-05-01T00:00:00Z,Mobile,United Kingdom,Existing
USR10278,control,2026-05-01T00:00:00Z,Mobile,United Kingdom,Existing
USR10279,control,2026-05-01T00:00:00Z,Mobile,United States,Existing
USR10280,control,2026-05-01T00:00:00Z,TV,United States,Existing
USR10281,improved_results,2026-05-01T00:00:00Z,Mobile,United States,New
USR10282,control,2026-05-01T00:00:00Z,Mobile,Other,Existing
USR10283,improved_results,2026-05-01T00:00:00Z,Mobile,United States,New
USR10284,improved_results,2026-05-01T00:00:00Z,Mobile,United States,Existing
USR10285,control,2026-05-01T00:00:00Z,TV,United States,New
USR10286,control,2026-05-01T00:00:00Z,Mobile,United States,Existing
USR10287,improved_results,2026-05-01T00:00:00Z,TV,Other,Existing
USR10288,improved_results,2026-05-01T00:00:00Z,Mobile,Other,Existing
USR10289,control,2026-05-01T00:00:00Z,Mobile,United States,New
USR10290,control,2026-05-01T00:00:00Z,Mobile,Canada,Existing
USR10291,control,2026-05-01T00:00:00Z,Mobile,United Kingdom,New
USR10292,improved_results,2026-05-01T00:00:00Z,TV,United Kingdom,Existing
USR10293,control,2026-05-01T00:00:00Z,Desktop,United Kingdom,Existing
USR10294,control,2026-05-01T00:00:00Z,Mobile,United States,New
USR10295,control,2026-05-01T00:00:00Z,Mobile,Other,Existing
USR10296,control,2026-05-01T00:00:00Z,Mobile,Other,Existing
USR10297,control,2026-05-01T00:00:00Z,Desktop,United States,Existing
USR10298,control,2026-05-01T00:00:00Z,Mobile,Canada,Existing
USR10299,control,2026-05-01T00:00:00Z,Mobile,Canada,Existing
USR10300,control,2026-05-01T00:00:00Z,Mobile,United States,Existing
USR10301,control,2026-05-01T00:00:00Z,Mobile,United States,Existing
USR10302,control,2026-05-01T00:00:00Z,Desktop,United States,Existing
USR10303,control,2026-05-01T00:00:00Z,Mobile,Other,Existing
USR10304,improved_results,2026-05-01T00:00:00Z,Mobile,Other,Existing
USR10305,control,2026-05-01T00:00:00Z,Desktop,United States,Existing
USR10306,improved_results,2026-05-01T00:00:00Z,Desktop,United States,New
USR10307,control,2026-05-01T00:00:00Z,Mobile,United States,Existing
USR10308,improved_results,2026-05-01T00:00:00Z,Mobile,United States,Existing
USR10309,improved_results,2026-05-01T00:00:00Z,Mobile,United States,New
USR10310,improved_results,2026-05-01T00:00:00Z,Desktop,United States,New
USR10311,control,2026-05-01T00:00:00Z,TV,Other,Existing
USR10312,control,2026-05-01T00:00:00Z,Mobile,United States,New
USR10313,improved_results,2026-05-01T00:00:00Z,Mobile,United States,Existing
USR10314,improved_results,2026-05-01T00:00:00Z,Mobile,United States,New
USR10315,improved_results,2026-05-01T00:00:00Z,Desktop,United States,Existing
USR10316,control,2026-05-01T00:00:00Z,Mobile,Canada,New
USR10317,control,2026-05-01T00:00:00Z,Mobile,United States,Existing
USR10318,improved_results,2026-05-01T00:00:00Z,TV,United States,Existing
USR10319,control,2026-05-01T00:00:00Z,Mobile,United States,New
USR10320,improved_results,2026-05-01T00:00:00Z,TV,United States,New
USR10321,control,2026-05-01T00:00:00Z,Mobile,Other,Existing
USR10322,control,2026-05-01T00:00:00Z,Mobile,Canada,Existing
USR10323,control,2026-05-01T00:00:00Z,Mobile,United States,Existing
USR10324,control,2026-05-01T00:00:00Z,Mobile,United States,Existing
USR10325,control,2026-05-01T00:00:00Z,Desktop,United States,New
USR10326,improved_results,2026-05-01T00:00:00Z,Mobile,Canada,Existing
USR10327,improved_results,2026-05-01T00:00:00Z,Mobile,Other,Existing
USR10328,control,2026-05-01T00:00:00Z,TV,United States,Existing
USR10329,control,2026-05-01T00:00:00Z,Mobile,United States,Existing
USR10330,improved_results,2026-05-01T00:00:00Z,Mobile,United States,New
USR10331,improved_results,2026-05-01T00:00:00Z,Mobile,United States,Existing
USR10332,control,2026-05-01T00:00:00Z,Mobile,Other,New
USR10333,control,2026-05-01T00:00:00Z,Mobile,United States,Existing
USR10334,control,2026-05-01T00:00:00Z,Mobile,United States,Existing
USR10335,improved_results,2026-05-01T00:00:00Z,Mobile,United States,New
USR10336,improved_results,2026-05-01T00:00:00Z,Desktop,United States,Existing
USR10337,control,2026-05-01T00:00:00Z,Desktop,United States,New
USR10338,improved_results,2026-05-01T00:00:00Z,Mobile,United States,Existing
USR10339,improved_results,2026-05-01T00:00:00Z,TV,Other,Existing
USR10340,improved_results,2026-05-01T00:00:00Z,Mobile,United States,Existing
USR10341,control,2026-05-01T00:00:00Z,TV,United Kingdom,Existing
USR10342,control,2026-05-01T00:00:00Z,Desktop,United Kingdom,New
USR10343,improved_results,2026-05-01T00:00:00Z,Mobile,United States,Existing
USR10344,improved_results,2026-05-01T00:00:00Z,Desktop,United States,Existing
USR10345,control,2026-05-01T00:00:00Z,Desktop,United States,Existing
USR10346,improved_results,2026-05-01T00:00:00Z,TV,United States,Existing
USR10347,improved_results,2026-05-01T00:00:00Z,Desktop,United States,New
USR10348,improved_results,2026-05-01T00:00:00Z,Desktop,United States,Existing
USR10349,improved_results,2026-05-01T00:00:00Z,Mobile,United States,Existing
USR10350,improved_results,2026-05-01T00:00:00Z,Mobile,United States,New
USR10351,control,2026-05-01T00:00:00Z,Mobile,United States,New
USR10352,control,2026-05-01T00:00:00Z,Mobile,Canada,New
USR10353,improved_results,2026-05-01T00:00:00Z,Mobile,United States,New
USR10354,improved_results,2026-05-01T00:00:00Z,Mobile,Canada,New
USR10355,improved_results,2026-05-01T00:00:00Z,Mobile,United States,Existing
USR10356,control,2026-05-01T00:00:00Z,Mobile,United States,Existing
USR10357,control,2026-05-01T00:00:00Z,Desktop,United Kingdom,Existing
USR10358,control,2026-05-01T00:00:00Z,Desktop,United States,Existing
USR10359,improved_results,2026-05-01T00:00:00Z,Mobile,United States,New
USR10360,improved_results,2026-05-01T00:00:00Z,Mobile,United States,Existing
USR10361,improved_results,2026-05-01T00:00:00Z,Mobile,United States,New
USR10362,improved_results,2026-05-01T00:00:00Z,Mobile,Other,Existing
USR10363,control,2026-05-01T00:00:00Z,Mobile,United States,Existing
USR10364,improved_results,2026-05-01T00:00:00Z,Mobile,Other,New
USR10365,improved_results,2026-05-01T00:00:00Z,TV,United Kingdom,New
USR10366,improved_results,2026-05-01T00:00:00Z,Mobile,United States,Existing
USR10367,control,2026-05-01T00:00:00Z,Mobile,Canada,Existing
USR10368,improved_results,2026-05-01T00:00:00Z,Desktop,United States,Existing
USR10369,improved_results,2026-05-01T00:00:00Z,Mobile,United States,Existing
USR10370,control,2026-05-01T00:00:00Z,TV,Other,Existing
USR10371,improved_results,2026-05-01T00:00:00Z,Mobile,United States,New
USR10372,improved_results,2026-05-01T00:00:00Z,Mobile,United States,New
USR10373,control,2026-05-01T00:00:00Z,TV,Canada,Existing
USR10374,control,2026-05-01T00:00:00Z,Mobile,Other,Existing
USR10375,improved_results,2026-05-01T00:00:00Z,Mobile,United States,New
USR10376,control,2026-05-01T00:00:00Z,Mobile,United States,Existing
USR10377,control,2026-05-01T00:00:00Z,Mobile,United States,New
USR10378,control,2026-05-01T00:00:00Z,Mobile,United States,Existing
USR10379,improved_results,2026-05-01T00:00:00Z,Mobile,United States,Existing
USR10380,control,2026-05-01T00:00:00Z,Desktop,Other,Existing
USR10381,control,2026-05-01T00:00:00Z,Mobile,United Kingdom,Existing
USR10382,improved_results,2026-05-01T00:00:00Z,Mobile,United States,Existing
USR10383,improved_results,2026-05-01T00:00:00Z,Desktop,United States,Existing
USR10384,improved_results,2026-05-01T00:00:00Z,Mobile,Canada,Existing
USR10385,control,2026-05-01T00:00:00Z,Desktop,United States,Existing
USR10386,improved_results,2026-05-01T00:00:00Z,Mobile,United States,New
USR10387,control,2026-05-01T00:00:00Z,Desktop,United States,New
USR10388,improved_results,2026-05-01T00:00:00Z,Mobile,United States,Existing
USR10389,improved_results,2026-05-01T00:00:00Z,Mobile,United States,New
USR10390,improved_results,2026-05-01T00:00:00Z,TV,United States,Existing
USR10391,control,2026-05-01T00:00:00Z,Desktop,United States,Existing
USR10392,control,2026-05-01T00:00:00Z,Mobile,United Kingdom,New
USR10393,control,2026-05-01T00:00:00Z,TV,Other,Existing
USR10394,control,2026-05-01T00:00:00Z,Mobile,United States,Existing
USR10395,control,2026-05-01T00:00:00Z,Mobile,United States,Existing
USR10396,improved_results,2026-05-01T00:00:00Z,Mobile,United States,Existing
USR10397,improved_results,2026-05-01T00:00:00Z,Desktop,United States,New
USR10398,improved_results,2026-05-01T00:00:00Z,Mobile,Other,Existing
USR10399,control,2026-05-01T00:00:00Z,Desktop,Canada,New
USR10400,improved_results,2026-05-01T00:00:00Z,Mobile,United States,New
USR10401,control,2026-05-01T00:00:00Z,Mobile,Canada,Existing
USR10402,improved_results,2026-05-01T00:00:00Z,Mobile,United States,Existing
USR10403,control,2026-05-01T00:00:00Z,TV,Other,Existing
USR10404,improved_results,2026-05-01T00:00:00Z,Mobile,Other,Existing
USR10405,control,2026-05-01T00:00:00Z,Mobile,United States,Existing
USR10406,control,2026-05-01T00:00:00Z,TV,Canada,New
USR10407,control,2026-05-01T00:00:00Z,TV,United States,New
USR10408,control,2026-05-01T00:00:00Z,Mobile,United States,Existing
USR10409,control,2026-05-01T00:00:00Z,Mobile,United States,Existing
USR10410,improved_results,2026-05-01T00:00:00Z,Mobile,Other,New
USR10411,control,2026-05-01T00:00:00Z,Mobile,Other,New
USR10412,control,2026-05-01T00:00:00Z,Desktop,United Kingdom,Existing
USR10413,control,2026-05-01T00:00:00Z,Desktop,United States,Existing
USR10414,control,2026-05-01T00:00:00Z,Mobile,United States,Existing
USR10415,improved_results,2026-05-01T00:00:00Z,Desktop,United States,Existing
USR10416,improved_results,2026-05-01T00:00:00Z,Mobile,United States,Existing
USR10417,improved_results,2026-05-01T00:00:00Z,Mobile,Other,Existing
USR10418,improved_results,2026-05-01T00:00:00Z,Desktop,United States,Existing
USR10419,improved_results,2026-05-01T00:00:00Z,Mobile,United States,Existing
USR10420,control,2026-05-01T00:00:00Z,Mobile,United States,New
USR10421,improved_results,2026-05-01T00:00:00Z,TV,United States,Existing
USR10422,control,2026-05-01T00:00:00Z,Mobile,United States,Existing
USR10423,control,2026-05-01T00:00:00Z,Desktop,Other,New
USR10424,improved_results,2026-05-01T00:00:00Z,Mobile,United States,Existing
USR10425,improved_results,2026-05-01T00:00:00Z,Mobile,United States,New
USR10426,improved_results,2026-05-01T00:00:00Z,Mobile,Other,Existing
USR10427,control,2026-05-01T00:00:00Z,Mobile,Canada,Existing
USR10428,improved_results,2026-05-01T00:00:00Z,Mobile,Canada,Existing
USR10429,improved_results,2026-05-01T00:00:00Z,Mobile,United States,Existing
USR10430,control,2026-05-01T00:00:00Z,Desktop,United Kingdom,New
USR10431,control,2026-05-01T00:00:00Z,Desktop,United States,Existing
USR10432,improved_results,2026-05-01T00:00:00Z,Mobile,Other,Existing
USR10433,improved_results,2026-05-01T00:00:00Z,Mobile,United Kingdom,Existing
USR10434,control,2026-05-01T00:00:00Z,Mobile,United States,Existing
USR10435,control,2026-05-01T00:00:00Z,Mobile,United States,Existing
USR10436,control,2026-05-01T00:00:00Z,Desktop,United States,Existing
USR10437,improved_results,2026-05-01T00:00:00Z,Desktop,United Kingdom,Existing
USR10438,improved_results,2026-05-01T00:00:00Z,Mobile,United States,Existing
USR10439,control,2026-05-01T00:00:00Z,Mobile,United States,Existing
USR10440,improved_results,2026-05-01T00:00:00Z,Mobile,United States,Existing
USR10441,control,2026-05-01T00:00:00Z,Mobile,United Kingdom,Existing
USR10442,improved_results,2026-05-01T00:00:00Z,TV,United States,Existing
USR10443,improved_results,2026-05-01T00:00:00Z,Mobile,Canada,Existing
USR10444,improved_results,2026-05-01T00:00:00Z,Desktop,United States,New
USR10445,control,2026-05-01T00:00:00Z,TV,Canada,Existing
USR10446,control,2026-05-01T00:00:00Z,Mobile,United Kingdom,Existing
USR10447,improved_results,2026-05-01T00:00:00Z,Mobile,Other,New
USR10448,control,2026-05-01T00:00:00Z,Mobile,Other,Existing
USR10449,control,2026-05-01T00:00:00Z,Mobile,United States,New
USR10450,control,2026-05-01T00:00:00Z,Desktop,United Kingdom,Existing
USR10451,improved_results,2026-05-01T00:00:00Z,TV,Other,New
USR10452,control,2026-05-01T00:00:00Z,Mobile,United States,Existing
USR10453,improved_results,2026-05-01T00:00:00Z,Mobile,United States,Existing
USR10454,improved_results,2026-05-01T00:00:00Z,Mobile,United States,Existing
USR10455,control,2026-05-01T00:00:00Z,Mobile,Canada,Existing
USR10456,control,2026-05-01T00:00:00Z,Mobile,United States,Existing
USR10457,improved_results,2026-05-01T00:00:00Z,Desktop,Other,Existing
USR10458,improved_results,2026-05-01T00:00:00Z,Mobile,United Kingdom,Existing
USR10459,improved_results,2026-05-01T00:00:00Z,Mobile,United States,New
USR10460,control,2026-05-01T00:00:00Z,Desktop,United States,New
USR10461,improved_results,2026-05-01T00:00:00Z,Mobile,United States,Existing
USR10462,improved_results,2026-05-01T00:00:00Z,Mobile,United States,Existing
USR10463,improved_results,2026-05-01T00:00:00Z,Mobile,United States,New
USR10464,control,2026-05-01T00:00:00Z,Mobile,United Kingdom,Existing
USR10465,improved_results,2026-05-01T00:00:00Z,Desktop,United States,Existing
USR10466,control,2026-05-01T00:00:00Z,Mobile,United States,Existing
USR10467,control,2026-05-01T00:00:00Z,Mobile,Other,Existing
USR10468,improved_results,2026-05-01T00:00:00Z,Mobile,United States,New
USR10469,control,2026-05-01T00:00:00Z,Desktop,United States,Existing
USR10470,control,2026-05-01T00:00:00Z,Mobile,United States,Existing
USR10471,improved_results,2026-05-01T00:00:00Z,Mobile,United Kingdom,Existing
USR10472,control,2026-05-01T00:00:00Z,Mobile,United Kingdom,Existing
USR10473,improved_results,2026-05-01T00:00:00Z,Mobile,United Kingdom,Existing
USR10474,improved_results,2026-05-01T00:00:00Z,Desktop,United States,Existing
USR10475,improved_results,2026-05-01T00:00:00Z,TV,United States,Existing
USR10476,improved_results,2026-05-01T00:00:00Z,Mobile,United States,Existing
USR10477,improved_results,2026-05-01T00:00:00Z,Mobile,United States,Existing
USR10478,control,2026-05-01T00:00:00Z,Mobile,Canada,Existing
USR10479,improved_results,2026-05-01T00:00:00Z,TV,United States,New
USR10480,improved_results,2026-05-01T00:00:00Z,Mobile,United States,Existing
USR10481,improved_results,2026-05-01T00:00:00Z,TV,Canada,Existing
USR10482,control,2026-05-01T00:00:00Z,Mobile,United States,Existing
USR10483,improved_results,2026-05-01T00:00:00Z,Desktop,United States,New
USR10484,improved_results,2026-05-01T00:00:00Z,Mobile,Other,Existing
USR10485,control,2026-05-01T00:00:00Z,Mobile,Other,Existing
USR10486,improved_results,2026-05-01T00:00:00Z,Mobile,United States,New
USR10487,improved_results,2026-05-01T00:00:00Z,Desktop,United States,Existing
USR10488,improved_results,2026-05-01T00:00:00Z,TV,Canada,Existing
USR10489,control,2026-05-01T00:00:00Z,Mobile,United States,Existing
USR10490,improved_results,2026-05-01T00:00:00Z,Desktop,United States,Existing
USR10491,improved_results,2026-05-01T00:00:00Z,Mobile,United States,Existing
USR10492,control,2026-05-01T00:00:00Z,Mobile,United States,Existing
USR10493,control,2026-05-01T00:00:00Z,Mobile,Canada,Existing
USR10494,improved_results,2026-05-01T00:00:00Z,Desktop,Canada,Existing
USR10495,improved_results,2026-05-01T00:00:00Z,Mobile,United States,New
USR10496,improved_results,2026-05-01T00:00:00Z,Mobile,United States,Existing
USR10497,control,2026-05-01T00:00:00Z,TV,United States,New
USR10498,improved_results,2026-05-01T00:00:00Z,Mobile,United States,Existing
USR10499,improved_results,2026-05-01T00:00:00Z,TV,Other,Existing
USR10500,improved_results,2026-05-01T00:00:00Z,Desktop,Canada,Existing
USR10501,control,2026-05-01T00:00:00Z,Desktop,United States,Existing
USR10502,improved_results,2026-05-01T00:00:00Z,Desktop,United States,Existing
USR10503,control,2026-05-01T00:00:00Z,Mobile,Other,New
USR10504,control,2026-05-01T00:00:00Z,TV,United States,Existing
USR10505,improved_results,2026-05-01T00:00:00Z,TV,Other,New
USR10506,control,2026-05-01T00:00:00Z,TV,United States,Existing
USR10507,improved_results,2026-05-01T00:00:00Z,Desktop,Other,Existing
USR10508,improved_results,2026-05-01T00:00:00Z,Mobile,United States,Existing
USR10509,control,2026-05-01T00:00:00Z,Mobile,United States,Existing
USR10510,control,2026-05-01T00:00:00Z,Desktop,United States,Existing
USR10511,control,2026-05-01T00:00:00Z,Mobile,United States,Existing
USR10512,control,2026-05-01T00:00:00Z,Mobile,United Kingdom,New
USR10513,control,2026-05-01T00:00:00Z,Mobile,United States,Existing
USR10514,improved_results,2026-05-01T00:00:00Z,Desktop,United States,New
USR10515,control,2026-05-01T00:00:00Z,Mobile,United States,Existing
USR10516,control,2026-05-01T00:00:00Z,Mobile,Other,Existing
USR10517,control,2026-05-01T00:00:00Z,Mobile,United States,Existing
USR10518,improved_results,2026-05-01T00:00:00Z,Desktop,United States,New
USR10519,control,2026-05-01T00:00:00Z,Mobile,United States,New
USR10520,control,2026-05-01T00:00:00Z,Mobile,Canada,New
USR10521,control,2026-05-01T00:00:00Z,Mobile,United States,Existing
USR10522,control,2026-05-01T00:00:00Z,Mobile,United States,Existing
USR10523,improved_results,2026-05-01T00:00:00Z,Mobile,United States,New
USR10524,control,2026-05-01T00:00:00Z,Desktop,United States,Existing
USR10525,improved_results,2026-05-01T00:00:00Z,Mobile,United States,New
USR10526,control,2026-05-01T00:00:00Z,Mobile,Other,Existing
USR10527,control,2026-05-01T00:00:00Z,Mobile,United States,Existing
USR10528,improved_results,2026-05-01T00:00:00Z,Desktop,United States,Existing
USR10529,control,2026-05-01T00:00:00Z,Desktop,United States,Existing
USR10530,improved_results,2026-05-01T00:00:00Z,Desktop,Other,New
USR10531,control,2026-05-01T00:00:00Z,Desktop,United States,Existing
USR10532,control,2026-05-01T00:00:00Z,Desktop,United States,Existing
USR10533,control,2026-05-01T00:00:00Z,Mobile,United States,Existing
USR10534,control,2026-05-01T00:00:00Z,Mobile,United States,Existing
USR10535,improved_results,2026-05-01T00:00:00Z,Mobile,United States,Existing
USR10536,control,2026-05-01T00:00:00Z,Mobile,United States,New
USR10537,control,2026-05-01T00:00:00Z,Mobile,United Kingdom,Existing
USR10538,improved_results,2026-05-01T00:00:00Z,TV,United States,Existing
USR10539,improved_results,2026-05-01T00:00:00Z,Mobile,United States,Existing
USR10540,control,2026-05-01T00:00:00Z,TV,United States,Existing
USR10541,improved_results,2026-05-01T00:00:00Z,Mobile,United States,Existing
USR10542,control,2026-05-01T00:00:00Z,Mobile,United States,Existing
USR10543,control,2026-05-01T00:00:00Z,Mobile,United States,Existing
USR10544,control,2026-05-01T00:00:00Z,Mobile,United States,Existing
USR10545,control,2026-05-01T00:00:00Z,Desktop,United States,Existing
USR10546,control,2026-05-01T00:00:00Z,TV,United States,Existing
USR10547,control,2026-05-01T00:00:00Z,Desktop,United States,Existing
USR10548,control,2026-05-01T00:00:00Z,Mobile,United States,Existing
USR10549,control,2026-05-01T00:00:00Z,Desktop,United States,Existing
USR10550,improved_results,2026-05-01T00:00:00Z,Mobile,United States,Existing
USR10551,control,2026-05-01T00:00:00Z,Mobile,United Kingdom,New
USR10552,improved_results,2026-05-01T00:00:00Z,Desktop,United Kingdom,Existing
USR10553,improved_results,2026-05-01T00:00:00Z,Mobile,Canada,Existing
USR10554,control,2026-05-01T00:00:00Z,Desktop,United States,Existing
USR10555,control,2026-05-01T00:00:00Z,Desktop,United States,New
USR10556,improved_results,2026-05-01T00:00:00Z,Desktop,United States,Existing
USR10557,improved_results,2026-05-01T00:00:00Z,TV,United States,Existing
USR10558,control,2026-05-01T00:00:00Z,Mobile,Canada,Existing
USR10559,control,2026-05-01T00:00:00Z,TV,United Kingdom,Existing
USR10560,improved_results,2026-05-01T00:00:00Z,Mobile,Canada,Existing
USR10561,control,2026-05-01T00:00:00Z,Mobile,Other,Existing
USR10562,control,2026-05-01T00:00:00Z,Desktop,United States,Existing
USR10563,improved_results,2026-05-01T00:00:00Z,Mobile,United States,New
USR10564,improved_results,2026-05-01T00:00:00Z,Mobile,United States,Existing
USR10565,improved_results,2026-05-01T00:00:00Z,Mobile,United States,New
USR10566,improved_results,2026-05-01T00:00:00Z,Mobile,United States,Existing
USR10567,control,2026-05-01T00:00:00Z,Desktop,United States,New
USR10568,control,2026-05-01T00:00:00Z,Mobile,United States,Existing
USR10569,improved_results,2026-05-01T00:00:00Z,Desktop,Canada,Existing
USR10570,improved_results,2026-05-01T00:00:00Z,Mobile,United States,Existing
USR10571,improved_results,2026-05-01T00:00:00Z,Mobile,Canada,Existing
USR10572,control,2026-05-01T00:00:00Z,Mobile,United States,Existing
USR10573,improved_results,2026-05-01T00:00:00Z,Desktop,United States,Existing
USR10574,improved_results,2026-05-01T00:00:00Z,Mobile,United States,Existing
USR10575,improved_results,2026-05-01T00:00:00Z,Mobile,United States,New
USR10576,control,2026-05-01T00:00:00Z,Mobile,United States,Existing
USR10577,improved_results,2026-05-01T00:00:00Z,Mobile,Other,Existing
USR10578,improved_results,2026-05-01T00:00:00Z,Desktop,Other,New
USR10579,control,2026-05-01T00:00:00Z,Mobile,Other,Existing
USR10580,control,2026-05-01T00:00:00Z,Mobile,Other,Existing
USR10581,control,2026-05-01T00:00:00Z,Mobile,United States,Existing
USR10582,control,2026-05-01T00:00:00Z,TV,United States,Existing
USR10583,control,2026-05-01T00:00:00Z,Mobile,United States,New
USR10584,control,2026-05-01T00:00:00Z,Desktop,United States,New
USR10585,control,2026-05-01T00:00:00Z,Mobile,United States,Existing
USR10586,control,2026-05-01T00:00:00Z,Mobile,United States,Existing
USR10587,control,2026-05-01T00:00:00Z,Desktop,United States,Existing
USR10588,control,2026-05-01T00:00:00Z,TV,United States,New
USR10589,control,2026-05-01T00:00:00Z,Mobile,United States,Existing
USR10590,control,2026-05-01T00:00:00Z,Desktop,United States,Existing
USR10591,control,2026-05-01T00:00:00Z,Desktop,Other,New
USR10592,improved_results,2026-05-01T00:00:00Z,Desktop,Canada,New
USR10593,improved_results,2026-05-01T00:00:00Z,TV,United States,Existing
USR10594,improved_results,2026-05-01T00:00:00Z,Mobile,Other,Existing
USR10595,improved_results,2026-05-01T00:00:00Z,Mobile,United States,New
USR10596,improved_results,2026-05-01T00:00:00Z,Desktop,United States,Existing
USR10597,improved_results,2026-05-01T00:00:00Z,Mobile,United States,Existing
USR10598,control,2026-05-01T00:00:00Z,Desktop,United States,Existing
USR10599,control,2026-05-01T00:00:00Z,Desktop,United States,Existing
USR10600,control,2026-05-01T00:00:00Z,Mobile,United Kingdom,New
USR10601,improved_results,2026-05-01T00:00:00Z,Mobile,United States,New
USR10602,control,2026-05-01T00:00:00Z,Mobile,United Kingdom,Existing
USR10603,control,2026-05-01T00:00:00Z,Desktop,United States,Existing
USR10604,improved_results,2026-05-01T00:00:00Z,Mobile,United States,Existing
USR10605,control,2026-05-01T00:00:00Z,TV,Other,New
USR10606,improved_results,2026-05-01T00:00:00Z,Mobile,United States,New
USR10607,control,2026-05-01T00:00:00Z,TV,Canada,Existing
USR10608,improved_results,2026-05-01T00:00:00Z,Mobile,Canada,New
USR10609,control,2026-05-01T00:00:00Z,Mobile,United States,Existing
USR10610,control,2026-05-01T00:00:00Z,Mobile,United States,Existing
USR10611,improved_results,2026-05-01T00:00:00Z,Mobile,United States,Existing
USR10612,control,2026-05-01T00:00:00Z,TV,United States,Existing
USR10613,improved_results,2026-05-01T00:00:00Z,Mobile,United States,New
USR10614,improved_results,2026-05-01T00:00:00Z,Mobile,Canada,Existing
USR10615,improved_results,2026-05-01T00:00:00Z,Desktop,United States,Existing
USR10616,improved_results,2026-05-01T00:00:00Z,Mobile,Other,New
USR10617,control,2026-05-01T00:00:00Z,Mobile,United States,Existing
USR10618,control,2026-05-01T00:00:00Z,Mobile,United States,New
USR10619,improved_results,2026-05-01T00:00:00Z,Mobile,United States,Existing
USR10620,control,2026-05-01T00:00:00Z,TV,United States,New
USR10621,improved_results,2026-05-01T00:00:00Z,Mobile,United States,Existing
USR10622,control,2026-05-01T00:00:00Z,TV,United States,New
USR10623,control,2026-05-01T00:00:00Z,Desktop,United States,New
USR10624,control,2026-05-01T00:00:00Z,Mobile,United States,Existing
USR10625,improved_results,2026-05-01T00:00:00Z,TV,Canada,Existing
USR10626,control,2026-05-01T00:00:00Z,Mobile,United States,Existing
USR10627,control,2026-05-01T00:00:00Z,TV,United States,New
USR10628,improved_results,2026-05-01T00:00:00Z,Desktop,United Kingdom,New
USR10629,control,2026-05-01T00:00:00Z,Mobile,United States,Existing
USR10630,control,2026-05-01T00:00:00Z,Mobile,United States,New
USR10631,improved_results,2026-05-01T00:00:00Z,Mobile,Other,Existing
USR10632,improved_results,2026-05-01T00:00:00Z,TV,United States,New
USR10633,control,2026-05-01T00:00:00Z,TV,United States,New
USR10634,improved_results,2026-05-01T00:00:00Z,Mobile,Other,Existing
USR10635,control,2026-05-01T00:00:00Z,Desktop,United States,New
USR10636,improved_results,2026-05-01T00:00:00Z,Mobile,United Kingdom,New
USR10637,control,2026-05-01T00:00:00Z,Mobile,Canada,Existing
USR10638,control,2026-05-01T00:00:00Z,Mobile,United States,Existing
USR10639,improved_results,2026-05-01T00:00:00Z,Mobile,Canada,New
USR10640,improved_results,2026-05-01T00:00:00Z,Mobile,Other,Existing
USR10641,control,2026-05-01T00:00:00Z,TV,United Kingdom,Existing
USR10642,control,2026-05-01T00:00:00Z,TV,Canada,Existing
USR10643,control,2026-05-01T00:00:00Z,Mobile,Other,Existing
USR10644,improved_results,2026-05-01T00:00:00Z,Mobile,United States,Existing
USR10645,control,2026-05-01T00:00:00Z,Mobile,United Kingdom,New
USR10646,improved_results,2026-05-01T00:00:00Z,Mobile,United Kingdom,Existing
USR10647,control,2026-05-01T00:00:00Z,Mobile,Other,New
USR10648,improved_results,2026-05-01T00:00:00Z,Desktop,Canada,Existing
USR10649,control,2026-05-01T00:00:00Z,Desktop,Other,Existing
USR10650,improved_results,2026-05-01T00:00:00Z,Mobile,Canada,Existing
USR10651,improved_results,2026-05-01T00:00:00Z,Desktop,United Kingdom,New
USR10652,improved_results,2026-05-01T00:00:00Z,Mobile,Other,Existing
USR10653,control,2026-05-01T00:00:00Z,Mobile,United States,Existing
USR10654,improved_results,2026-05-01T00:00:00Z,Mobile,United States,Existing
USR10655,improved_results,2026-05-01T00:00:00Z,Desktop,Other,New
USR10656,control,2026-05-01T00:00:00Z,Mobile,Canada,Existing
USR10657,control,2026-05-01T00:00:00Z,Desktop,United States,Existing
USR10658,control,2026-05-01T00:00:00Z,Mobile,Other,Existing
USR10659,control,2026-05-01T00:00:00Z,Mobile,United States,New
USR10660,control,2026-05-01T00:00:00Z,Mobile,United States,Existing
USR10661,improved_results,2026-05-01T00:00:00Z,Mobile,Other,Existing
USR10662,control,2026-05-01T00:00:00Z,Mobile,Canada,New
USR10663,improved_results,2026-05-01T00:00:00Z,Desktop,United States,Existing
USR10664,control,2026-05-01T00:00:00Z,Mobile,Other,Existing
USR10665,control,2026-05-01T00:00:00Z,TV,United States,New
USR10666,improved_results,2026-05-01T00:00:00Z,Mobile,United States,Existing
USR10667,improved_results,2026-05-01T00:00:00Z,Mobile,Canada,Existing
USR10668,control,2026-05-01T00:00:00Z,TV,United Kingdom,New
USR10669,improved_results,2026-05-01T00:00:00Z,Mobile,United States,New
USR10670,control,2026-05-01T00:00:00Z,TV,United Kingdom,New
USR10671,control,2026-05-01T00:00:00Z,TV,United States,Existing
USR10672,control,2026-05-01T00:00:00Z,Mobile,United States,Existing
USR10673,control,2026-05-01T00:00:00Z,Mobile,United States,Existing
USR10674,control,2026-05-01T00:00:00Z,Desktop,Other,New
USR10675,control,2026-05-01T00:00:00Z,Mobile,Other,Existing
USR10676,control,2026-05-01T00:00:00Z,Mobile,United States,Existing
USR10677,improved_results,2026-05-01T00:00:00Z,Mobile,United States,Existing
USR10678,improved_results,2026-05-01T00:00:00Z,Desktop,Other,New
USR10679,improved_results,2026-05-01T00:00:00Z,Mobile,Other,New
USR10680,control,2026-05-01T00:00:00Z,Mobile,United States,New
USR10681,control,2026-05-01T00:00:00Z,Desktop,United States,Existing
USR10682,control,2026-05-01T00:00:00Z,Mobile,United States,Existing
USR10683,control,2026-05-01T00:00:00Z,Desktop,United States,Existing
USR10684,control,2026-05-01T00:00:00Z,Mobile,United States,New
USR10685,control,2026-05-01T00:00:00Z,Mobile,Canada,New
USR10686,improved_results,2026-05-01T00:00:00Z,Mobile,United States,Existing
USR10687,control,2026-05-01T00:00:00Z,Mobile,United States,New
USR10688,improved_results,2026-05-01T00:00:00Z,Mobile,United Kingdom,Existing
USR10689,improved_results,2026-05-01T00:00:00Z,Mobile,United States,Existing
USR10690,control,2026-05-01T00:00:00Z,Mobile,United States,New
USR10691,improved_results,2026-05-01T00:00:00Z,TV,United States,New
USR10692,improved_results,2026-05-01T00:00:00Z,Mobile,United States,New
USR10693,improved_results,2026-05-01T00:00:00Z,Desktop,United States,Existing
USR10694,improved_results,2026-05-01T00:00:00Z,TV,United Kingdom,New
USR10695,improved_results,2026-05-01T00:00:00Z,Mobile,United States,Existing
USR10696,improved_results,2026-05-01T00:00:00Z,Mobile,Other,Existing
USR10697,control,2026-05-01T00:00:00Z,Desktop,United Kingdom,New
USR10698,improved_results,2026-05-01T00:00:00Z,Mobile,United States,Existing
USR10699,control,2026-05-01T00:00:00Z,Desktop,United States,Existing
USR10700,control,2026-05-01T00:00:00Z,TV,Other,Existing
USR10701,control,2026-05-01T00:00:00Z,Desktop,Canada,Existing
USR10702,improved_results,2026-05-01T00:00:00Z,Desktop,United States,New
USR10703,improved_results,2026-05-01T00:00:00Z,Mobile,Canada,New
USR10704,improved_results,2026-05-01T00:00:00Z,TV,United States,Existing
USR10705,improved_results,2026-05-01T00:00:00Z,Mobile,United States,Existing
USR10706,improved_results,2026-05-01T00:00:00Z,Mobile,United Kingdom,Existing
USR10707,improved_results,2026-05-01T00:00:00Z,Mobile,United States,Existing
USR10708,control,2026-05-01T00:00:00Z,Desktop,United States,New
USR10709,improved_results,2026-05-01T00:00:00Z,Mobile,United States,Existing
USR10710,control,2026-05-01T00:00:00Z,Mobile,Canada,New
USR10711,improved_results,2026-05-01T00:00:00Z,Mobile,United Kingdom,Existing
USR10712,control,2026-05-01T00:00:00Z,Mobile,United States,Existing
USR10713,control,2026-05-01T00:00:00Z,Mobile,United Kingdom,Existing
USR10714,control,2026-05-01T00:00:00Z,Mobile,United States,New
USR10715,improved_results,2026-05-01T00:00:00Z,Mobile,Other,New
USR10716,control,2026-05-01T00:00:00Z,Mobile,Other,Existing
USR10717,control,2026-05-01T00:00:00Z,Mobile,Canada,Existing
USR10718,improved_results,2026-05-01T00:00:00Z,Mobile,Other,New
USR10719,control,2026-05-01T00:00:00Z,TV,United Kingdom,Existing
USR10720,control,2026-05-01T00:00:00Z,Desktop,United States,Existing
USR10721,control,2026-05-01T00:00:00Z,TV,United Kingdom,Existing
USR10722,improved_results,2026-05-01T00:00:00Z,TV,United States,Existing
USR10723,improved_results,2026-05-01T00:00:00Z,Desktop,United States,New
USR10724,improved_results,2026-05-01T00:00:00Z,Desktop,United States,Existing
USR10725,control,2026-05-01T00:00:00Z,Mobile,Other,Existing
USR10726,control,2026-05-01T00:00:00Z,TV,United States,New
USR10727,control,2026-05-01T00:00:00Z,Mobile,Canada,Existing
USR10728,control,2026-05-01T00:00:00Z,Desktop,United Kingdom,New
USR10729,control,2026-05-01T00:00:00Z,Mobile,United States,Existing
USR10730,improved_results,2026-05-01T00:00:00Z,Desktop,United States,New
USR10731,improved_results,2026-05-01T00:00:00Z,TV,Other,Existing
USR10732,improved_results,2026-05-01T00:00:00Z,Desktop,United States,Existing
USR10733,improved_results,2026-05-01T00:00:00Z,Mobile,Canada,Existing
USR10734,improved_results,2026-05-01T00:00:00Z,Mobile,United States,Existing
USR10735,control,2026-05-01T00:00:00Z,Desktop,United States,New
USR10736,control,2026-05-01T00:00:00Z,Desktop,Canada,Existing
USR10737,control,2026-05-01T00:00:00Z,Mobile,Other,Existing
USR10738,improved_results,2026-05-01T00:00:00Z,Mobile,United Kingdom,Existing
USR10739,improved_results,2026-05-01T00:00:00Z,Mobile,United States,Existing
USR10740,improved_results,2026-05-01T00:00:00Z,Mobile,United States,Existing
USR10741,improved_results,2026-05-01T00:00:00Z,Desktop,United States,New
USR10742,control,2026-05-01T00:00:00Z,Mobile,United States,Existing
USR10743,control,2026-05-01T00:00:00Z,Desktop,Canada,New
USR10744,control,2026-05-01T00:00:00Z,Mobile,United States,Existing
USR10745,control,2026-05-01T00:00:00Z,TV,United Kingdom,Existing
USR10746,control,2026-05-01T00:00:00Z,Mobile,United States,New
USR10747,improved_results,2026-05-01T00:00:00Z,Desktop,Canada,Existing
USR10748,improved_results,2026-05-01T00:00:00Z,Mobile,United States,Existing
USR10749,control,2026-05-01T00:00:00Z,Mobile,United States,Existing
USR10750,improved_results,2026-05-01T00:00:00Z,Mobile,United States,Existing
USR10751,control,2026-05-01T00:00:00Z,Mobile,Other,Existing
USR10752,control,2026-05-01T00:00:00Z,Mobile,United States,Existing
USR10753,improved_results,2026-05-01T00:00:00Z,Mobile,Other,Existing
USR10754,control,2026-05-01T00:00:00Z,Mobile,United Kingdom,Existing
USR10755,improved_results,2026-05-01T00:00:00Z,Mobile,United States,Existing
USR10756,improved_results,2026-05-01T00:00:00Z,Desktop,Other,New
USR10757,improved_results,2026-05-01T00:00:00Z,Desktop,United States,New
USR10758,improved_results,2026-05-01T00:00:00Z,TV,United States,Existing
USR10759,improved_results,2026-05-01T00:00:00Z,Mobile,United States,Existing
USR10760,improved_results,2026-05-01T00:00:00Z,Desktop,United States,Existing
USR10761,improved_results,2026-05-01T00:00:00Z,Mobile,United States,Existing
USR10762,improved_results,2026-05-01T00:00:00Z,Desktop,United States,New
USR10763,improved_results,2026-05-01T00:00:00Z,Mobile,Other,Existing
USR10764,control,2026-05-01T00:00:00Z,Desktop,United States,Existing
USR10765,improved_results,2026-05-01T00:00:00Z,Mobile,United States,Existing
USR10766,improved_results,2026-05-01T00:00:00Z,TV,Other,Existing
USR10767,improved_results,2026-05-01T00:00:00Z,Mobile,United States,Existing
USR10768,improved_results,2026-05-01T00:00:00Z,Mobile,United States,New
USR10769,control,2026-05-01T00:00:00Z,TV,Other,New
USR10770,control,2026-05-01T00:00:00Z,Mobile,United States,New
USR10771,improved_results,2026-05-01T00:00:00Z,Desktop,United States,Existing
USR10772,control,2026-05-01T00:00:00Z,Desktop,Other,Existing
USR10773,control,2026-05-01T00:00:00Z,Desktop,United States,New
USR10774,improved_results,2026-05-01T00:00:00Z,Desktop,United Kingdom,Existing
USR10775,improved_results,2026-05-01T00:00:00Z,Desktop,United States,New
USR10776,control,2026-05-01T00:00:00Z,Mobile,United States,Existing
USR10777,improved_results,2026-05-01T00:00:00Z,Mobile,United States,New
USR10778,control,2026-05-01T00:00:00Z,Mobile,United States,Existing
USR10779,control,2026-05-01T00:00:00Z,Desktop,United Kingdom,Existing
USR10780,control,2026-05-01T00:00:00Z,Mobile,United Kingdom,Existing
USR10781,control,2026-05-01T00:00:00Z,Mobile,United States,New
USR10782,improved_results,2026-05-01T00:00:00Z,Mobile,United States,New
USR10783,control,2026-05-01T00:00:00Z,Mobile,United States,New
USR10784,improved_results,2026-05-01T00:00:00Z,Desktop,United States,Existing
USR10785,improved_results,2026-05-01T00:00:00Z,Mobile,United States,Existing
USR10786,control,2026-05-01T00:00:00Z,Mobile,Other,Existing
USR10787,control,2026-05-01T00:00:00Z,Mobile,United States,New
USR10788,control,2026-05-01T00:00:00Z,Mobile,United States,Existing
USR10789,improved_results,2026-05-01T00:00:00Z,Mobile,United States,Existing
USR10790,control,2026-05-01T00:00:00Z,Mobile,United States,Existing
USR10791,improved_results,2026-05-01T00:00:00Z,Mobile,United Kingdom,New
USR10792,control,2026-05-01T00:00:00Z,Mobile,United States,Existing
USR10793,improved_results,2026-05-01T00:00:00Z,Mobile,United States,Existing
USR10794,control,2026-05-01T00:00:00Z,Mobile,United States,Existing
USR10795,control,2026-05-01T00:00:00Z,Desktop,Canada,Existing
USR10796,improved_results,2026-05-01T00:00:00Z,TV,Other,Existing
USR10797,control,2026-05-01T00:00:00Z,TV,United States,Existing
USR10798,control,2026-05-01T00:00:00Z,Desktop,Canada,Existing
USR10799,improved_results,2026-05-01T00:00:00Z,Mobile,United Kingdom,Existing
USR10800,control,2026-05-01T00:00:00Z,Mobile,United States,Existing
USR10801,control,2026-05-01T00:00:00Z,Desktop,Other,Existing
USR10802,improved_results,2026-05-01T00:00:00Z,Mobile,United States,New
USR10803,control,2026-05-01T00:00:00Z,Desktop,Canada,Existing
USR10804,control,2026-05-01T00:00:00Z,Desktop,United States,Existing
USR10805,control,2026-05-01T00:00:00Z,TV,Canada,Existing
USR10806,improved_results,2026-05-01T00:00:00Z,Mobile,United States,Existing
USR10807,control,2026-05-01T00:00:00Z,Mobile,United States,Existing
USR10808,control,2026-05-01T00:00:00Z,TV,United Kingdom,Existing
USR10809,control,2026-05-01T00:00:00Z,Desktop,United States,New
USR10810,improved_results,2026-05-01T00:00:00Z,Mobile,United States,New
USR10811,improved_results,2026-05-01T00:00:00Z,Mobile,United States,Existing
USR10812,control,2026-05-01T00:00:00Z,Desktop,United States,New
USR10813,control,2026-05-01T00:00:00Z,Mobile,United States,Existing
USR10814,control,2026-05-01T00:00:00Z,Mobile,United Kingdom,Existing
USR10815,control,2026-05-01T00:00:00Z,Desktop,United States,Existing
USR10816,improved_results,2026-05-01T00:00:00Z,Mobile,United States,Existing
USR10817,improved_results,2026-05-01T00:00:00Z,Desktop,Canada,New
USR10818,control,2026-05-01T00:00:00Z,Desktop,United States,New
USR10819,control,2026-05-01T00:00:00Z,Desktop,United States,Existing
USR10820,control,2026-05-01T00:00:00Z,Mobile,Canada,Existing
USR10821,control,2026-05-01T00:00:00Z,TV,United States,New
USR10822,improved_results,2026-05-01T00:00:00Z,Desktop,United States,Existing
USR10823,improved_results,2026-05-01T00:00:00Z,Mobile,Other,New
USR10824,control,2026-05-01T00:00:00Z,Mobile,United States,New
USR10825,control,2026-05-01T00:00:00Z,Mobile,United States,Existing
USR10826,improved_results,2026-05-01T00:00:00Z,Desktop,United States,Existing
USR10827,improved_results,2026-05-01T00:00:00Z,Mobile,United States,New
USR10828,control,2026-05-01T00:00:00Z,Mobile,Other,Existing
USR10829,improved_results,2026-05-01T00:00:00Z,TV,United States,Existing
USR10830,improved_results,2026-05-01T00:00:00Z,TV,Other,Existing
USR10831,improved_results,2026-05-01T00:00:00Z,TV,United Kingdom,Existing
USR10832,improved_results,2026-05-01T00:00:00Z,Mobile,Other,Existing
USR10833,improved_results,2026-05-01T00:00:00Z,Mobile,United States,New
USR10834,improved_results,2026-05-01T00:00:00Z,Mobile,United States,Existing
USR10835,improved_results,2026-05-01T00:00:00Z,Mobile,Other,Existing
USR10836,control,2026-05-01T00:00:00Z,Desktop,United States,Existing
USR10837,control,2026-05-01T00:00:00Z,Mobile,United Kingdom,Existing
USR10838,improved_results,2026-05-01T00:00:00Z,Desktop,United States,New
USR10839,control,2026-05-01T00:00:00Z,Desktop,United States,Existing
USR10840,improved_results,2026-05-01T00:00:00Z,Mobile,United States,Existing
USR10841,improved_results,2026-05-01T00:00:00Z,Mobile,United States,Existing
USR10842,control,2026-05-01T00:00:00Z,Mobile,United Kingdom,New
USR10843,control,2026-05-01T00:00:00Z,Desktop,United States,Existing
USR10844,control,2026-05-01T00:00:00Z,Mobile,United States,Existing
USR10845,control,2026-05-01T00:00:00Z,Mobile,Other,Existing
USR10846,improved_results,2026-05-01T00:00:00Z,Mobile,Canada,Existing
USR10847,improved_results,2026-05-01T00:00:00Z,Mobile,United States,Existing
USR10848,control,2026-05-01T00:00:00Z,Desktop,United Kingdom,Existing
USR10849,control,2026-05-01T00:00:00Z,Mobile,Other,Existing
USR10850,control,2026-05-01T00:00:00Z,Mobile,United States,Existing
USR10851,improved_results,2026-05-01T00:00:00Z,TV,United States,Existing
USR10852,control,2026-05-01T00:00:00Z,Mobile,United States,Existing
USR10853,improved_results,2026-05-01T00:00:00Z,TV,Other,Existing
USR10854,control,2026-05-01T00:00:00Z,Mobile,Other,Existing
USR10855,control,2026-05-01T00:00:00Z,Mobile,United States,Existing
USR10856,improved_results,2026-05-01T00:00:00Z,Mobile,Canada,New
USR10857,control,2026-05-01T00:00:00Z,Mobile,Canada,New
USR10858,improved_results,2026-05-01T00:00:00Z,Mobile,Other,Existing
USR10859,improved_results,2026-05-01T00:00:00Z,TV,United States,Existing
USR10860,improved_results,2026-05-01T00:00:00Z,Mobile,United States,Existing
USR10861,improved_results,2026-05-01T00:00:00Z,Mobile,Canada,Existing
USR10862,improved_results,2026-05-01T00:00:00Z,Mobile,United States,Existing
USR10863,improved_results,2026-05-01T00:00:00Z,TV,United States,Existing
USR10864,improved_results,2026-05-01T00:00:00Z,Desktop,United States,New
USR10865,improved_results,2026-05-01T00:00:00Z,Mobile,United States,Existing
USR10866,improved_results,2026-05-01T00:00:00Z,TV,Other,New
USR10867,improved_results,2026-05-01T00:00:00Z,Mobile,United States,New
USR10868,improved_results,2026-05-01T00:00:00Z,Desktop,United States,Existing
USR10869,control,2026-05-01T00:00:00Z,Mobile,United States,New
USR10870,control,2026-05-01T00:00:00Z,Mobile,United States,New
USR10871,improved_results,2026-05-01T00:00:00Z,Mobile,Canada,New
USR10872,improved_results,2026-05-01T00:00:00Z,TV,United States,Existing
USR10873,improved_results,2026-05-01T00:00:00Z,Mobile,United States,Existing
USR10874,improved_results,2026-05-01T00:00:00Z,Desktop,United States,New
USR10875,control,2026-05-01T00:00:00Z,TV,United States,Existing
USR10876,improved_results,2026-05-01T00:00:00Z,Desktop,United States,New
USR10877,improved_results,2026-05-01T00:00:00Z,Mobile,United States,Existing
USR10878,control,2026-05-01T00:00:00Z,Mobile,United States,New
USR10879,control,2026-05-01T00:00:00Z,Desktop,United States,Existing
USR10880,improved_results,2026-05-01T00:00:00Z,Desktop,United States,New
USR10881,control,2026-05-01T00:00:00Z,Mobile,United States,New
USR10882,improved_results,2026-05-01T00:00:00Z,Desktop,United Kingdom,Existing
USR10883,control,2026-05-01T00:00:00Z,Mobile,United States,Existing
USR10884,control,2026-05-01T00:00:00Z,TV,United States,New
USR10885,control,2026-05-01T00:00:00Z,Mobile,United States,Existing
USR10886,control,2026-05-01T00:00:00Z,Desktop,United States,Existing
USR10887,control,2026-05-01T00:00:00Z,Desktop,United Kingdom,New
USR10888,control,2026-05-01T00:00:00Z,Desktop,Other,New
USR10889,control,2026-05-01T00:00:00Z,Mobile,Canada,New
USR10890,improved_results,2026-05-01T00:00:00Z,TV,United States,Existing
USR10891,improved_results,2026-05-01T00:00:00Z,Mobile,Other,Existing
USR10892,control,2026-05-01T00:00:00Z,Mobile,United Kingdom,Existing
USR10893,improved_results,2026-05-01T00:00:00Z,Desktop,Other,Existing
USR10894,improved_results,2026-05-01T00:00:00Z,Mobile,Canada,Existing
USR10895,improved_results,2026-05-01T00:00:00Z,Desktop,United States,Existing
USR10896,control,2026-05-01T00:00:00Z,Mobile,United States,New
USR10897,control,2026-05-01T00:00:00Z,Mobile,Canada,New
USR10898,control,2026-05-01T00:00:00Z,Mobile,United States,Existing
USR10899,improved_results,2026-05-01T00:00:00Z,Mobile,United States,New
USR10900,control,2026-05-01T00:00:00Z,Desktop,United States,Existing
USR10901,control,2026-05-01T00:00:00Z,Desktop,United States,New
USR10902,improved_results,2026-05-01T00:00:00Z,Mobile,United States,Existing
USR10903,control,2026-05-01T00:00:00Z,Mobile,United Kingdom,Existing
USR10904,improved_results,2026-05-01T00:00:00Z,Mobile,Canada,Existing
USR10905,control,2026-05-01T00:00:00Z,Mobile,United States,Existing
USR10906,control,2026-05-01T00:00:00Z,Mobile,United States,Existing
USR10907,improved_results,2026-05-01T00:00:00Z,TV,United States,Existing
USR10908,control,2026-05-01T00:00:00Z,Mobile,United Kingdom,New
USR10909,control,2026-05-01T00:00:00Z,Desktop,United States,Existing
USR10910,improved_results,2026-05-01T00:00:00Z,Mobile,Other,Existing
USR10911,improved_results,2026-05-01T00:00:00Z,Desktop,United States,New
USR10912,improved_results,2026-05-01T00:00:00Z,Mobile,Other,New
USR10913,control,2026-05-01T00:00:00Z,Desktop,United States,New
USR10914,improved_results,2026-05-01T00:00:00Z,Desktop,Canada,Existing
USR10915,control,2026-05-01T00:00:00Z,TV,United States,Existing
USR10916,improved_results,2026-05-01T00:00:00Z,Desktop,Canada,New
USR10917,control,2026-05-01T00:00:00Z,Mobile,United States,Existing
USR10918,control,2026-05-01T00:00:00Z,Desktop,United States,Existing
USR10919,control,2026-05-01T00:00:00Z,TV,United States,Existing
USR10920,improved_results,2026-05-01T00:00:00Z,Desktop,Other,New
USR10921,improved_results,2026-05-01T00:00:00Z,Mobile,United States,New
USR10922,improved_results,2026-05-01T00:00:00Z,Mobile,United States,New
USR10923,control,2026-05-01T00:00:00Z,Desktop,United States,Existing
USR10924,improved_results,2026-05-01T00:00:00Z,Mobile,United States,Existing
USR10925,improved_results,2026-05-01T00:00:00Z,Desktop,United Kingdom,New
USR10926,improved_results,2026-05-01T00:00:00Z,Desktop,United States,New
USR10927,control,2026-05-01T00:00:00Z,Desktop,United States,Existing
USR10928,improved_results,2026-05-01T00:00:00Z,Desktop,Canada,Existing
USR10929,improved_results,2026-05-01T00:00:00Z,TV,Other,Existing
USR10930,control,2026-05-01T00:00:00Z,Mobile,United States,Existing
USR10931,improved_results,2026-05-01T00:00:00Z,Mobile,United Kingdom,Existing
USR10932,improved_results,2026-05-01T00:00:00Z,Mobile,Other,Existing
USR10933,control,2026-05-01T00:00:00Z,Mobile,Other,New
USR10934,improved_results,2026-05-01T00:00:00Z,Desktop,United States,Existing
USR10935,control,2026-05-01T00:00:00Z,Mobile,United States,Existing
USR10936,control,2026-05-01T00:00:00Z,TV,United States,Existing
USR10937,improved_results,2026-05-01T00:00:00Z,Mobile,United Kingdom,Existing
USR10938,improved_results,2026-05-01T00:00:00Z,Desktop,United States,Existing
USR10939,improved_results,2026-05-01T00:00:00Z,Desktop,United States,Existing
USR10940,control,2026-05-01T00:00:00Z,Desktop,Other,New
USR10941,improved_results,2026-05-01T00:00:00Z,Desktop,Canada,Existing
USR10942,improved_results,2026-05-01T00:00:00Z,Mobile,United Kingdom,Existing
USR10943,control,2026-05-01T00:00:00Z,Mobile,Other,New
USR10944,control,2026-05-01T00:00:00Z,Mobile,United States,New
USR10945,improved_results,2026-05-01T00:00:00Z,Mobile,United States,Existing
USR10946,control,2026-05-01T00:00:00Z,TV,United Kingdom,Existing
USR10947,control,2026-05-01T00:00:00Z,TV,United States,Existing
USR10948,control,2026-05-01T00:00:00Z,Desktop,United States,New
USR10949,control,2026-05-01T00:00:00Z,Mobile,United Kingdom,Existing
USR10950,control,2026-05-01T00:00:00Z,Desktop,United States,Existing
USR10951,control,2026-05-01T00:00:00Z,Mobile,Other,Existing
USR10952,control,2026-05-01T00:00:00Z,Mobile,United States,New
USR10953,control,2026-05-01T00:00:00Z,Mobile,United States,Existing
USR10954,control,2026-05-01T00:00:00Z,Mobile,United States,Existing
USR10955,improved_results,2026-05-01T00:00:00Z,Mobile,United States,Existing
USR10956,control,2026-05-01T00:00:00Z,Desktop,United States,Existing
USR10957,control,2026-05-01T00:00:00Z,Desktop,United States,Existing
USR10958,improved_results,2026-05-01T00:00:00Z,Mobile,United States,New
USR10959,control,2026-05-01T00:00:00Z,Desktop,United States,New
USR10960,improved_results,2026-05-01T00:00:00Z,Mobile,United States,New
USR10961,improved_results,2026-05-01T00:00:00Z,TV,Other,New
USR10962,control,2026-05-01T00:00:00Z,Desktop,United Kingdom,Existing
USR10963,control,2026-05-01T00:00:00Z,Mobile,Canada,Existing
USR10964,improved_results,2026-05-01T00:00:00Z,Desktop,Canada,Existing
USR10965,improved_results,2026-05-01T00:00:00Z,Mobile,United Kingdom,Existing
USR10966,improved_results,2026-05-01T00:00:00Z,Mobile,Other,New
USR10967,control,2026-05-01T00:00:00Z,Desktop,United States,Existing
USR10968,improved_results,2026-05-01T00:00:00Z,Mobile,Other,Existing
USR10969,improved_results,2026-05-01T00:00:00Z,Mobile,United States,Existing
USR10970,improved_results,2026-05-01T00:00:00Z,Mobile,United States,Existing
USR10971,control,2026-05-01T00:00:00Z,Desktop,United States,Existing
USR10972,control,2026-05-01T00:00:00Z,Mobile,United States,New
USR10973,improved_results,2026-05-01T00:00:00Z,Desktop,United States,Existing
USR10974,control,2026-05-01T00:00:00Z,Mobile,Other,Existing
USR10975,improved_results,2026-05-01T00:00:00Z,TV,United Kingdom,Existing
USR10976,control,2026-05-01T00:00:00Z,Mobile,United States,Existing
USR10977,control,2026-05-01T00:00:00Z,Desktop,United States,Existing
USR10978,control,2026-05-01T00:00:00Z,Mobile,Canada,Existing
USR10979,control,2026-05-01T00:00:00Z,Mobile,United States,Existing
USR10980,control,2026-05-01T00:00:00Z,Desktop,Canada,Existing
USR10981,improved_results,2026-05-01T00:00:00Z,Desktop,United States,Existing
USR10982,improved_results,2026-05-01T00:00:00Z,Mobile,United States,Existing
USR10983,improved_results,2026-05-01T00:00:00Z,Mobile,United States,New
USR10984,improved_results,2026-05-01T00:00:00Z,TV,United Kingdom,Existing
USR10985,control,2026-05-01T00:00:00Z,Mobile,United States,New
USR10986,improved_results,2026-05-01T00:00:00Z,Desktop,Other,Existing
USR10987,improved_results,2026-05-01T00:00:00Z,Desktop,United States,Existing
USR10988,improved_results,2026-05-01T00:00:00Z,Mobile,Other,Existing
USR10989,improved_results,2026-05-01T00:00:00Z,Mobile,United Kingdom,Existing
USR10990,improved_results,2026-05-01T00:00:00Z,Desktop,Canada,New
USR10991,control,2026-05-01T00:00:00Z,TV,United States,Existing
USR10992,control,2026-05-01T00:00:00Z,Desktop,United States,Existing
USR10993,improved_results,2026-05-01T00:00:00Z,Mobile,Canada,Existing
USR10994,improved_results,2026-05-01T00:00:00Z,TV,United States,Existing
USR10995,control,2026-05-01T00:00:00Z,Desktop,United Kingdom,Existing
USR10996,control,2026-05-01T00:00:00Z,Mobile,United States,New
USR10997,control,2026-05-01T00:00:00Z,Mobile,United States,New
USR10998,control,2026-05-01T00:00:00Z,Desktop,United States,Existing
USR10999,improved_results,2026-05-01T00:00:00Z,Mobile,United States,Existing
USR11000,control,2026-05-01T00:00:00Z,Desktop,United States,Existing
USR11001,control,2026-05-01T00:00:00Z,TV,United States,Existing
USR11002,improved_results,2026-05-01T00:00:00Z,TV,United States,Existing
USR11003,control,2026-05-01T00:00:00Z,Desktop,Other,Existing
USR11004,control,2026-05-01T00:00:00Z,Mobile,United States,Existing
USR11005,improved_results,2026-05-01T00:00:00Z,TV,United States,Existing
USR11006,improved_results,2026-05-01T00:00:00Z,Mobile,United States,Existing
USR11007,improved_results,2026-05-01T00:00:00Z,Mobile,Canada,Existing
USR11008,improved_results,2026-05-01T00:00:00Z,Mobile,United States,Existing
USR11009,control,2026-05-01T00:00:00Z,Mobile,United States,Existing
USR11010,improved_results,2026-05-01T00:00:00Z,TV,Other,New
USR11011,improved_results,2026-05-01T00:00:00Z,Mobile,United States,New
USR11012,improved_results,2026-05-01T00:00:00Z,Mobile,Canada,Existing
USR11013,improved_results,2026-05-01T00:00:00Z,Mobile,United States,New
USR11014,improved_results,2026-05-01T00:00:00Z,Desktop,United States,Existing
USR11015,control,2026-05-01T00:00:00Z,Mobile,United States,Existing
USR11016,control,2026-05-01T00:00:00Z,Mobile,Canada,Existing
USR11017,control,2026-05-01T00:00:00Z,Mobile,United Kingdom,Existing
USR11018,improved_results,2026-05-01T00:00:00Z,TV,United States,Existing
USR11019,improved_results,2026-05-01T00:00:00Z,Mobile,United States,Existing
USR11020,control,2026-05-01T00:00:00Z,Desktop,United States,New
USR11021,control,2026-05-01T00:00:00Z,Mobile,United Kingdom,Existing
USR11022,control,2026-05-01T00:00:00Z,Desktop,Other,Existing
USR11023,control,2026-05-01T00:00:00Z,Mobile,United Kingdom,Existing
USR11024,improved_results,2026-05-01T00:00:00Z,Mobile,United States,Existing
USR11025,control,2026-05-01T00:00:00Z,Desktop,Canada,Existing
USR11026,improved_results,2026-05-01T00:00:00Z,Mobile,United States,Existing
USR11027,improved_results,2026-05-01T00:00:00Z,Mobile,United States,Existing
USR11028,control,2026-05-01T00:00:00Z,Mobile,United States,New
USR11029,improved_results,2026-05-01T00:00:00Z,Mobile,United States,Existing
USR11030,improved_results,2026-05-01T00:00:00Z,Desktop,Canada,Existing
USR11031,improved_results,2026-05-01T00:00:00Z,Desktop,Other,Existing
USR11032,control,2026-05-01T00:00:00Z,Desktop,Other,New
USR11033,control,2026-05-01T00:00:00Z,Mobile,Canada,Existing
USR11034,control,2026-05-01T00:00:00Z,Desktop,United States,Existing
USR11035,improved_results,2026-05-01T00:00:00Z,Mobile,United Kingdom,Existing
USR11036,improved_results,2026-05-01T00:00:00Z,Mobile,Other,New
USR11037,improved_results,2026-05-01T00:00:00Z,Mobile,Other,New
USR11038,improved_results,2026-05-01T00:00:00Z,Mobile,Other,Existing
USR11039,control,2026-05-01T00:00:00Z,Desktop,United States,Existing
USR11040,improved_results,2026-05-01T00:00:00Z,Desktop,United Kingdom,Existing
USR11041,control,2026-05-01T00:00:00Z,Mobile,Canada,Existing
USR11042,improved_results,2026-05-01T00:00:00Z,Mobile,United States,Existing
USR11043,improved_results,2026-05-01T00:00:00Z,Mobile,United States,New
USR11044,control,2026-05-01T00:00:00Z,Desktop,Canada,Existing
USR11045,control,2026-05-01T00:00:00Z,Mobile,United States,Existing
USR11046,improved_results,2026-05-01T00:00:00Z,Mobile,United Kingdom,Existing
USR11047,control,2026-05-01T00:00:00Z,TV,United States,Existing
USR11048,control,2026-05-01T00:00:00Z,Mobile,Other,New
USR11049,control,2026-05-01T00:00:00Z,TV,United States,New
USR11050,control,2026-05-01T00:00:00Z,TV,United States,Existing
USR11051,improved_results,2026-05-01T00:00:00Z,Desktop,United States,New
USR11052,improved_results,2026-05-01T00:00:00Z,Desktop,United States,Existing
USR11053,control,2026-05-01T00:00:00Z,Desktop,United States,Existing
USR11054,improved_results,2026-05-01T00:00:00Z,Mobile,United States,Existing
USR11055,control,2026-05-01T00:00:00Z,Mobile,United States,Existing
USR11056,improved_results,2026-05-01T00:00:00Z,Mobile,United States,Existing
USR11057,improved_results,2026-05-01T00:00:00Z,TV,United States,Existing
USR11058,control,2026-05-01T00:00:00Z,Mobile,Other,New
USR11059,control,2026-05-01T00:00:00Z,Mobile,United States,New
USR11060,control,2026-05-01T00:00:00Z,Mobile,United States,Existing
USR11061,control,2026-05-01T00:00:00Z,Mobile,United States,Existing
USR11062,control,2026-05-01T00:00:00Z,Mobile,United States,Existing
USR11063,control,2026-05-01T00:00:00Z,Mobile,Canada,Existing
USR11064,improved_results,2026-05-01T00:00:00Z,Mobile,United Kingdom,New
USR11065,improved_results,2026-05-01T00:00:00Z,Desktop,United States,Existing
USR11066,improved_results,2026-05-01T00:00:00Z,Mobile,United States,Existing
USR11067,control,2026-05-01T00:00:00Z,Mobile,United States,New
USR11068,control,2026-05-01T00:00:00Z,Desktop,United Kingdom,Existing
USR11069,control,2026-05-01T00:00:00Z,Mobile,Canada,Existing
USR11070,control,2026-05-01T00:00:00Z,Mobile,United States,Existing
USR11071,improved_results,2026-05-01T00:00:00Z,Desktop,United States,Existing
USR11072,control,2026-05-01T00:00:00Z,Mobile,United States,Existing
USR11073,control,2026-05-01T00:00:00Z,TV,United States,New
USR11074,improved_results,2026-05-01T00:00:00Z,Mobile,United States,Existing
USR11075,improved_results,2026-05-01T00:00:00Z,Desktop,United States,Existing
USR11076,control,2026-05-01T00:00:00Z,Mobile,United States,New
USR11077,improved_results,2026-05-01T00:00:00Z,Mobile,United Kingdom,New
USR11078,improved_results,2026-05-01T00:00:00Z,Desktop,Canada,Existing
USR11079,control,2026-05-01T00:00:00Z,Mobile,United States,Existing
USR11080,improved_results,2026-05-01T00:00:00Z,Mobile,Other,Existing
USR11081,control,2026-05-01T00:00:00Z,Mobile,Other,Existing
USR11082,improved_results,2026-05-01T00:00:00Z,TV,Other,Existing
USR11083,improved_results,2026-05-01T00:00:00Z,Desktop,United States,New
USR11084,control,2026-05-01T00:00:00Z,Mobile,United States,Existing
USR11085,control,2026-05-01T00:00:00Z,Desktop,United States,New
USR11086,control,2026-05-01T00:00:00Z,TV,United States,Existing
USR11087,control,2026-05-01T00:00:00Z,TV,United Kingdom,Existing
USR11088,control,2026-05-01T00:00:00Z,Mobile,United States,New
USR11089,control,2026-05-01T00:00:00Z,Mobile,United States,Existing
USR11090,control,2026-05-01T00:00:00Z,Desktop,United States,Existing
USR11091,improved_results,2026-05-01T00:00:00Z,Desktop,Other,Existing
USR11092,control,2026-05-01T00:00:00Z,TV,Other,Existing
USR11093,control,2026-05-01T00:00:00Z,Mobile,United States,Existing
USR11094,control,2026-05-01T00:00:00Z,Mobile,United States,Existing
USR11095,improved_results,2026-05-01T00:00:00Z,Desktop,Other,New
USR11096,control,2026-05-01T00:00:00Z,Desktop,United States,Existing
USR11097,control,2026-05-01T00:00:00Z,Desktop,Other,Existing
USR11098,improved_results,2026-05-01T00:00:00Z,TV,United States,New
USR11099,improved_results,2026-05-01T00:00:00Z,Desktop,United States,Existing
USR11100,control,2026-05-01T00:00:00Z,Mobile,United States,Existing
USR11101,improved_results,2026-05-01T00:00:00Z,Mobile,United States,Existing
USR11102,improved_results,2026-05-01T00:00:00Z,Mobile,United States,Existing
USR11103,improved_results,2026-05-01T00:00:00Z,TV,United States,Existing
USR11104,control,2026-05-01T00:00:00Z,Desktop,United Kingdom,Existing
USR11105,improved_results,2026-05-01T00:00:00Z,Mobile,United States,New
USR11106,improved_results,2026-05-01T00:00:00Z,Mobile,United States,Existing
USR11107,improved_results,2026-05-01T00:00:00Z,Mobile,United States,New
USR11108,control,2026-05-01T00:00:00Z,TV,United States,Existing
USR11109,control,2026-05-01T00:00:00Z,Desktop,United States,Existing
USR11110,improved_results,2026-05-01T00:00:00Z,Mobile,Other,Existing
USR11111,improved_results,2026-05-01T00:00:00Z,Mobile,United States,Existing
USR11112,control,2026-05-01T00:00:00Z,Mobile,Canada,Existing
USR11113,improved_results,2026-05-01T00:00:00Z,Desktop,Canada,Existing
USR11114,improved_results,2026-05-01T00:00:00Z,Desktop,United States,Existing
USR11115,control,2026-05-01T00:00:00Z,Desktop,Other,Existing
USR11116,control,2026-05-01T00:00:00Z,Mobile,United States,New
USR11117,improved_results,2026-05-01T00:00:00Z,Mobile,United States,Existing
USR11118,control,2026-05-01T00:00:00Z,Desktop,United States,Existing
USR11119,improved_results,2026-05-01T00:00:00Z,Mobile,United Kingdom,New
USR11120,control,2026-05-01T00:00:00Z,Desktop,Other,Existing
USR11121,improved_results,2026-05-01T00:00:00Z,Mobile,United States,Existing
USR11122,improved_results,2026-05-01T00:00:00Z,Mobile,Canada,New
USR11123,improved_results,2026-05-01T00:00:00Z,Mobile,United States,Existing
USR11124,improved_results,2026-05-01T00:00:00Z,TV,Canada,Existing
USR11125,improved_results,2026-05-01T00:00:00Z,Mobile,United States,Existing
USR11126,improved_results,2026-05-01T00:00:00Z,Mobile,United States,Existing
USR11127,improved_results,2026-05-01T00:00:00Z,Mobile,United States,Existing
USR11128,control,2026-05-01T00:00:00Z,Mobile,Canada,Existing
USR11129,improved_results,2026-05-01T00:00:00Z,Mobile,United States,Existing
USR11130,improved_results,2026-05-01T00:00:00Z,Desktop,United States,Existing
USR11131,control,2026-05-01T00:00:00Z,Desktop,United States,Existing
USR11132,control,2026-05-01T00:00:00Z,Desktop,United Kingdom,Existing
USR11133,improved_results,2026-05-01T00:00:00Z,TV,Canada,New
USR11134,improved_results,2026-05-01T00:00:00Z,Mobile,United States,Existing
USR11135,improved_results,2026-05-01T00:00:00Z,Mobile,United States,Existing
USR11136,improved_results,2026-05-01T00:00:00Z,Mobile,Canada,Existing
USR11137,improved_results,2026-05-01T00:00:00Z,Desktop,United States,Existing
USR11138,improved_results,2026-05-01T00:00:00Z,TV,United States,Existing
USR11139,improved_results,2026-05-01T00:00:00Z,Desktop,United States,New
USR11140,control,2026-05-01T00:00:00Z,Mobile,Canada,New
USR11141,control,2026-05-01T00:00:00Z,Mobile,Other,New
USR11142,improved_results,2026-05-01T00:00:00Z,Mobile,Other,Existing
USR11143,control,2026-05-01T00:00:00Z,Mobile,Other,Existing
USR11144,improved_results,2026-05-01T00:00:00Z,Mobile,United States,Existing
USR11145,improved_results,2026-05-01T00:00:00Z,Desktop,United States,New
USR11146,improved_results,2026-05-01T00:00:00Z,Desktop,Other,Existing
USR11147,improved_results,2026-05-01T00:00:00Z,Mobile,United States,Existing
USR11148,control,2026-05-01T00:00:00Z,Mobile,Canada,New
USR11149,improved_results,2026-05-01T00:00:00Z,Desktop,United States,Existing
USR11150,improved_results,2026-05-01T00:00:00Z,Desktop,Other,New
USR11151,improved_results,2026-05-01T00:00:00Z,TV,United States,Existing
USR11152,improved_results,2026-05-01T00:00:00Z,Desktop,United States,Existing
USR11153,control,2026-05-01T00:00:00Z,TV,Other,Existing
USR11154,improved_results,2026-05-01T00:00:00Z,Desktop,United States,Existing
USR11155,improved_results,2026-05-01T00:00:00Z,Mobile,United Kingdom,Existing
USR11156,control,2026-05-01T00:00:00Z,Mobile,United States,Existing
USR11157,improved_results,2026-05-01T00:00:00Z,Desktop,Other,Existing
USR11158,improved_results,2026-05-01T00:00:00Z,Desktop,United States,Existing
USR11159,control,2026-05-01T00:00:00Z,Mobile,United States,New
USR11160,improved_results,2026-05-01T00:00:00Z,Desktop,United States,Existing
USR11161,improved_results,2026-05-01T00:00:00Z,Mobile,Canada,Existing
USR11162,control,2026-05-01T00:00:00Z,Mobile,United Kingdom,Existing
USR11163,control,2026-05-01T00:00:00Z,TV,Canada,Existing
USR11164,improved_results,2026-05-01T00:00:00Z,Desktop,United States,Existing
USR11165,improved_results,2026-05-01T00:00:00Z,Desktop,United States,New
USR11166,control,2026-05-01T00:00:00Z,Desktop,Other,Existing
USR11167,improved_results,2026-05-01T00:00:00Z,Desktop,United Kingdom,New
USR11168,improved_results,2026-05-01T00:00:00Z,Mobile,United States,Existing
USR11169,control,2026-05-01T00:00:00Z,TV,United States,Existing
USR11170,improved_results,2026-05-01T00:00:00Z,Mobile,United States,Existing
USR11171,control,2026-05-01T00:00:00Z,TV,United States,New
USR11172,improved_results,2026-05-01T00:00:00Z,Mobile,Other,Existing
USR11173,control,2026-05-01T00:00:00Z,Mobile,United Kingdom,Existing
USR11174,improved_results,2026-05-01T00:00:00Z,Mobile,United States,Existing
USR11175,improved_results,2026-05-01T00:00:00Z,Desktop,United States,Existing
USR11176,control,2026-05-01T00:00:00Z,Desktop,United States,New
USR11177,control,2026-05-01T00:00:00Z,Mobile,Other,Existing
USR11178,improved_results,2026-05-01T00:00:00Z,Desktop,United States,New
USR11179,control,2026-05-01T00:00:00Z,TV,United States,Existing
USR11180,control,2026-05-01T00:00:00Z,Mobile,Canada,New
USR11181,control,2026-05-01T00:00:00Z,Desktop,United Kingdom,New
USR11182,improved_results,2026-05-01T00:00:00Z,Mobile,Other,Existing
USR11183,improved_results,2026-05-01T00:00:00Z,Desktop,United States,Existing
USR11184,control,2026-05-01T00:00:00Z,Mobile,United Kingdom,Existing
USR11185,improved_results,2026-05-01T00:00:00Z,Desktop,Canada,Existing
USR11186,improved_results,2026-05-01T00:00:00Z,Mobile,United States,Existing
USR11187,control,2026-05-01T00:00:00Z,Mobile,United States,Existing
USR11188,control,2026-05-01T00:00:00Z,Mobile,United States,Existing
USR11189,improved_results,2026-05-01T00:00:00Z,Mobile,United States,Existing
USR11190,control,2026-05-01T00:00:00Z,Desktop,United States,Existing
USR11191,control,2026-05-01T00:00:00Z,TV,United States,Existing
USR11192,control,2026-05-01T00:00:00Z,Mobile,Other,Existing
USR11193,improved_results,2026-05-01T00:00:00Z,Mobile,Canada,New
USR11194,improved_results,2026-05-01T00:00:00Z,Mobile,Other,New
USR11195,improved_results,2026-05-01T00:00:00Z,Mobile,United States,New
USR11196,control,2026-05-01T00:00:00Z,Mobile,United States,New
USR11197,control,2026-05-01T00:00:00Z,Mobile,United States,New
USR11198,control,2026-05-01T00:00:00Z,Desktop,United States,Existing
USR11199,improved_results,2026-05-01T00:00:00Z,Mobile,Other,Existing
USR11200,control,2026-05-01T00:00:00Z,Mobile,United Kingdom,Existing
USR11201,improved_results,2026-05-01T00:00:00Z,Mobile,United States,Existing
USR11202,control,2026-05-01T00:00:00Z,Desktop,United States,Existing
USR11203,improved_results,2026-05-01T00:00:00Z,Mobile,Canada,Existing
USR11204,improved_results,2026-05-01T00:00:00Z,TV,United States,Existing
USR11205,improved_results,2026-05-01T00:00:00Z,Desktop,United States,Existing
USR11206,improved_results,2026-05-01T00:00:00Z,Desktop,United States,New
USR11207,improved_results,2026-05-01T00:00:00Z,Mobile,United States,New
USR11208,improved_results,2026-05-01T00:00:00Z,Mobile,United States,Existing
USR11209,improved_results,2026-05-01T00:00:00Z,Desktop,United States,Existing
USR11210,improved_results,2026-05-01T00:00:00Z,Desktop,United States,Existing
USR11211,improved_results,2026-05-01T00:00:00Z,Mobile,United States,Existing
USR11212,improved_results,2026-05-01T00:00:00Z,Mobile,United Kingdom,Existing
USR11213,control,2026-05-01T00:00:00Z,Mobile,Canada,Existing
USR11214,improved_results,2026-05-01T00:00:00Z,Desktop,Other,New
USR11215,control,2026-05-01T00:00:00Z,TV,United States,Existing
USR11216,improved_results,2026-05-01T00:00:00Z,Mobile,United States,Existing
USR11217,control,2026-05-01T00:00:00Z,Mobile,Other,New
USR11218,improved_results,2026-05-01T00:00:00Z,Mobile,United States,Existing
USR11219,improved_results,2026-05-01T00:00:00Z,TV,United Kingdom,Existing
USR11220,improved_results,2026-05-01T00:00:00Z,Desktop,Canada,Existing
USR11221,control,2026-05-01T00:00:00Z,Mobile,United States,New
USR11222,control,2026-05-01T00:00:00Z,TV,United States,New
USR11223,control,2026-05-01T00:00:00Z,TV,United Kingdom,Existing
USR11224,improved_results,2026-05-01T00:00:00Z,Desktop,United States,Existing
USR11225,improved_results,2026-05-01T00:00:00Z,TV,United States,Existing
USR11226,improved_results,2026-05-01T00:00:00Z,Mobile,United States,Existing
USR11227,control,2026-05-01T00:00:00Z,TV,United States,Existing
USR11228,improved_results,2026-05-01T00:00:00Z,Mobile,United States,Existing
USR11229,improved_results,2026-05-01T00:00:00Z,Mobile,Other,Existing
USR11230,control,2026-05-01T00:00:00Z,Mobile,United States,Existing
USR11231,control,2026-05-01T00:00:00Z,Mobile,United Kingdom,New
USR11232,improved_results,2026-05-01T00:00:00Z,TV,United Kingdom,Existing
USR11233,improved_results,2026-05-01T00:00:00Z,Desktop,United States,Existing
USR11234,control,2026-05-01T00:00:00Z,Mobile,United Kingdom,Existing
USR11235,improved_results,2026-05-01T00:00:00Z,Mobile,United States,Existing
USR11236,improved_results,2026-05-01T00:00:00Z,Mobile,Canada,Existing
USR11237,improved_results,2026-05-01T00:00:00Z,Mobile,United States,New
USR11238,improved_results,2026-05-01T00:00:00Z,Desktop,United States,Existing
USR11239,improved_results,2026-05-01T00:00:00Z,TV,United States,Existing
USR11240,improved_results,2026-05-01T00:00:00Z,Mobile,United States,New
USR11241,improved_results,2026-05-01T00:00:00Z,Mobile,United Kingdom,Existing
USR11242,control,2026-05-01T00:00:00Z,Mobile,United States,Existing
USR11243,improved_results,2026-05-01T00:00:00Z,Desktop,United States,Existing
USR11244,control,2026-05-01T00:00:00Z,Mobile,United States,Existing
USR11245,improved_results,2026-05-01T00:00:00Z,Mobile,United States,New
USR11246,improved_results,2026-05-01T00:00:00Z,Mobile,United States,Existing
USR11247,control,2026-05-01T00:00:00Z,Mobile,United Kingdom,Existing
USR11248,improved_results,2026-05-01T00:00:00Z,Desktop,United Kingdom,Existing
USR11249,improved_results,2026-05-01T00:00:00Z,Mobile,United States,New
USR11250,improved_results,2026-05-01T00:00:00Z,Mobile,Other,Existing
USR11251,improved_results,2026-05-01T00:00:00Z,Mobile,United States,New
USR11252,control,2026-05-01T00:00:00Z,Desktop,Other,Existing
USR11253,control,2026-05-01T00:00:00Z,Desktop,Canada,Existing
USR11254,improved_results,2026-05-01T00:00:00Z,Mobile,United States,Existing
USR11255,control,2026-05-01T00:00:00Z,Mobile,United States,Existing
USR11256,control,2026-05-01T00:00:00Z,Mobile,United Kingdom,New
USR11257,improved_results,2026-05-01T00:00:00Z,Mobile,United States,Existing
USR11258,improved_results,2026-05-01T00:00:00Z,Mobile,United States,New
USR11259,control,2026-05-01T00:00:00Z,Mobile,United States,Existing
USR11260,control,2026-05-01T00:00:00Z,Mobile,United States,Existing
USR11261,improved_results,2026-05-01T00:00:00Z,Desktop,Canada,Existing
USR11262,control,2026-05-01T00:00:00Z,Mobile,Other,Existing
USR11263,improved_results,2026-05-01T00:00:00Z,Desktop,Other,Existing
USR11264,control,2026-05-01T00:00:00Z,Desktop,United States,Existing
USR11265,improved_results,2026-05-01T00:00:00Z,Mobile,Other,New
USR11266,control,2026-05-01T00:00:00Z,Mobile,United States,Existing
USR11267,control,2026-05-01T00:00:00Z,Mobile,United States,Existing
USR11268,improved_results,2026-05-01T00:00:00Z,TV,United States,Existing
USR11269,control,2026-05-01T00:00:00Z,Desktop,United States,Existing
USR11270,control,2026-05-01T00:00:00Z,Mobile,United States,Existing
USR11271,improved_results,2026-05-01T00:00:00Z,Mobile,United States,Existing
USR11272,control,2026-05-01T00:00:00Z,Mobile,Other,Existing
USR11273,improved_results,2026-05-01T00:00:00Z,Mobile,Canada,Existing
USR11274,improved_results,2026-05-01T00:00:00Z,Mobile,United States,Existing
USR11275,control,2026-05-01T00:00:00Z,TV,United States,Existing
USR11276,control,2026-05-01T00:00:00Z,Mobile,United States,Existing
USR11277,control,2026-05-01T00:00:00Z,Mobile,United States,Existing
USR11278,control,2026-05-01T00:00:00Z,Mobile,United States,Existing
USR11279,improved_results,2026-05-01T00:00:00Z,Mobile,United States,Existing
USR11280,improved_results,2026-05-01T00:00:00Z,Mobile,United Kingdom,Existing
USR11281,improved_results,2026-05-01T00:00:00Z,Mobile,United States,Existing
USR11282,improved_results,2026-05-01T00:00:00Z,Mobile,United States,Existing
USR11283,improved_results,2026-05-01T00:00:00Z,Desktop,United States,New
USR11284,improved_results,2026-05-01T00:00:00Z,Mobile,United States,New
USR11285,improved_results,2026-05-01T00:00:00Z,Mobile,United States,Existing
USR11286,control,2026-05-01T00:00:00Z,TV,United States,Existing
USR11287,control,2026-05-01T00:00:00Z,Desktop,United States,New
USR11288,control,2026-05-01T00:00:00Z,Desktop,United States,Existing
USR11289,control,2026-05-01T00:00:00Z,Mobile,United States,Existing
USR11290,improved_results,2026-05-01T00:00:00Z,Desktop,United Kingdom,Existing
USR11291,control,2026-05-01T00:00:00Z,Mobile,Canada,New
USR11292,improved_results,2026-05-01T00:00:00Z,Mobile,Canada,New
USR11293,improved_results,2026-05-01T00:00:00Z,Desktop,United States,Existing
USR11294,improved_results,2026-05-01T00:00:00Z,Mobile,Canada,New
USR11295,control,2026-05-01T00:00:00Z,Mobile,Canada,Existing
USR11296,control,2026-05-01T00:00:00Z,Mobile,United States,New
USR11297,improved_results,2026-05-01T00:00:00Z,Desktop,Canada,Existing
USR11298,control,2026-05-01T00:00:00Z,Desktop,United States,Existing
USR11299,improved_results,2026-05-01T00:00:00Z,TV,United States,Existing
USR11300,control,2026-05-01T00:00:00Z,Mobile,United Kingdom,New
USR11301,improved_results,2026-05-01T00:00:00Z,Mobile,United States,New
USR11302,control,2026-05-01T00:00:00Z,Mobile,United States,Existing
USR11303,improved_results,2026-05-01T00:00:00Z,Mobile,United States,Existing
USR11304,improved_results,2026-05-01T00:00:00Z,Desktop,United States,Existing
USR11305,improved_results,2026-05-01T00:00:00Z,Desktop,Other,New
USR11306,improved_results,2026-05-01T00:00:00Z,TV,United States,Existing
USR11307,improved_results,2026-05-01T00:00:00Z,Mobile,United States,Existing
USR11308,control,2026-05-01T00:00:00Z,Mobile,United States,Existing
USR11309,control,2026-05-01T00:00:00Z,Desktop,Other,Existing
USR11310,improved_results,2026-05-01T00:00:00Z,Desktop,United States,New
USR11311,improved_results,2026-05-01T00:00:00Z,Desktop,Other,Existing
USR11312,improved_results,2026-05-01T00:00:00Z,Mobile,United States,Existing
USR11313,control,2026-05-01T00:00:00Z,Mobile,United States,Existing
USR11314,improved_results,2026-05-01T00:00:00Z,Desktop,United States,Existing
USR11315,control,2026-05-01T00:00:00Z,Desktop,United States,Existing
USR11316,improved_results,2026-05-01T00:00:00Z,Desktop,United States,Existing
USR11317,control,2026-05-01T00:00:00Z,TV,United States,New
USR11318,control,2026-05-01T00:00:00Z,Mobile,United States,Existing
USR11319,control,2026-05-01T00:00:00Z,Desktop,United States,Existing
USR11320,improved_results,2026-05-01T00:00:00Z,Mobile,United States,Existing
USR11321,improved_results,2026-05-01T00:00:00Z,Mobile,United States,Existing
USR11322,control,2026-05-01T00:00:00Z,Desktop,Other,New
USR11323,improved_results,2026-05-01T00:00:00Z,Mobile,United States,Existing
USR11324,improved_results,2026-05-01T00:00:00Z,TV,United States,Existing
USR11325,improved_results,2026-05-01T00:00:00Z,Desktop,United States,Existing
USR11326,improved_results,2026-05-01T00:00:00Z,Mobile,Other,Existing
USR11327,improved_results,2026-05-01T00:00:00Z,Mobile,United States,New
USR11328,improved_results,2026-05-01T00:00:00Z,Mobile,United Kingdom,Existing
USR11329,improved_results,2026-05-01T00:00:00Z,Desktop,United Kingdom,Existing
USR11330,control,2026-05-01T00:00:00Z,TV,United States,Existing
USR11331,improved_results,2026-05-01T00:00:00Z,Mobile,United States,New
USR11332,control,2026-05-01T00:00:00Z,Mobile,United States,Existing
USR11333,control,2026-05-01T00:00:00Z,Mobile,United States,Existing
USR11334,control,2026-05-01T00:00:00Z,Mobile,United States,Existing
USR11335,control,2026-05-01T00:00:00Z,Mobile,Canada,Existing
USR11336,control,2026-05-01T00:00:00Z,Mobile,United Kingdom,Existing
USR11337,improved_results,2026-05-01T00:00:00Z,Mobile,United States,Existing
USR11338,control,2026-05-01T00:00:00Z,Desktop,Other,New
USR11339,improved_results,2026-05-01T00:00:00Z,Mobile,United States,Existing
USR11340,improved_results,2026-05-01T00:00:00Z,Desktop,United States,New
USR11341,improved_results,2026-05-01T00:00:00Z,Mobile,United States,Existing
USR11342,control,2026-05-01T00:00:00Z,Mobile,United States,Existing
USR11343,control,2026-05-01T00:00:00Z,Desktop,Other,New
USR11344,control,2026-05-01T00:00:00Z,Mobile,Other,Existing
USR11345,control,2026-05-01T00:00:00Z,Mobile,United States,Existing
USR11346,control,2026-05-01T00:00:00Z,Mobile,United States,New
USR11347,control,2026-05-01T00:00:00Z,Desktop,United States,Existing
USR11348,control,2026-05-01T00:00:00Z,Desktop,United States,Existing
USR11349,improved_results,2026-05-01T00:00:00Z,Desktop,Canada,Existing
USR11350,improved_results,2026-05-01T00:00:00Z,Desktop,United Kingdom,New
USR11351,control,2026-05-01T00:00:00Z,TV,United States,Existing
USR11352,improved_results,2026-05-01T00:00:00Z,Mobile,Canada,Existing
USR11353,improved_results,2026-05-01T00:00:00Z,TV,United States,New
USR11354,improved_results,2026-05-01T00:00:00Z,TV,United States,Existing
USR11355,improved_results,2026-05-01T00:00:00Z,Mobile,United States,Existing
USR11356,control,2026-05-01T00:00:00Z,Mobile,United States,Existing
USR11357,control,2026-05-01T00:00:00Z,Mobile,Canada,Existing
USR11358,control,2026-05-01T00:00:00Z,Desktop,Canada,Existing
USR11359,improved_results,2026-05-01T00:00:00Z,Desktop,United Kingdom,Existing
USR11360,control,2026-05-01T00:00:00Z,Mobile,United States,Existing
USR11361,improved_results,2026-05-01T00:00:00Z,Mobile,United States,Existing
USR11362,improved_results,2026-05-01T00:00:00Z,Mobile,United States,Existing
USR11363,improved_results,2026-05-01T00:00:00Z,Desktop,United States,Existing
USR11364,control,2026-05-01T00:00:00Z,Mobile,Other,Existing
USR11365,control,2026-05-01T00:00:00Z,Mobile,Other,Existing
USR11366,control,2026-05-01T00:00:00Z,Mobile,United States,Existing
USR11367,improved_results,2026-05-01T00:00:00Z,TV,United States,Existing
USR11368,control,2026-05-01T00:00:00Z,Desktop,United States,Existing
USR11369,improved_results,2026-05-01T00:00:00Z,Desktop,United States,Existing
USR11370,control,2026-05-01T00:00:00Z,Desktop,Other,New
USR11371,control,2026-05-01T00:00:00Z,TV,United States,Existing
USR11372,control,2026-05-01T00:00:00Z,Mobile,Other,Existing
USR11373,improved_results,2026-05-01T00:00:00Z,Mobile,United States,Existing
USR11374,improved_results,2026-05-01T00:00:00Z,Mobile,Canada,Existing
USR11375,improved_results,2026-05-01T00:00:00Z,TV,United States,Existing
USR11376,improved_results,2026-05-01T00:00:00Z,Desktop,Canada,New
USR11377,control,2026-05-01T00:00:00Z,Desktop,United States,Existing
USR11378,improved_results,2026-05-01T00:00:00Z,TV,United States,New
USR11379,control,2026-05-01T00:00:00Z,Desktop,United States,New
USR11380,improved_results,2026-05-01T00:00:00Z,TV,United States,Existing
USR11381,control,2026-05-01T00:00:00Z,Desktop,United States,Existing
USR11382,improved_results,2026-05-01T00:00:00Z,Mobile,Canada,Existing
USR11383,improved_results,2026-05-01T00:00:00Z,Mobile,Canada,Existing
USR11384,control,2026-05-01T00:00:00Z,Desktop,United States,Existing
USR11385,improved_results,2026-05-01T00:00:00Z,Desktop,United States,New
USR11386,control,2026-05-01T00:00:00Z,Mobile,United States,Existing
USR11387,improved_results,2026-05-01T00:00:00Z,TV,United States,Existing
USR11388,improved_results,2026-05-01T00:00:00Z,Mobile,United States,New
USR11389,control,2026-05-01T00:00:00Z,Mobile,United States,New
USR11390,control,2026-05-01T00:00:00Z,Mobile,United Kingdom,New
USR11391,improved_results,2026-05-01T00:00:00Z,Mobile,United States,New
USR11392,improved_results,2026-05-01T00:00:00Z,Desktop,United States,Existing
USR11393,improved_results,2026-05-01T00:00:00Z,Mobile,Canada,Existing
USR11394,control,2026-05-01T00:00:00Z,Mobile,United States,Existing
USR11395,control,2026-05-01T00:00:00Z,Desktop,United States,Existing
USR11396,improved_results,2026-05-01T00:00:00Z,Desktop,United States,Existing
USR11397,improved_results,2026-05-01T00:00:00Z,Mobile,Canada,Existing
USR11398,improved_results,2026-05-01T00:00:00Z,TV,United States,New
USR11399,improved_results,2026-05-01T00:00:00Z,Mobile,United States,Existing
USR11400,control,2026-05-01T00:00:00Z,Mobile,United Kingdom,Existing
USR11401,control,2026-05-01T00:00:00Z,Mobile,United States,Existing
USR11402,control,2026-05-01T00:00:00Z,Desktop,United States,New
USR11403,improved_results,2026-05-01T00:00:00Z,Desktop,United States,New
USR11404,improved_results,2026-05-01T00:00:00Z,Desktop,United States,New
USR11405,control,2026-05-01T00:00:00Z,Mobile,United States,Existing
USR11406,improved_results,2026-05-01T00:00:00Z,Mobile,Other,New
USR11407,control,2026-05-01T00:00:00Z,Mobile,Canada,Existing
USR11408,improved_results,2026-05-01T00:00:00Z,Mobile,United States,New
USR11409,control,2026-05-01T00:00:00Z,Mobile,United States,Existing
USR11410,improved_results,2026-05-01T00:00:00Z,TV,United States,New
USR11411,improved_results,2026-05-01T00:00:00Z,Mobile,United States,Existing
USR11412,control,2026-05-01T00:00:00Z,Mobile,Other,Existing
USR11413,improved_results,2026-05-01T00:00:00Z,Mobile,United Kingdom,Existing
USR11414,control,2026-05-01T00:00:00Z,TV,United States,New
USR11415,control,2026-05-01T00:00:00Z,Mobile,United Kingdom,New
USR11416,improved_results,2026-05-01T00:00:00Z,Desktop,United States,Existing
USR11417,control,2026-05-01T00:00:00Z,TV,United States,New
USR11418,control,2026-05-01T00:00:00Z,TV,Canada,Existing
USR11419,improved_results,2026-05-01T00:00:00Z,Mobile,United States,Existing
USR11420,improved_results,2026-05-01T00:00:00Z,Desktop,United Kingdom,New
USR11421,control,2026-05-01T00:00:00Z,Mobile,United States,New
USR11422,improved_results,2026-05-01T00:00:00Z,Mobile,United States,Existing
USR11423,control,2026-05-01T00:00:00Z,TV,United States,Existing
USR11424,improved_results,2026-05-01T00:00:00Z,Desktop,United States,Existing
USR11425,improved_results,2026-05-01T00:00:00Z,Desktop,Canada,New
USR11426,improved_results,2026-05-01T00:00:00Z,Desktop,United Kingdom,New
USR11427,control,2026-05-01T00:00:00Z,Mobile,United States,Existing
USR11428,improved_results,2026-05-01T00:00:00Z,TV,United States,Existing
USR11429,improved_results,2026-05-01T00:00:00Z,Mobile,United States,New
USR11430,control,2026-05-01T00:00:00Z,Desktop,United States,Existing
USR11431,control,2026-05-01T00:00:00Z,Mobile,United States,Existing
USR11432,control,2026-05-01T00:00:00Z,Mobile,United States,Existing
USR11433,control,2026-05-01T00:00:00Z,Mobile,United States,Existing
USR11434,control,2026-05-01T00:00:00Z,Mobile,United States,Existing
USR11435,improved_results,2026-05-01T00:00:00Z,Mobile,United States,Existing
USR11436,improved_results,2026-05-01T00:00:00Z,Desktop,United States,New
USR11437,control,2026-05-01T00:00:00Z,Mobile,Canada,Existing
USR11438,improved_results,2026-05-01T00:00:00Z,Desktop,United States,Existing
USR11439,improved_results,2026-05-01T00:00:00Z,Mobile,United States,Existing
USR11440,improved_results,2026-05-01T00:00:00Z,Desktop,United States,Existing
USR11441,control,2026-05-01T00:00:00Z,Mobile,Other,Existing
USR11442,improved_results,2026-05-01T00:00:00Z,Mobile,United States,Existing
USR11443,improved_results,2026-05-01T00:00:00Z,Mobile,Other,Existing
USR11444,improved_results,2026-05-01T00:00:00Z,Mobile,Other,Existing
USR11445,control,2026-05-01T00:00:00Z,TV,United States,Existing
USR11446,control,2026-05-01T00:00:00Z,Mobile,United States,Existing
USR11447,improved_results,2026-05-01T00:00:00Z,TV,United Kingdom,Existing
USR11448,improved_results,2026-05-01T00:00:00Z,Desktop,United States,Existing
USR11449,improved_results,2026-05-01T00:00:00Z,Mobile,Other,Existing
USR11450,control,2026-05-01T00:00:00Z,Mobile,Canada,Existing
USR11451,improved_results,2026-05-01T00:00:00Z,Desktop,United Kingdom,Existing
USR11452,improved_results,2026-05-01T00:00:00Z,Mobile,United States,Existing
USR11453,control,2026-05-01T00:00:00Z,Mobile,United Kingdom,Existing
USR11454,improved_results,2026-05-01T00:00:00Z,Mobile,United States,New
USR11455,improved_results,2026-05-01T00:00:00Z,Mobile,United Kingdom,Existing
USR11456,control,2026-05-01T00:00:00Z,Mobile,United States,Existing
USR11457,improved_results,2026-05-01T00:00:00Z,Mobile,United States,Existing
USR11458,improved_results,2026-05-01T00:00:00Z,Mobile,United States,Existing
USR11459,improved_results,2026-05-01T00:00:00Z,Mobile,United States,Existing
USR11460,improved_results,2026-05-01T00:00:00Z,Mobile,United Kingdom,Existing
USR11461,improved_results,2026-05-01T00:00:00Z,Mobile,Canada,New
USR11462,control,2026-05-01T00:00:00Z,Mobile,United States,Existing
USR11463,improved_results,2026-05-01T00:00:00Z,Desktop,United States,Existing
USR11464,improved_results,2026-05-01T00:00:00Z,Desktop,United States,Existing
USR11465,improved_results,2026-05-01T00:00:00Z,Mobile,United States,New
USR11466,control,2026-05-01T00:00:00Z,Mobile,United Kingdom,New
USR11467,improved_results,2026-05-01T00:00:00Z,Mobile,United States,Existing
USR11468,control,2026-05-01T00:00:00Z,Mobile,Canada,Existing
USR11469,improved_results,2026-05-01T00:00:00Z,Mobile,United Kingdom,New
USR11470,control,2026-05-01T00:00:00Z,Mobile,Other,New
USR11471,control,2026-05-01T00:00:00Z,Desktop,United States,New
USR11472,control,2026-05-01T00:00:00Z,Mobile,Other,New
USR11473,control,2026-05-01T00:00:00Z,Mobile,United States,Existing
USR11474,improved_results,2026-05-01T00:00:00Z,Mobile,United States,Existing
USR11475,control,2026-05-01T00:00:00Z,Mobile,United States,Existing
USR11476,improved_results,2026-05-01T00:00:00Z,TV,United States,Existing
USR11477,control,2026-05-01T00:00:00Z,Mobile,Canada,Existing
USR11478,control,2026-05-01T00:00:00Z,Mobile,Other,Existing
USR11479,control,2026-05-01T00:00:00Z,Mobile,United States,Existing
USR11480,control,2026-05-01T00:00:00Z,Desktop,United States,New
USR11481,improved_results,2026-05-01T00:00:00Z,Mobile,United States,Existing
USR11482,improved_results,2026-05-01T00:00:00Z,Mobile,Other,New
USR11483,control,2026-05-01T00:00:00Z,Mobile,Other,New
USR11484,improved_results,2026-05-01T00:00:00Z,Mobile,United States,New
USR11485,improved_results,2026-05-01T00:00:00Z,Mobile,Other,Existing
USR11486,control,2026-05-01T00:00:00Z,TV,United States,New
USR11487,improved_results,2026-05-01T00:00:00Z,TV,United States,Existing
USR11488,control,2026-05-01T00:00:00Z,Mobile,Canada,Existing
USR11489,control,2026-05-01T00:00:00Z,Mobile,United States,Existing
USR11490,improved_results,2026-05-01T00:00:00Z,TV,Canada,Existing
USR11491,control,2026-05-01T00:00:00Z,Desktop,Canada,Existing
USR11492,improved_results,2026-05-01T00:00:00Z,Desktop,United States,Existing
USR11493,control,2026-05-01T00:00:00Z,Mobile,United Kingdom,Existing
USR11494,improved_results,2026-05-01T00:00:00Z,Mobile,United Kingdom,Existing
USR11495,improved_results,2026-05-01T00:00:00Z,Mobile,United States,Existing
USR11496,improved_results,2026-05-01T00:00:00Z,Mobile,United States,New
USR11497,control,2026-05-01T00:00:00Z,Mobile,Canada,New
USR11498,control,2026-05-01T00:00:00Z,Mobile,United States,Existing
USR11499,control,2026-05-01T00:00:00Z,Mobile,United States,Existing
USR11500,control,2026-05-01T00:00:00Z,Desktop,United Kingdom,New
USR11501,control,2026-05-01T00:00:00Z,Mobile,United States,Existing
USR11502,improved_results,2026-05-01T00:00:00Z,Mobile,United States,New
USR11503,improved_results,2026-05-01T00:00:00Z,Desktop,United States,New
USR11504,improved_results,2026-05-01T00:00:00Z,TV,United Kingdom,Existing
USR11505,improved_results,2026-05-01T00:00:00Z,Desktop,United Kingdom,Existing
USR11506,improved_results,2026-05-01T00:00:00Z,Mobile,United Kingdom,Existing
USR11507,improved_results,2026-05-01T00:00:00Z,Desktop,United Kingdom,Existing
USR11508,control,2026-05-01T00:00:00Z,Mobile,Canada,New
USR11509,improved_results,2026-05-01T00:00:00Z,Desktop,Other,New
USR11510,control,2026-05-01T00:00:00Z,Mobile,Other,Existing
USR11511,control,2026-05-01T00:00:00Z,Desktop,United States,Existing
USR11512,control,2026-05-01T00:00:00Z,Desktop,United States,New
USR11513,improved_results,2026-05-01T00:00:00Z,Mobile,Other,New
USR11514,control,2026-05-01T00:00:00Z,Desktop,United States,New
USR11515,improved_results,2026-05-01T00:00:00Z,Desktop,Other,Existing
USR11516,control,2026-05-01T00:00:00Z,Desktop,United States,New
USR11517,improved_results,2026-05-01T00:00:00Z,Desktop,Canada,Existing
USR11518,control,2026-05-01T00:00:00Z,TV,United States,Existing
USR11519,improved_results,2026-05-01T00:00:00Z,Mobile,United States,Existing
USR11520,improved_results,2026-05-01T00:00:00Z,Mobile,United States,New
USR11521,control,2026-05-01T00:00:00Z,Mobile,United States,Existing
USR11522,control,2026-05-01T00:00:00Z,Mobile,United States,New
USR11523,control,2026-05-01T00:00:00Z,Mobile,United Kingdom,Existing
USR11524,control,2026-05-01T00:00:00Z,Mobile,United States,Existing
USR11525,improved_results,2026-05-01T00:00:00Z,TV,United Kingdom,Existing
USR11526,improved_results,2026-05-01T00:00:00Z,Desktop,United States,Existing
USR11527,control,2026-05-01T00:00:00Z,Mobile,United Kingdom,New
USR11528,control,2026-05-01T00:00:00Z,Desktop,United States,Existing
USR11529,improved_results,2026-05-01T00:00:00Z,Mobile,United Kingdom,Existing
USR11530,control,2026-05-01T00:00:00Z,Mobile,United States,Existing
USR11531,control,2026-05-01T00:00:00Z,Mobile,United Kingdom,Existing
USR11532,improved_results,2026-05-01T00:00:00Z,Mobile,United States,Existing
USR11533,improved_results,2026-05-01T00:00:00Z,Desktop,Other,New
USR11534,improved_results,2026-05-01T00:00:00Z,Desktop,United States,Existing
USR11535,control,2026-05-01T00:00:00Z,TV,United States,Existing
USR11536,improved_results,2026-05-01T00:00:00Z,TV,Canada,New
USR11537,control,2026-05-01T00:00:00Z,Mobile,United States,Existing
USR11538,control,2026-05-01T00:00:00Z,Mobile,Other,Existing
USR11539,improved_results,2026-05-01T00:00:00Z,Mobile,United Kingdom,Existing
USR11540,control,2026-05-01T00:00:00Z,Mobile,United States,Existing
USR11541,improved_results,2026-05-01T00:00:00Z,Mobile,United States,New
USR11542,improved_results,2026-05-01T00:00:00Z,Mobile,United States,New
USR11543,control,2026-05-01T00:00:00Z,Desktop,United Kingdom,Existing
USR11544,improved_results,2026-05-01T00:00:00Z,Mobile,United States,Existing
USR11545,improved_results,2026-05-01T00:00:00Z,Mobile,United States,Existing
USR11546,improved_results,2026-05-01T00:00:00Z,Mobile,United States,Existing
USR11547,control,2026-05-01T00:00:00Z,Mobile,United States,New
USR11548,control,2026-05-01T00:00:00Z,Desktop,Canada,Existing
USR11549,improved_results,2026-05-01T00:00:00Z,Desktop,United Kingdom,Existing
USR11550,control,2026-05-01T00:00:00Z,Mobile,Canada,Existing
USR11551,improved_results,2026-05-01T00:00:00Z,Desktop,Other,Existing
USR11552,improved_results,2026-05-01T00:00:00Z,Mobile,United States,Existing
USR11553,control,2026-05-01T00:00:00Z,Desktop,United States,Existing
USR11554,control,2026-05-01T00:00:00Z,Mobile,Other,New
USR11555,improved_results,2026-05-01T00:00:00Z,TV,Other,Existing
USR11556,control,2026-05-01T00:00:00Z,Mobile,United States,New
USR11557,control,2026-05-01T00:00:00Z,Desktop,Other,Existing
USR11558,improved_results,2026-05-01T00:00:00Z,Desktop,United States,Existing
USR11559,control,2026-05-01T00:00:00Z,TV,United States,Existing
USR11560,control,2026-05-01T00:00:00Z,Mobile,United States,Existing
USR11561,improved_results,2026-05-01T00:00:00Z,Mobile,United States,New
USR11562,improved_results,2026-05-01T00:00:00Z,Desktop,United States,Existing
USR11563,improved_results,2026-05-01T00:00:00Z,Desktop,United States,Existing
USR11564,control,2026-05-01T00:00:00Z,Mobile,United States,Existing
USR11565,improved_results,2026-05-01T00:00:00Z,Mobile,United States,Existing
USR11566,improved_results,2026-05-01T00:00:00Z,TV,Other,New
USR11567,improved_results,2026-05-01T00:00:00Z,Mobile,Other,Existing
USR11568,improved_results,2026-05-01T00:00:00Z,Mobile,United States,Existing
USR11569,control,2026-05-01T00:00:00Z,Mobile,United States,New
USR11570,control,2026-05-01T00:00:00Z,Desktop,United States,Existing
USR11571,control,2026-05-01T00:00:00Z,Mobile,United States,Existing
USR11572,improved_results,2026-05-01T00:00:00Z,Mobile,Canada,Existing
USR11573,control,2026-05-01T00:00:00Z,TV,Other,Existing
USR11574,control,2026-05-01T00:00:00Z,Mobile,Other,Existing
USR11575,control,2026-05-01T00:00:00Z,Mobile,United Kingdom,Existing
USR11576,control,2026-05-01T00:00:00Z,Mobile,United States,Existing
USR11577,control,2026-05-01T00:00:00Z,Desktop,United States,Existing
USR11578,control,2026-05-01T00:00:00Z,TV,United States,New
USR11579,control,2026-05-01T00:00:00Z,TV,Other,Existing
USR11580,improved_results,2026-05-01T00:00:00Z,Mobile,United States,New
USR11581,control,2026-05-01T00:00:00Z,Mobile,United States,Existing
USR11582,control,2026-05-01T00:00:00Z,Mobile,Other,New
USR11583,control,2026-05-01T00:00:00Z,Mobile,Other,Existing
USR11584,control,2026-05-01T00:00:00Z,Mobile,United Kingdom,New
USR11585,control,2026-05-01T00:00:00Z,TV,United States,Existing
USR11586,improved_results,2026-05-01T00:00:00Z,Desktop,Other,Existing
USR11587,improved_results,2026-05-01T00:00:00Z,Mobile,United States,Existing
USR11588,control,2026-05-01T00:00:00Z,Desktop,United Kingdom,Existing
USR11589,improved_results,2026-05-01T00:00:00Z,Mobile,United States,Existing
USR11590,control,2026-05-01T00:00:00Z,Desktop,Other,Existing
USR11591,improved_results,2026-05-01T00:00:00Z,Mobile,Canada,Existing
USR11592,improved_results,2026-05-01T00:00:00Z,Mobile,United States,Existing
USR11593,improved_results,2026-05-01T00:00:00Z,Mobile,United States,Existing
USR11594,control,2026-05-01T00:00:00Z,Desktop,United States,Existing
USR11595,improved_results,2026-05-01T00:00:00Z,Mobile,Other,Existing
USR11596,control,2026-05-01T00:00:00Z,Desktop,United States,Existing
USR11597,control,2026-05-01T00:00:00Z,Mobile,United States,New
USR11598,control,2026-05-01T00:00:00Z,Mobile,United States,New
USR11599,improved_results,2026-05-01T00:00:00Z,Mobile,United States,Existing
USR11600,control,2026-05-01T00:00:00Z,Mobile,United States,Existing
USR11601,improved_results,2026-05-01T00:00:00Z,Mobile,United States,Existing
USR11602,improved_results,2026-05-01T00:00:00Z,Mobile,Canada,Existing
USR11603,control,2026-05-01T00:00:00Z,TV,Canada,Existing
USR11604,improved_results,2026-05-01T00:00:00Z,Desktop,Other,Existing
USR11605,control,2026-05-01T00:00:00Z,Desktop,United Kingdom,New
USR11606,control,2026-05-01T00:00:00Z,Mobile,United States,New
USR11607,control,2026-05-01T00:00:00Z,Mobile,United Kingdom,Existing
USR11608,improved_results,2026-05-01T00:00:00Z,Mobile,United States,New
USR11609,control,2026-05-01T00:00:00Z,Mobile,Other,Existing
USR11610,improved_results,2026-05-01T00:00:00Z,Mobile,United States,Existing
USR11611,control,2026-05-01T00:00:00Z,Mobile,United States,Existing
USR11612,control,2026-05-01T00:00:00Z,Mobile,United States,Existing
USR11613,control,2026-05-01T00:00:00Z,TV,Other,New
USR11614,improved_results,2026-05-01T00:00:00Z,Mobile,United States,Existing
USR11615,control,2026-05-01T00:00:00Z,Mobile,United States,Existing
USR11616,improved_results,2026-05-01T00:00:00Z,Desktop,United States,Existing
USR11617,control,2026-05-01T00:00:00Z,Mobile,Other,Existing
USR11618,control,2026-05-01T00:00:00Z,Mobile,Other,New
USR11619,improved_results,2026-05-01T00:00:00Z,Desktop,United States,New
USR11620,control,2026-05-01T00:00:00Z,Desktop,United States,Existing
USR11621,control,2026-05-01T00:00:00Z,Mobile,Canada,Existing
USR11622,control,2026-05-01T00:00:00Z,Desktop,United States,New
USR11623,improved_results,2026-05-01T00:00:00Z,Mobile,Other,Existing
USR11624,control,2026-05-01T00:00:00Z,Desktop,United States,Existing
USR11625,improved_results,2026-05-01T00:00:00Z,Mobile,United States,Existing
USR11626,improved_results,2026-05-01T00:00:00Z,TV,United States,Existing
USR11627,control,2026-05-01T00:00:00Z,Mobile,United States,Existing
USR11628,control,2026-05-01T00:00:00Z,Mobile,United States,New
USR11629,improved_results,2026-05-01T00:00:00Z,Mobile,Other,Existing
USR11630,control,2026-05-01T00:00:00Z,Mobile,Canada,Existing
USR11631,control,2026-05-01T00:00:00Z,Mobile,United States,Existing
USR11632,improved_results,2026-05-01T00:00:00Z,Mobile,United Kingdom,New
USR11633,improved_results,2026-05-01T00:00:00Z,Desktop,United States,Existing
USR11634,improved_results,2026-05-01T00:00:00Z,Desktop,United States,Existing
USR11635,improved_results,2026-05-01T00:00:00Z,Mobile,United States,Existing
USR11636,control,2026-05-01T00:00:00Z,Mobile,United States,New
USR11637,improved_results,2026-05-01T00:00:00Z,Mobile,Other,Existing
USR11638,control,2026-05-01T00:00:00Z,Mobile,United Kingdom,Existing
USR11639,improved_results,2026-05-01T00:00:00Z,Mobile,United States,Existing
USR11640,improved_results,2026-05-01T00:00:00Z,Mobile,United States,Existing
USR11641,improved_results,2026-05-01T00:00:00Z,Mobile,United States,Existing
USR11642,improved_results,2026-05-01T00:00:00Z,Mobile,United States,Existing
USR11643,improved_results,2026-05-01T00:00:00Z,Mobile,United States,New
USR11644,improved_results,2026-05-01T00:00:00Z,Desktop,Canada,Existing
USR11645,improved_results,2026-05-01T00:00:00Z,Desktop,Other,Existing
USR11646,control,2026-05-01T00:00:00Z,TV,United States,Existing
USR11647,improved_results,2026-05-01T00:00:00Z,Mobile,United States,New
USR11648,improved_results,2026-05-01T00:00:00Z,Desktop,United States,Existing
USR11649,control,2026-05-01T00:00:00Z,Mobile,United States,New
USR11650,improved_results,2026-05-01T00:00:00Z,Mobile,United States,Existing
USR11651,improved_results,2026-05-01T00:00:00Z,TV,Other,Existing
USR11652,control,2026-05-01T00:00:00Z,Mobile,United States,Existing
USR11653,improved_results,2026-05-01T00:00:00Z,Desktop,United States,Existing
USR11654,improved_results,2026-05-01T00:00:00Z,Mobile,United States,Existing
USR11655,improved_results,2026-05-01T00:00:00Z,Mobile,United States,Existing
USR11656,control,2026-05-01T00:00:00Z,Desktop,United States,Existing
USR11657,improved_results,2026-05-01T00:00:00Z,Mobile,Other,Existing
USR11658,improved_results,2026-05-01T00:00:00Z,Mobile,United States,New
USR11659,control,2026-05-01T00:00:00Z,Mobile,United States,Existing
USR11660,control,2026-05-01T00:00:00Z,Desktop,United States,Existing
USR11661,control,2026-05-01T00:00:00Z,Desktop,Other,New
USR11662,control,2026-05-01T00:00:00Z,Desktop,United Kingdom,New
USR11663,improved_results,2026-05-01T00:00:00Z,Desktop,United Kingdom,Existing
USR11664,control,2026-05-01T00:00:00Z,TV,United States,Existing
USR11665,control,2026-05-01T00:00:00Z,Mobile,United States,Existing
USR11666,improved_results,2026-05-01T00:00:00Z,Mobile,United States,Existing
USR11667,control,2026-05-01T00:00:00Z,Desktop,Canada,Existing
USR11668,improved_results,2026-05-01T00:00:00Z,Mobile,United States,New
USR11669,control,2026-05-01T00:00:00Z,Desktop,United States,Existing
USR11670,control,2026-05-01T00:00:00Z,TV,Canada,New
USR11671,improved_results,2026-05-01T00:00:00Z,Mobile,United States,New
USR11672,improved_results,2026-05-01T00:00:00Z,Mobile,United Kingdom,Existing
USR11673,improved_results,2026-05-01T00:00:00Z,Mobile,United States,Existing
USR11674,improved_results,2026-05-01T00:00:00Z,Desktop,United States,Existing
USR11675,control,2026-05-01T00:00:00Z,Desktop,Canada,New
USR11676,improved_results,2026-05-01T00:00:00Z,Mobile,United States,Existing
USR11677,improved_results,2026-05-01T00:00:00Z,Mobile,United Kingdom,New
USR11678,improved_results,2026-05-01T00:00:00Z,Mobile,Canada,Existing
USR11679,improved_results,2026-05-01T00:00:00Z,Desktop,United States,Existing
USR11680,improved_results,2026-05-01T00:00:00Z,TV,Other,Existing
USR11681,improved_results,2026-05-01T00:00:00Z,Mobile,United States,Existing
USR11682,improved_results,2026-05-01T00:00:00Z,Desktop,United Kingdom,Existing
USR11683,control,2026-05-01T00:00:00Z,Mobile,United States,Existing
USR11684,control,2026-05-01T00:00:00Z,TV,United States,New
USR11685,improved_results,2026-05-01T00:00:00Z,Desktop,United States,New
USR11686,improved_results,2026-05-01T00:00:00Z,TV,United States,Existing
USR11687,control,2026-05-01T00:00:00Z,Mobile,United Kingdom,Existing
USR11688,improved_results,2026-05-01T00:00:00Z,Desktop,Other,Existing
USR11689,control,2026-05-01T00:00:00Z,Desktop,United States,Existing
USR11690,improved_results,2026-05-01T00:00:00Z,Mobile,United States,Existing
USR11691,control,2026-05-01T00:00:00Z,Mobile,United States,Existing
USR11692,control,2026-05-01T00:00:00Z,Desktop,United States,Existing
USR11693,control,2026-05-01T00:00:00Z,Mobile,United States,Existing
USR11694,improved_results,2026-05-01T00:00:00Z,Mobile,Canada,Existing
USR11695,control,2026-05-01T00:00:00Z,Desktop,Canada,Existing
USR11696,control,2026-05-01T00:00:00Z,TV,United States,Existing
USR11697,control,2026-05-01T00:00:00Z,Mobile,United States,Existing
USR11698,control,2026-05-01T00:00:00Z,Mobile,United States,Existing
USR11699,improved_results,2026-05-01T00:00:00Z,Mobile,United States,Existing
USR11700,improved_results,2026-05-01T00:00:00Z,TV,United Kingdom,New
USR11701,control,2026-05-01T00:00:00Z,TV,United States,Existing
USR11702,improved_results,2026-05-01T00:00:00Z,Mobile,United Kingdom,Existing
USR11703,improved_results,2026-05-01T00:00:00Z,Mobile,United Kingdom,Existing
USR11704,control,2026-05-01T00:00:00Z,Mobile,United States,Existing
USR11705,improved_results,2026-05-01T00:00:00Z,Mobile,United States,Existing
USR11706,control,2026-05-01T00:00:00Z,Desktop,United States,Existing
USR11707,improved_results,2026-05-01T00:00:00Z,Desktop,Canada,Existing
USR11708,control,2026-05-01T00:00:00Z,Mobile,United States,Existing
USR11709,control,2026-05-01T00:00:00Z,Mobile,Canada,New
USR11710,improved_results,2026-05-01T00:00:00Z,Desktop,Canada,Existing
USR11711,control,2026-05-01T00:00:00Z,TV,United States,Existing
USR11712,improved_results,2026-05-01T00:00:00Z,Mobile,United States,Existing
USR11713,control,2026-05-01T00:00:00Z,Desktop,United Kingdom,New
USR11714,control,2026-05-01T00:00:00Z,Mobile,United Kingdom,Existing
USR11715,control,2026-05-01T00:00:00Z,Mobile,United States,Existing
USR11716,control,2026-05-01T00:00:00Z,Mobile,United States,Existing
USR11717,improved_results,2026-05-01T00:00:00Z,Mobile,United States,Existing
USR11718,control,2026-05-01T00:00:00Z,TV,Canada,Existing
USR11719,control,2026-05-01T00:00:00Z,Desktop,United States,New
USR11720,improved_results,2026-05-01T00:00:00Z,Mobile,Other,Existing
USR11721,control,2026-05-01T00:00:00Z,Mobile,United States,Existing
USR11722,control,2026-05-01T00:00:00Z,Desktop,Canada,Existing
USR11723,improved_results,2026-05-01T00:00:00Z,TV,United Kingdom,New
USR11724,control,2026-05-01T00:00:00Z,Mobile,United States,New
USR11725,control,2026-05-01T00:00:00Z,TV,Other,Existing
USR11726,control,2026-05-01T00:00:00Z,TV,United States,New
USR11727,control,2026-05-01T00:00:00Z,Mobile,Canada,Existing
USR11728,improved_results,2026-05-01T00:00:00Z,Mobile,United States,Existing
USR11729,improved_results,2026-05-01T00:00:00Z,Mobile,United States,Existing
USR11730,improved_results,2026-05-01T00:00:00Z,Mobile,United States,Existing
USR11731,improved_results,2026-05-01T00:00:00Z,Mobile,United States,New
USR11732,control,2026-05-01T00:00:00Z,Mobile,United States,Existing
USR11733,control,2026-05-01T00:00:00Z,Desktop,United Kingdom,Existing
USR11734,control,2026-05-01T00:00:00Z,Mobile,United States,Existing
USR11735,improved_results,2026-05-01T00:00:00Z,Desktop,United States,Existing
USR11736,control,2026-05-01T00:00:00Z,Desktop,United States,Existing
USR11737,improved_results,2026-05-01T00:00:00Z,Desktop,United States,Existing
USR11738,improved_results,2026-05-01T00:00:00Z,Mobile,United States,New
USR11739,improved_results,2026-05-01T00:00:00Z,Mobile,Canada,New
USR11740,improved_results,2026-05-01T00:00:00Z,Mobile,Other,Existing
USR11741,control,2026-05-01T00:00:00Z,Mobile,United Kingdom,New
USR11742,control,2026-05-01T00:00:00Z,Desktop,United States,New
USR11743,control,2026-05-01T00:00:00Z,TV,United States,New
USR11744,improved_results,2026-05-01T00:00:00Z,TV,Canada,Existing
USR11745,control,2026-05-01T00:00:00Z,Mobile,United Kingdom,Existing
USR11746,improved_results,2026-05-01T00:00:00Z,Mobile,United States,Existing
USR11747,improved_results,2026-05-01T00:00:00Z,Desktop,Canada,Existing
USR11748,improved_results,2026-05-01T00:00:00Z,Desktop,Other,Existing
USR11749,control,2026-05-01T00:00:00Z,Desktop,United States,Existing
USR11750,improved_results,2026-05-01T00:00:00Z,Mobile,United States,Existing
USR11751,improved_results,2026-05-01T00:00:00Z,Desktop,United Kingdom,Existing
USR11752,improved_results,2026-05-01T00:00:00Z,Desktop,United States,Existing
USR11753,improved_results,2026-05-01T00:00:00Z,Mobile,United States,New
USR11754,control,2026-05-01T00:00:00Z,Mobile,United States,New
USR11755,control,2026-05-01T00:00:00Z,Mobile,United Kingdom,Existing
USR11756,control,2026-05-01T00:00:00Z,Mobile,Canada,Existing
USR11757,control,2026-05-01T00:00:00Z,Mobile,United States,Existing
USR11758,improved_results,2026-05-01T00:00:00Z,Mobile,United States,New
USR11759,control,2026-05-01T00:00:00Z,Mobile,United States,Existing
USR11760,control,2026-05-01T00:00:00Z,Mobile,United States,New
USR11761,control,2026-05-01T00:00:00Z,Mobile,Other,New
USR11762,control,2026-05-01T00:00:00Z,Desktop,Canada,Existing
USR11763,control,2026-05-01T00:00:00Z,Mobile,United States,Existing
USR11764,control,2026-05-01T00:00:00Z,Mobile,United States,New
USR11765,improved_results,2026-05-01T00:00:00Z,Mobile,United States,Existing
USR11766,control,2026-05-01T00:00:00Z,Desktop,Canada,New
USR11767,control,2026-05-01T00:00:00Z,Desktop,Canada,Existing
USR11768,improved_results,2026-05-01T00:00:00Z,Mobile,United Kingdom,Existing
USR11769,control,2026-05-01T00:00:00Z,Mobile,United States,Existing
USR11770,improved_results,2026-05-01T00:00:00Z,Mobile,Canada,Existing
USR11771,improved_results,2026-05-01T00:00:00Z,Desktop,United Kingdom,New
USR11772,improved_results,2026-05-01T00:00:00Z,Desktop,United States,New
USR11773,control,2026-05-01T00:00:00Z,Desktop,United Kingdom,Existing
USR11774,improved_results,2026-05-01T00:00:00Z,Mobile,United States,New
USR11775,control,2026-05-01T00:00:00Z,Mobile,Canada,Existing
USR11776,improved_results,2026-05-01T00:00:00Z,Desktop,United States,New
USR11777,improved_results,2026-05-01T00:00:00Z,TV,Other,New
USR11778,improved_results,2026-05-01T00:00:00Z,TV,United States,Existing
USR11779,control,2026-05-01T00:00:00Z,Mobile,United States,Existing
USR11780,control,2026-05-01T00:00:00Z,Desktop,United States,Existing
USR11781,improved_results,2026-05-01T00:00:00Z,Desktop,United States,New
USR11782,improved_results,2026-05-01T00:00:00Z,Mobile,United Kingdom,Existing
USR11783,improved_results,2026-05-01T00:00:00Z,Mobile,United States,New
USR11784,control,2026-05-01T00:00:00Z,Mobile,United States,Existing
USR11785,control,2026-05-01T00:00:00Z,Desktop,United Kingdom,Existing
USR11786,improved_results,2026-05-01T00:00:00Z,TV,United States,Existing
USR11787,improved_results,2026-05-01T00:00:00Z,Mobile,United States,Existing
USR11788,control,2026-05-01T00:00:00Z,Mobile,United States,Existing
USR11789,control,2026-05-01T00:00:00Z,Mobile,United States,Existing
USR11790,improved_results,2026-05-01T00:00:00Z,Mobile,United States,Existing
USR11791,control,2026-05-01T00:00:00Z,TV,United States,Existing
USR11792,control,2026-05-01T00:00:00Z,Desktop,United States,New
USR11793,control,2026-05-01T00:00:00Z,Desktop,United States,New
USR11794,control,2026-05-01T00:00:00Z,Mobile,United States,Existing
USR11795,improved_results,2026-05-01T00:00:00Z,Mobile,Other,Existing
USR11796,improved_results,2026-05-01T00:00:00Z,Mobile,Canada,New
USR11797,improved_results,2026-05-01T00:00:00Z,Desktop,United States,Existing
USR11798,improved_results,2026-05-01T00:00:00Z,Mobile,United States,Existing
USR11799,control,2026-05-01T00:00:00Z,Mobile,Other,Existing
USR11800,improved_results,2026-05-01T00:00:00Z,Mobile,United States,Existing
USR11801,improved_results,2026-05-01T00:00:00Z,Mobile,United States,Existing
USR11802,improved_results,2026-05-01T00:00:00Z,Mobile,Other,Existing
USR11803,improved_results,2026-05-01T00:00:00Z,Mobile,United States,Existing
USR11804,control,2026-05-01T00:00:00Z,Mobile,United States,New
USR11805,improved_results,2026-05-01T00:00:00Z,Desktop,Other,New
USR11806,improved_results,2026-05-01T00:00:00Z,Desktop,United States,New
USR11807,improved_results,2026-05-01T00:00:00Z,TV,Other,Existing
USR11808,improved_results,2026-05-01T00:00:00Z,Mobile,Other,New
USR11809,control,2026-05-01T00:00:00Z,Desktop,United States,Existing
USR11810,control,2026-05-01T00:00:00Z,Desktop,Other,Existing
USR11811,improved_results,2026-05-01T00:00:00Z,TV,United States,New
USR11812,improved_results,2026-05-01T00:00:00Z,TV,United States,Existing
USR11813,control,2026-05-01T00:00:00Z,Desktop,United States,Existing
USR11814,improved_results,2026-05-01T00:00:00Z,Desktop,United States,Existing
USR11815,improved_results,2026-05-01T00:00:00Z,Mobile,United States,Existing
USR11816,improved_results,2026-05-01T00:00:00Z,Mobile,United States,New
USR11817,improved_results,2026-05-01T00:00:00Z,Mobile,Other,Existing
USR11818,control,2026-05-01T00:00:00Z,Desktop,Other,Existing
USR11819,improved_results,2026-05-01T00:00:00Z,Desktop,United States,Existing
USR11820,improved_results,2026-05-01T00:00:00Z,Mobile,United States,New
USR11821,improved_results,2026-05-01T00:00:00Z,Desktop,United States,Existing
USR11822,improved_results,2026-05-01T00:00:00Z,Desktop,United Kingdom,Existing
USR11823,improved_results,2026-05-01T00:00:00Z,Desktop,United States,Existing
USR11824,improved_results,2026-05-01T00:00:00Z,Desktop,United States,Existing
USR11825,control,2026-05-01T00:00:00Z,Mobile,United States,Existing
USR11826,improved_results,2026-05-01T00:00:00Z,Mobile,United States,Existing
USR11827,control,2026-05-01T00:00:00Z,TV,Other,New
USR11828,control,2026-05-01T00:00:00Z,Desktop,Canada,Existing
USR11829,control,2026-05-01T00:00:00Z,TV,United States,Existing
USR11830,improved_results,2026-05-01T00:00:00Z,Mobile,United States,Existing
USR11831,improved_results,2026-05-01T00:00:00Z,Mobile,United States,New
USR11832,improved_results,2026-05-01T00:00:00Z,TV,United States,New
USR11833,improved_results,2026-05-01T00:00:00Z,Mobile,United States,Existing
USR11834,control,2026-05-01T00:00:00Z,Desktop,United Kingdom,New
USR11835,improved_results,2026-05-01T00:00:00Z,Desktop,Canada,Existing
USR11836,control,2026-05-01T00:00:00Z,Desktop,United States,Existing
USR11837,control,2026-05-01T00:00:00Z,Mobile,United States,Existing
USR11838,improved_results,2026-05-01T00:00:00Z,Desktop,United Kingdom,Existing
USR11839,control,2026-05-01T00:00:00Z,TV,United Kingdom,Existing
USR11840,control,2026-05-01T00:00:00Z,Mobile,United States,Existing
USR11841,improved_results,2026-05-01T00:00:00Z,Mobile,United States,Existing
USR11842,control,2026-05-01T00:00:00Z,Mobile,United States,Existing
USR11843,improved_results,2026-05-01T00:00:00Z,Desktop,Other,Existing
USR11844,control,2026-05-01T00:00:00Z,Mobile,United States,Existing
USR11845,improved_results,2026-05-01T00:00:00Z,Desktop,United Kingdom,New
USR11846,control,2026-05-01T00:00:00Z,Desktop,Canada,Existing
USR11847,improved_results,2026-05-01T00:00:00Z,TV,United Kingdom,Existing
USR11848,improved_results,2026-05-01T00:00:00Z,TV,United States,Existing
USR11849,improved_results,2026-05-01T00:00:00Z,Mobile,United States,Existing
USR11850,improved_results,2026-05-01T00:00:00Z,Mobile,Other,Existing
USR11851,improved_results,2026-05-01T00:00:00Z,Desktop,United States,Existing
USR11852,control,2026-05-01T00:00:00Z,Mobile,United States,Existing
USR11853,control,2026-05-01T00:00:00Z,Mobile,Other,Existing
USR11854,control,2026-05-01T00:00:00Z,Mobile,Canada,Existing
USR11855,improved_results,2026-05-01T00:00:00Z,Mobile,Canada,New
USR11856,improved_results,2026-05-01T00:00:00Z,Desktop,United States,Existing
USR11857,control,2026-05-01T00:00:00Z,TV,United Kingdom,New
USR11858,control,2026-05-01T00:00:00Z,Mobile,United States,New
USR11859,control,2026-05-01T00:00:00Z,Mobile,United States,Existing
USR11860,control,2026-05-01T00:00:00Z,Desktop,Canada,Existing
USR11861,improved_results,2026-05-01T00:00:00Z,Mobile,Other,Existing
USR11862,improved_results,2026-05-01T00:00:00Z,Mobile,United States,New
USR11863,improved_results,2026-05-01T00:00:00Z,Mobile,Other,Existing
USR11864,control,2026-05-01T00:00:00Z,Mobile,United States,Existing
USR11865,improved_results,2026-05-01T00:00:00Z,Desktop,Other,Existing
USR11866,control,2026-05-01T00:00:00Z,Mobile,United States,Existing
USR11867,improved_results,2026-05-01T00:00:00Z,Mobile,United States,Existing
USR11868,control,2026-05-01T00:00:00Z,Desktop,Other,Existing
USR11869,improved_results,2026-05-01T00:00:00Z,Desktop,United Kingdom,Existing
USR11870,control,2026-05-01T00:00:00Z,TV,Canada,Existing
USR11871,improved_results,2026-05-01T00:00:00Z,Mobile,United States,Existing
USR11872,control,2026-05-01T00:00:00Z,Mobile,United States,Existing
USR11873,control,2026-05-01T00:00:00Z,Mobile,United States,New
USR11874,control,2026-05-01T00:00:00Z,Mobile,Other,New
USR11875,improved_results,2026-05-01T00:00:00Z,Desktop,United States,Existing
USR11876,improved_results,2026-05-01T00:00:00Z,Mobile,United States,New
USR11877,control,2026-05-01T00:00:00Z,Mobile,United States,Existing
USR11878,improved_results,2026-05-01T00:00:00Z,Desktop,Canada,New
USR11879,control,2026-05-01T00:00:00Z,Mobile,United States,New
USR11880,control,2026-05-01T00:00:00Z,Mobile,United States,Existing
USR11881,improved_results,2026-05-01T00:00:00Z,Mobile,United States,Existing
USR11882,improved_results,2026-05-01T00:00:00Z,Desktop,United States,Existing
USR11883,improved_results,2026-05-01T00:00:00Z,Mobile,United Kingdom,Existing
USR11884,control,2026-05-01T00:00:00Z,Desktop,United States,Existing
USR11885,control,2026-05-01T00:00:00Z,Mobile,United States,New
USR11886,improved_results,2026-05-01T00:00:00Z,TV,United Kingdom,Existing
USR11887,control,2026-05-01T00:00:00Z,Mobile,United Kingdom,Existing
USR11888,control,2026-05-01T00:00:00Z,Mobile,United Kingdom,Existing
USR11889,control,2026-05-01T00:00:00Z,TV,United States,Existing
USR11890,control,2026-05-01T00:00:00Z,Mobile,United Kingdom,New
USR11891,improved_results,2026-05-01T00:00:00Z,Mobile,United Kingdom,Existing
USR11892,control,2026-05-01T00:00:00Z,Desktop,United States,Existing
USR11893,improved_results,2026-05-01T00:00:00Z,Desktop,Other,Existing
USR11894,improved_results,2026-05-01T00:00:00Z,Mobile,United States,Existing
USR11895,improved_results,2026-05-01T00:00:00Z,TV,United States,Existing
USR11896,improved_results,2026-05-01T00:00:00Z,Mobile,United States,New
USR11897,control,2026-05-01T00:00:00Z,Mobile,Other,Existing
USR11898,improved_results,2026-05-01T00:00:00Z,Desktop,United States,Existing
USR11899,improved_results,2026-05-01T00:00:00Z,Mobile,United States,New
USR11900,control,2026-05-01T00:00:00Z,Mobile,United States,Existing
USR11901,control,2026-05-01T00:00:00Z,Desktop,Other,Existing
USR11902,control,2026-05-01T00:00:00Z,Mobile,United States,Existing
USR11903,control,2026-05-01T00:00:00Z,TV,Other,Existing
USR11904,control,2026-05-01T00:00:00Z,Mobile,Canada,Existing
USR11905,control,2026-05-01T00:00:00Z,Desktop,United States,New
USR11906,control,2026-05-01T00:00:00Z,Desktop,Other,Existing
USR11907,control,2026-05-01T00:00:00Z,Desktop,United States,Existing
USR11908,improved_results,2026-05-01T00:00:00Z,Mobile,Other,Existing
USR11909,control,2026-05-01T00:00:00Z,Mobile,United States,Existing
USR11910,improved_results,2026-05-01T00:00:00Z,Mobile,Other,Existing
USR11911,improved_results,2026-05-01T00:00:00Z,Desktop,Other,Existing
USR11912,improved_results,2026-05-01T00:00:00Z,Mobile,Other,New
USR11913,control,2026-05-01T00:00:00Z,Mobile,Canada,New
USR11914,control,2026-05-01T00:00:00Z,Desktop,United States,Existing
USR11915,improved_results,2026-05-01T00:00:00Z,Mobile,United States,Existing
USR11916,improved_results,2026-05-01T00:00:00Z,Mobile,United Kingdom,Existing
USR11917,control,2026-05-01T00:00:00Z,Mobile,United Kingdom,Existing
USR11918,improved_results,2026-05-01T00:00:00Z,Desktop,United Kingdom,Existing
USR11919,control,2026-05-01T00:00:00Z,Mobile,United Kingdom,Existing
USR11920,control,2026-05-01T00:00:00Z,Mobile,Other,Existing
USR11921,control,2026-05-01T00:00:00Z,Mobile,United States,Existing
USR11922,improved_results,2026-05-01T00:00:00Z,Mobile,Other,New
USR11923,control,2026-05-01T00:00:00Z,Mobile,United States,New
USR11924,improved_results,2026-05-01T00:00:00Z,Mobile,United States,New
USR11925,control,2026-05-01T00:00:00Z,Mobile,Other,Existing
USR11926,improved_results,2026-05-01T00:00:00Z,Mobile,United States,New
USR11927,improved_results,2026-05-01T00:00:00Z,Mobile,United States,New
USR11928,control,2026-05-01T00:00:00Z,Desktop,United States,New
USR11929,control,2026-05-01T00:00:00Z,Mobile,United States,Existing
USR11930,improved_results,2026-05-01T00:00:00Z,Mobile,Other,Existing
USR11931,control,2026-05-01T00:00:00Z,Mobile,United States,New
USR11932,improved_results,2026-05-01T00:00:00Z,TV,Canada,New
USR11933,control,2026-05-01T00:00:00Z,TV,United States,Existing
USR11934,control,2026-05-01T00:00:00Z,Desktop,Other,New
USR11935,control,2026-05-01T00:00:00Z,Mobile,United States,Existing
USR11936,improved_results,2026-05-01T00:00:00Z,Mobile,Other,New
USR11937,control,2026-05-01T00:00:00Z,Desktop,United States,Existing
USR11938,control,2026-05-01T00:00:00Z,Desktop,United States,Existing
USR11939,improved_results,2026-05-01T00:00:00Z,TV,United States,Existing
USR11940,control,2026-05-01T00:00:00Z,Mobile,United Kingdom,Existing
USR11941,control,2026-05-01T00:00:00Z,Desktop,United Kingdom,New
USR11942,control,2026-05-01T00:00:00Z,Desktop,United States,Existing
USR11943,improved_results,2026-05-01T00:00:00Z,Mobile,United States,Existing
USR11944,control,2026-05-01T00:00:00Z,Mobile,United States,Existing
USR11945,improved_results,2026-05-01T00:00:00Z,Mobile,United Kingdom,Existing
USR11946,control,2026-05-01T00:00:00Z,Mobile,United States,Existing
USR11947,improved_results,2026-05-01T00:00:00Z,Mobile,United States,Existing
USR11948,improved_results,2026-05-01T00:00:00Z,Mobile,United States,Existing
USR11949,improved_results,2026-05-01T00:00:00Z,Desktop,United States,New
USR11950,improved_results,2026-05-01T00:00:00Z,Mobile,Canada,Existing
USR11951,improved_results,2026-05-01T00:00:00Z,Desktop,United States,Existing
USR11952,improved_results,2026-05-01T00:00:00Z,Desktop,United States,Existing
USR11953,control,2026-05-01T00:00:00Z,Desktop,United States,Existing
USR11954,improved_results,2026-05-01T00:00:00Z,Mobile,United Kingdom,Existing
USR11955,improved_results,2026-05-01T00:00:00Z,Mobile,Canada,Existing
USR11956,control,2026-05-01T00:00:00Z,Mobile,United States,New
USR11957,improved_results,2026-05-01T00:00:00Z,Mobile,United States,Existing
USR11958,control,2026-05-01T00:00:00Z,TV,United States,Existing
USR11959,control,2026-05-01T00:00:00Z,Mobile,United States,Existing
USR11960,improved_results,2026-05-01T00:00:00Z,TV,Canada,Existing
USR11961,control,2026-05-01T00:00:00Z,Desktop,Other,Existing
USR11962,control,2026-05-01T00:00:00Z,Mobile,United States,Existing
USR11963,control,2026-05-01T00:00:00Z,Desktop,United States,Existing
USR11964,improved_results,2026-05-01T00:00:00Z,Mobile,United States,Existing
USR11965,improved_results,2026-05-01T00:00:00Z,Desktop,United States,New
USR11966,control,2026-05-01T00:00:00Z,TV,Canada,Existing
USR11967,improved_results,2026-05-01T00:00:00Z,Desktop,United States,Existing
USR11968,improved_results,2026-05-01T00:00:00Z,Mobile,United States,Existing
USR11969,control,2026-05-01T00:00:00Z,Mobile,United States,Existing
USR11970,improved_results,2026-05-01T00:00:00Z,TV,Other,Existing
USR11971,control,2026-05-01T00:00:00Z,Mobile,United States,New
USR11972,control,2026-05-01T00:00:00Z,Mobile,United States,Existing
USR11973,improved_results,2026-05-01T00:00:00Z,Desktop,United States,New
USR11974,control,2026-05-01T00:00:00Z,TV,United States,New
USR11975,control,2026-05-01T00:00:00Z,Mobile,United States,New
USR11976,improved_results,2026-05-01T00:00:00Z,Mobile,Canada,Existing
USR11977,improved_results,2026-05-01T00:00:00Z,Desktop,United States,Existing
USR11978,improved_results,2026-05-01T00:00:00Z,Mobile,United States,Existing
USR11979,control,2026-05-01T00:00:00Z,Desktop,United States,New
USR11980,improved_results,2026-05-01T00:00:00Z,Desktop,United Kingdom,Existing
USR11981,control,2026-05-01T00:00:00Z,Desktop,Other,Existing
USR11982,control,2026-05-01T00:00:00Z,TV,Other,Existing
USR11983,improved_results,2026-05-01T00:00:00Z,Desktop,United States,Existing
USR11984,improved_results,2026-05-01T00:00:00Z,Mobile,United States,Existing
USR11985,improved_results,2026-05-01T00:00:00Z,Mobile,Other,New
USR11986,control,2026-05-01T00:00:00Z,Desktop,United Kingdom,Existing
USR11987,control,2026-05-01T00:00:00Z,Mobile,Canada,Existing
USR11988,improved_results,2026-05-01T00:00:00Z,Desktop,United States,Existing
USR11989,improved_results,2026-05-01T00:00:00Z,Mobile,United States,New
USR11990,improved_results,2026-05-01T00:00:00Z,Mobile,United States,New
USR11991,control,2026-05-01T00:00:00Z,Desktop,Other,Existing
USR11992,improved_results,2026-05-01T00:00:00Z,Mobile,United States,Existing
USR11993,improved_results,2026-05-01T00:00:00Z,Mobile,Canada,Existing
USR11994,improved_results,2026-05-01T00:00:00Z,Mobile,Canada,New
USR11995,control,2026-05-01T00:00:00Z,TV,United States,Existing
USR11996,improved_results,2026-05-01T00:00:00Z,Desktop,United States,Existing
USR11997,improved_results,2026-05-01T00:00:00Z,Mobile,United States,Existing
USR11998,control,2026-05-01T00:00:00Z,Mobile,United Kingdom,New
USR11999,improved_results,2026-05-01T00:00:00Z,TV,Other,Existing
USR12000,control,2026-05-01T00:00:00Z,Desktop,United States,Existing
